s2_token,total
8085800624000000,1
808580062c000000,1
8085800634000000,1
8085800784000000,1
808580078c000000,1
8085800794000000,1
80858007bc000000,1
80858007c4000000,1
80858007cc000000,1
80858007d4000000,1
80858007dc000000,1
80858007e4000000,1
80858007ec000000,1
80858007f4000000,1
80858007fc000000,1
8085800804000000,1
808580080c000000,1
8085800814000000,1
808580081c000000,1
8085800824000000,1
808580082c000000,1
8085800834000000,1
808580083c000000,1
8085800844000000,1
808580084c000000,1
8085800854000000,1
808580085c000000,1
8085800864000000,1
808580086c000000,1
8085800874000000,1
808580087c000000,1
8085800884000000,1
808580088c000000,1
8085800894000000,1
808580089c000000,1
80858008a4000000,1
80858008b4000000,1
80858008bc000000,1
80858008c4000000,1
80858008cc000000,1
80858008d4000000,1
80858008dc000000,1
80858008e4000000,1
80858008ec000000,1
80858008f4000000,1
80858008fc000000,1
8085800904000000,1
808580090c000000,1
8085800914000000,1
808580091c000000,1
8085800924000000,1
808580092c000000,1
8085800934000000,1
808580093c000000,1
8085800944000000,1
808580094c000000,1
8085800954000000,1
808580095c000000,1
8085800964000000,1
808580096c000000,1
8085800974000000,1
808580097c000000,1
8085800984000000,1
808580098c000000,1
8085800994000000,1
808580099c000000,1
80858009a4000000,1
80858009ac000000,1
80858009b4000000,1
80858009bc000000,1
80858009c4000000,1
80858009cc000000,1
80858009d4000000,1
80858009dc000000,1
80858009e4000000,1
80858009ec000000,1
80858009f4000000,1
80858009fc000000,1
8085800a04000000,1
8085800a0c000000,2
8085800a14000000,1
8085800a1c000000,1
8085800a24000000,1
8085800a2c000000,1
8085800a34000000,1
8085800a3c000000,1
8085800a44000000,1
8085800a4c000000,1
8085800a54000000,1
8085800a5c000000,1
8085800a64000000,1
8085800a6c000000,1
8085800a74000000,2
8085800a7c000000,2
8085800a84000000,2
8085800a8c000000,1
8085800a94000000,1
8085800a9c000000,2
8085800aa4000000,2
8085800aac000000,2
8085800ab4000000,2
8085800abc000000,2
8085800ac4000000,1
8085800acc000000,1
8085800ad4000000,1
8085800adc000000,1
8085800ae4000000,1
8085800aec000000,1
8085800af4000000,1
8085800afc000000,1
8085800b04000000,1
8085800b0c000000,1
8085800b14000000,1
8085800b1c000000,1
8085800b24000000,1
8085800b2c000000,1
8085800b34000000,1
8085800b3c000000,1
8085800b44000000,1
8085800b4c000000,1
8085800b54000000,1
8085800b5c000000,1
8085800b64000000,1
8085800b6c000000,1
8085800b74000000,1
8085800b7c000000,1
8085800b84000000,1
8085800b8c000000,1
8085800b94000000,1
8085800b9c000000,1
8085800ba4000000,1
8085800bac000000,1
8085800bb4000000,1
8085800bbc000000,1
8085800bc4000000,1
8085800bcc000000,1
8085800bd4000000,1
8085800bdc000000,1
8085800be4000000,1
8085800bec000000,1
8085800bf4000000,1
8085800bfc000000,1
8085800c04000000,1
8085800c0c000000,1
8085800c14000000,1
8085800c1c000000,1
8085800c24000000,1
8085800c2c000000,1
8085800c34000000,1
8085800c3c000000,1
8085800c44000000,1
8085800c4c000000,1
8085800c54000000,1
8085800c5c000000,1
8085800c64000000,1
8085800c6c000000,1
8085800c74000000,1
8085800c7c000000,1
8085800c84000000,1
8085800c8c000000,1
8085800c94000000,1
8085800c9c000000,1
8085800ca4000000,1
8085800cac000000,1
8085800cb4000000,1
8085800cbc000000,1
8085800cc4000000,1
8085800ccc000000,1
8085800cd4000000,1
8085800cdc000000,1
8085800ce4000000,1
8085800cec000000,1
8085800cf4000000,1
8085800cfc000000,1
8085800d04000000,1
8085800d0c000000,1
8085800d14000000,1
8085800d1c000000,1
8085800d24000000,1
8085800d2c000000,1
8085800d34000000,1
8085800d3c000000,1
8085800d44000000,1
8085800d4c000000,1
8085800d54000000,1
8085800d5c000000,1
8085800d64000000,1
8085800d6c000000,1
8085800d74000000,1
8085800d7c000000,1
8085800d84000000,1
8085800d8c000000,1
8085800d94000000,1
8085800d9c000000,1
8085800da4000000,1
8085800dac000000,1
8085800db4000000,1
8085800dbc000000,1
8085800dc4000000,1
8085800dcc000000,1
8085800dd4000000,1
8085800ddc000000,1
8085800de4000000,1
8085800dec000000,1
8085800df4000000,1
8085800dfc000000,1
8085800e0c000000,1
8085800e5c000000,1
8085800e64000000,1
8085800e6c000000,1
8085800e74000000,1
8085800e7c000000,1
8085800e84000000,1
8085800e8c000000,1
8085800e94000000,1
8085800e9c000000,1
8085800ea4000000,1
8085800eac000000,1
8085800eb4000000,1
8085800ebc000000,1
8085800ec4000000,1
8085800ecc000000,1
8085800ed4000000,1
8085800edc000000,1
8085800ee4000000,1
8085800eec000000,1
8085800ef4000000,1
8085800f24000000,1
8085800f2c000000,1
8085800f34000000,1
808580120c000000,1
808580125c000000,1
8085801264000000,1
808580126c000000,1
8085801274000000,1
808580127c000000,1
8085801284000000,1
808580128c000000,1
8085801294000000,1
808580129c000000,1
80858012a4000000,1
80858012ac000000,1
80858012b4000000,1
80858012bc000000,1
80858012c4000000,1
80858012cc000000,1
80858012d4000000,1
80858012dc000000,1
80858012e4000000,1
80858012ec000000,1
80858012f4000000,1
80858012fc000000,1
808580131c000000,1
8085801324000000,1
808580132c000000,1
8085801334000000,1
808580133c000000,1
808580134c000000,1
80858042ac000000,1
80858042b4000000,1
80858042cc000000,1
80858042d4000000,1
808580432c000000,1
80858044dc000000,1
8085804504000000,1
808580450c000000,1
8085804514000000,1
808580451c000000,1
8085804524000000,1
808580452c000000,1
8085804534000000,1
808580453c000000,1
8085804544000000,1
808580454c000000,1
8085804554000000,1
808580455c000000,1
8085804564000000,1
808580456c000000,1
8085804574000000,1
808580457c000000,1
8085804584000000,1
808580458c000000,1
8085804594000000,1
808580459c000000,1
80858045a4000000,1
80858045ac000000,1
80858045b4000000,1
80858045bc000000,1
80858045c4000000,1
80858045cc000000,1
80858045ec000000,1
80858045f4000000,1
80858045fc000000,1
8085804c2c000000,1
8085804c34000000,1
8085804d0c000000,1
8085804d5c000000,1
8085804d64000000,1
8085804d6c000000,1
8085804d74000000,1
8085804d7c000000,1
8085804d84000000,1
8085804d8c000000,1
8085804d94000000,1
8085804d9c000000,1
8085804da4000000,1
8085804db4000000,1
8085804dbc000000,1
8085804dc4000000,1
8085804dcc000000,1
8085804dd4000000,1
8085804ddc000000,1
8085804de4000000,1
8085804dec000000,1
8085804df4000000,1
8085804dfc000000,1
8085804e04000000,1
8085804e0c000000,1
8085804e14000000,1
8085804e1c000000,1
8085804e24000000,1
8085804e2c000000,1
8085804e34000000,1
8085804e3c000000,1
8085804e44000000,1
8085804e4c000000,1
8085804e54000000,1
8085804e5c000000,1
8085804e64000000,1
8085804e6c000000,1
8085804e74000000,1
8085804e7c000000,1
8085804e84000000,1
8085804e8c000000,1
8085804e94000000,1
8085804e9c000000,1
8085804ec4000000,1
8085804edc000000,1
8085804ee4000000,1
8085804eec000000,1
8085804ef4000000,1
8085804efc000000,1
8085804f04000000,1
8085804f0c000000,1
8085804f14000000,1
8085804f1c000000,1
8085804f24000000,1
8085804f34000000,1
8085804f3c000000,1
8085804f44000000,1
8085804f4c000000,1
8085804f54000000,1
8085804f5c000000,1
8085804f64000000,1
8085804f6c000000,1
8085804f74000000,1
8085804f7c000000,1
8085804f84000000,1
8085804f8c000000,1
8085804f94000000,1
8085804f9c000000,1
8085804fa4000000,1
8085804fac000000,1
8085804fb4000000,1
8085804fbc000000,1
8085804fc4000000,1
8085804fcc000000,1
8085804fd4000000,1
8085804fdc000000,1
8085804fe4000000,1
8085804fec000000,1
8085804ff4000000,1
8085804ffc000000,1
8085805004000000,1
808580500c000000,1
8085805014000000,1
808580501c000000,1
8085805024000000,1
808580502c000000,1
8085805034000000,1
808580503c000000,1
8085805044000000,1
808580504c000000,1
8085805054000000,1
808580505c000000,1
8085805064000000,1
808580506c000000,1
8085805074000000,1
808580507c000000,1
8085805084000000,1
808580508c000000,1
8085805094000000,1
808580509c000000,1
80858050a4000000,1
80858050ac000000,1
80858050b4000000,1
80858050bc000000,1
80858050c4000000,1
80858050cc000000,1
80858050d4000000,1
80858050dc000000,1
80858050e4000000,1
80858050ec000000,1
80858050f4000000,1
80858050fc000000,1
8085805104000000,1
808580510c000000,1
8085805114000000,1
808580511c000000,1
8085805124000000,1
808580512c000000,1
8085805134000000,1
808580513c000000,1
8085805144000000,1
808580514c000000,1
8085805154000000,1
808580515c000000,1
8085805164000000,1
808580516c000000,1
8085805174000000,1
808580517c000000,1
8085805184000000,1
808580518c000000,1
8085805194000000,1
808580519c000000,1
80858051a4000000,1
80858051ac000000,1
80858051b4000000,1
80858051bc000000,1
80858051c4000000,1
80858051cc000000,1
80858051d4000000,1
80858051dc000000,1
80858051e4000000,1
80858051ec000000,1
80858051f4000000,1
80858051fc000000,1
8085805204000000,1
808580520c000000,1
8085805214000000,1
808580521c000000,1
8085805224000000,1
808580522c000000,1
8085805234000000,1
808580523c000000,1
8085805244000000,1
808580524c000000,1
8085805254000000,1
808580525c000000,1
8085805264000000,1
808580526c000000,1
8085805274000000,1
808580527c000000,1
8085805284000000,1
808580528c000000,1
8085805294000000,1
808580529c000000,1
80858052a4000000,1
80858052ac000000,1
80858052b4000000,1
80858052bc000000,1
80858052c4000000,1
80858052cc000000,1
80858052d4000000,1
80858052dc000000,1
80858052e4000000,1
80858052ec000000,1
80858052f4000000,1
80858052fc000000,1
8085805304000000,1
808580530c000000,1
8085805314000000,1
808580531c000000,1
8085805324000000,1
808580532c000000,1
8085805334000000,1
808580533c000000,1
8085805344000000,1
808580534c000000,1
8085805354000000,1
808580535c000000,1
8085805364000000,1
808580536c000000,1
8085805374000000,1
808580537c000000,1
8085805384000000,1
808580538c000000,1
8085805394000000,1
808580539c000000,1
80858053a4000000,1
80858053ac000000,1
80858053b4000000,1
80858053bc000000,1
80858053c4000000,1
80858053cc000000,1
80858053d4000000,1
80858053dc000000,1
80858053e4000000,1
80858053ec000000,1
80858053f4000000,1
80858053fc000000,1
8085805404000000,1
808580540c000000,1
8085805414000000,1
808580541c000000,1
8085805424000000,1
808580542c000000,1
8085805434000000,1
808580543c000000,1
8085805444000000,1
808580544c000000,1
8085805454000000,1
808580545c000000,1
8085805464000000,1
808580546c000000,1
8085805474000000,1
808580547c000000,1
8085805484000000,1
808580548c000000,1
8085805494000000,1
808580549c000000,1
80858054a4000000,1
80858054ac000000,1
80858054b4000000,1
80858054bc000000,1
80858054c4000000,1
80858054cc000000,1
80858054d4000000,1
80858054dc000000,1
80858054e4000000,1
80858054ec000000,1
80858054f4000000,1
80858054fc000000,1
8085805504000000,1
808580550c000000,1
8085805514000000,1
808580551c000000,1
8085805524000000,1
808580552c000000,1
8085805534000000,1
808580553c000000,1
8085805544000000,1
808580554c000000,1
8085805554000000,1
808580555c000000,1
8085805564000000,1
808580556c000000,1
8085805574000000,1
808580557c000000,1
8085805584000000,1
808580558c000000,1
8085805594000000,1
808580559c000000,1
80858055a4000000,1
80858055ac000000,1
80858055b4000000,1
80858055bc000000,1
80858055c4000000,1
80858055cc000000,1
80858055d4000000,1
80858055dc000000,1
80858055e4000000,1
80858055ec000000,1
80858055f4000000,1
80858055fc000000,1
8085805604000000,1
808580560c000000,1
8085805614000000,1
808580561c000000,1
8085805624000000,1
808580562c000000,1
8085805634000000,1
808580563c000000,1
8085805644000000,1
808580564c000000,1
8085805654000000,1
808580565c000000,1
8085805664000000,1
808580566c000000,1
8085805674000000,1
808580567c000000,1
8085805684000000,1
808580568c000000,1
8085805694000000,1
808580569c000000,1
80858056a4000000,1
80858056ac000000,1
80858056b4000000,1
80858056bc000000,1
80858056c4000000,1
80858056cc000000,1
80858056d4000000,1
80858056dc000000,1
80858056e4000000,1
80858056ec000000,1
80858056f4000000,1
80858056fc000000,1
8085805704000000,1
808580570c000000,1
8085805714000000,1
808580571c000000,1
8085805724000000,1
808580572c000000,1
8085805734000000,1
808580573c000000,1
8085805744000000,1
808580574c000000,1
8085805754000000,1
808580575c000000,1
8085805764000000,1
808580576c000000,1
8085805774000000,1
808580577c000000,1
8085805784000000,1
808580578c000000,1
8085805794000000,1
808580579c000000,1
80858057a4000000,1
80858057ac000000,1
80858057b4000000,1
80858057bc000000,1
80858057c4000000,1
80858057cc000000,1
80858057d4000000,1
80858057dc000000,1
80858057e4000000,1
80858057ec000000,1
80858057f4000000,1
80858057fc000000,1
8085805804000000,1
808580580c000000,1
8085805814000000,1
808580581c000000,1
8085805824000000,1
808580582c000000,1
8085805834000000,1
808580583c000000,1
8085805844000000,1
808580584c000000,1
8085805854000000,1
808580585c000000,1
8085805864000000,1
808580586c000000,1
8085805874000000,1
808580587c000000,1
8085805884000000,1
808580588c000000,1
8085805894000000,1
808580589c000000,1
80858058a4000000,1
80858058ac000000,1
80858058b4000000,1
80858058bc000000,1
80858058c4000000,1
80858058cc000000,1
80858058d4000000,1
80858058dc000000,1
80858058e4000000,1
80858058ec000000,1
80858058f4000000,1
80858058fc000000,1
8085805904000000,1
808580590c000000,1
8085805914000000,1
808580591c000000,1
8085805924000000,1
808580592c000000,1
8085805934000000,1
808580593c000000,1
8085805944000000,1
808580594c000000,1
808580595c000000,1
8085805964000000,1
808580596c000000,1
8085805974000000,1
808580597c000000,1
8085805984000000,1
808580598c000000,1
8085805994000000,1
808580599c000000,1
80858059a4000000,1
80858059ac000000,1
80858059b4000000,1
80858059bc000000,1
80858059c4000000,1
80858059cc000000,1
80858059d4000000,1
80858059dc000000,1
80858059e4000000,1
80858059ec000000,1
80858059f4000000,1
80858059fc000000,1
8085805a04000000,1
8085805a0c000000,1
8085805a14000000,1
8085805a1c000000,1
8085805a24000000,1
8085805a2c000000,1
8085805a3c000000,1
8085805a44000000,1
8085805a5c000000,1
8085805a64000000,1
8085805a6c000000,1
8085805a74000000,1
8085805a7c000000,1
8085805a84000000,1
8085805a8c000000,1
8085805a94000000,1
8085805a9c000000,1
8085805aa4000000,1
8085805aac000000,1
8085805ab4000000,1
8085805abc000000,1
8085805ac4000000,1
8085805acc000000,1
8085805ad4000000,1
8085805adc000000,1
8085805ae4000000,1
8085805aec000000,1
8085805af4000000,1
8085805c0c000000,1
8085805c14000000,1
8085805c1c000000,1
8085805c24000000,1
8085805c2c000000,1
8085805c34000000,1
8085805c3c000000,1
8085805c44000000,1
8085805c4c000000,1
8085805c54000000,1
8085805c5c000000,1
8085805c64000000,1
8085805c6c000000,1
8085805c74000000,1
8085805c7c000000,1
8085805c84000000,1
8085805c8c000000,1
8085805c94000000,1
8085805c9c000000,1
8085805cb4000000,1
8085805cbc000000,1
8085805cc4000000,1
8085805ccc000000,1
8085805cd4000000,1
8085805cdc000000,1
8085805ce4000000,1
8085805cec000000,1
8085805cf4000000,1
8085805cfc000000,1
8085805d04000000,1
8085805d0c000000,1
8085805d14000000,1
8085805d1c000000,1
8085805d24000000,1
8085805d2c000000,1
8085805d34000000,1
8085805d3c000000,1
8085805d44000000,1
8085805d4c000000,1
8085805d54000000,1
8085805d5c000000,1
8085805d64000000,1
8085805d6c000000,1
8085805d74000000,1
8085805d7c000000,1
8085805d84000000,1
8085805d8c000000,1
8085805d94000000,1
8085805d9c000000,1
8085805da4000000,1
8085805dac000000,1
8085805db4000000,1
8085805dbc000000,1
8085805dc4000000,1
8085805dcc000000,1
8085805dd4000000,1
8085805ddc000000,1
8085805de4000000,1
8085805dec000000,1
8085805df4000000,1
8085805dfc000000,1
8085805e04000000,2
8085805e0c000000,2
8085805e14000000,2
8085805e1c000000,2
8085805e24000000,2
8085805e2c000000,1
8085805e34000000,1
8085805e3c000000,2
8085805e44000000,1
8085805e4c000000,1
8085805e54000000,1
8085805e5c000000,1
8085805e64000000,1
8085805e6c000000,2
8085805e74000000,2
8085805e7c000000,1
8085805ec4000000,1
8085805ecc000000,1
8085805ed4000000,1
8085805edc000000,1
8085805ee4000000,2
8085805ef4000000,1
8085805efc000000,1
8085805f04000000,2
8085805f0c000000,2
8085805f14000000,2
8085805f1c000000,2
8085805f24000000,2
8085805f2c000000,1
8085805f34000000,1
8085805f3c000000,2
8085805f44000000,2
8085805f4c000000,1
8085805f54000000,1
8085805f5c000000,1
8085805f64000000,2
8085805f6c000000,2
8085805f74000000,2
8085805f7c000000,2
8085805f84000000,2
8085805f8c000000,1
8085805f94000000,1
8085805f9c000000,1
8085805fa4000000,1
8085805fac000000,1
8085805fb4000000,1
8085805fbc000000,1
8085805fc4000000,1
8085805fcc000000,1
8085805fd4000000,1
8085805fdc000000,1
8085805fe4000000,1
8085805fec000000,1
8085805ff4000000,1
8085805ffc000000,1
8085806004000000,1
808580600c000000,1
8085806014000000,1
808580601c000000,1
8085806024000000,1
808580602c000000,1
8085806034000000,1
808580603c000000,1
8085806044000000,1
808580604c000000,1
8085806054000000,1
808580605c000000,1
8085806064000000,1
808580606c000000,1
8085806074000000,1
808580607c000000,1
8085806084000000,1
808580608c000000,1
8085806094000000,1
808580609c000000,2
80858060a4000000,2
80858060ac000000,2
80858060b4000000,2
80858060bc000000,2
80858060c4000000,1
80858060cc000000,2
80858060d4000000,1
80858060dc000000,1
80858060e4000000,1
80858060ec000000,1
80858060f4000000,1
80858060fc000000,1
8085806104000000,1
808580610c000000,1
8085806114000000,1
808580611c000000,1
8085806124000000,1
808580612c000000,1
8085806134000000,1
808580613c000000,1
8085806144000000,1
808580614c000000,1
8085806154000000,1
808580615c000000,1
8085806164000000,1
808580616c000000,1
8085806174000000,1
808580617c000000,1
8085806184000000,1
808580618c000000,2
8085806194000000,1
808580619c000000,1
80858061a4000000,1
80858061ac000000,1
80858061b4000000,1
80858061bc000000,1
80858061c4000000,1
80858061cc000000,1
80858061d4000000,1
80858061dc000000,2
80858061e4000000,2
80858061ec000000,1
80858061f4000000,2
80858061fc000000,3
8085806204000000,3
808580620c000000,3
8085806214000000,2
808580621c000000,2
8085806224000000,2
808580622c000000,2
8085806234000000,2
808580623c000000,2
8085806244000000,2
808580624c000000,2
8085806254000000,2
808580625c000000,2
8085806264000000,2
808580626c000000,2
8085806274000000,3
808580627c000000,4
8085806284000000,4
808580628c000000,3
8085806294000000,3
808580629c000000,4
80858062a4000000,4
80858062ac000000,4
80858062b4000000,3
80858062bc000000,3
80858062c4000000,3
80858062cc000000,3
80858062d4000000,2
80858062dc000000,3
80858062e4000000,3
80858062ec000000,3
80858062f4000000,3
80858062fc000000,3
8085806304000000,2
808580630c000000,2
8085806314000000,3
808580631c000000,3
8085806324000000,3
808580632c000000,2
8085806334000000,2
808580633c000000,3
8085806344000000,2
808580634c000000,2
8085806354000000,2
808580635c000000,2
8085806364000000,1
808580636c000000,1
8085806374000000,2
808580637c000000,1
8085806384000000,1
808580638c000000,1
8085806394000000,1
808580639c000000,1
80858063a4000000,2
80858063ac000000,2
80858063b4000000,2
80858063bc000000,2
80858063c4000000,1
80858063cc000000,2
80858063d4000000,1
80858063dc000000,1
80858063e4000000,1
80858063ec000000,1
80858063f4000000,1
80858063fc000000,1
8085806404000000,1
808580640c000000,1
8085806414000000,1
808580641c000000,1
8085806424000000,1
808580643c000000,1
8085806444000000,1
808580645c000000,1
8085806464000000,1
808580646c000000,1
8085806474000000,1
808580647c000000,1
8085806484000000,1
808580648c000000,1
8085806494000000,1
808580649c000000,1
80858064a4000000,1
80858064ac000000,2
80858064f4000000,1
808580662c000000,1
8085806634000000,1
80858066a4000000,1
80858066ac000000,1
80858066b4000000,1
80858066bc000000,1
80858066c4000000,1
80858066cc000000,1
80858066d4000000,1
808580670c000000,1
8085806714000000,1
808580672c000000,1
8085806734000000,2
808580673c000000,1
8085806744000000,1
808580674c000000,2
8085806754000000,2
808580675c000000,1
8085806764000000,1
808580676c000000,1
8085806774000000,1
808580677c000000,1
8085806784000000,1
808580678c000000,1
8085806794000000,1
808580679c000000,1
80858067a4000000,1
80858067bc000000,1
80858067c4000000,1
80858067cc000000,1
80858067d4000000,1
80858067dc000000,1
80858067e4000000,1
80858067ec000000,1
80858067f4000000,1
80858067fc000000,1
8085806804000000,1
808580680c000000,1
8085806814000000,1
808580681c000000,1
8085806844000000,1
8085806854000000,1
808580685c000000,1
8085806864000000,1
808580686c000000,1
8085806874000000,1
808580687c000000,1
8085806884000000,1
808580688c000000,1
8085806894000000,1
808580689c000000,1
80858068bc000000,1
80858068c4000000,1
80858068dc000000,1
80858068e4000000,1
80858068ec000000,1
80858068f4000000,1
80858068fc000000,1
8085806c2c000000,1
8085806c34000000,1
8085806c3c000000,1
8085806c44000000,1
8085806c4c000000,1
8085806c54000000,1
8085806c5c000000,1
8085806c64000000,1
8085806c6c000000,1
8085806c8c000000,1
8085806c94000000,1
8085806cb4000000,1
8085806cbc000000,1
8085806cc4000000,1
8085806ccc000000,1
8085806cd4000000,1
8085806cdc000000,1
8085806ce4000000,1
8085806cec000000,1
8085806cf4000000,1
8085806cfc000000,1
8085806d04000000,1
8085806d0c000000,1
8085806d14000000,1
8085806d1c000000,1
8085806d24000000,1
8085806d2c000000,1
8085806d34000000,1
8085806d3c000000,1
8085806d44000000,1
8085806d4c000000,1
8085806d54000000,1
8085806d5c000000,1
8085806d64000000,1
8085806d6c000000,1
8085806d74000000,1
8085806d7c000000,1
8085806d84000000,1
8085806d8c000000,1
8085806d94000000,1
8085806d9c000000,1
8085806da4000000,1
8085806dac000000,1
8085806db4000000,1
8085806dbc000000,1
8085806dc4000000,1
8085806dcc000000,1
8085806dd4000000,1
8085806ddc000000,1
8085806de4000000,1
8085806dec000000,1
8085806df4000000,1
8085806dfc000000,1
8085806e04000000,1
8085806e0c000000,1
8085806e14000000,1
8085806e1c000000,1
8085806e24000000,1
8085806e2c000000,1
8085806e3c000000,1
8085806e6c000000,1
8085806e74000000,1
8085806e7c000000,1
8085806fd4000000,1
808580700c000000,1
8085807014000000,1
8085807024000000,1
808580702c000000,1
8085807034000000,1
808580703c000000,1
8085807044000000,1
808580704c000000,1
8085807054000000,1
808580705c000000,1
8085807064000000,1
808580706c000000,1
8085807074000000,1
808580707c000000,1
8085807084000000,1
808580708c000000,1
8085807094000000,1
808580709c000000,1
80858070a4000000,2
80858070ac000000,2
80858070b4000000,2
80858070bc000000,1
80858070c4000000,1
80858070cc000000,1
80858070d4000000,1
80858070dc000000,1
80858070e4000000,1
80858070ec000000,1
80858070f4000000,1
80858070fc000000,1
8085807104000000,1
808580710c000000,1
8085807114000000,1
808580711c000000,1
8085807124000000,1
808580712c000000,1
8085807134000000,1
808580713c000000,1
8085807144000000,1
808580714c000000,1
8085807154000000,1
808580715c000000,1
8085807164000000,1
808580716c000000,1
8085807174000000,1
808580717c000000,1
8085807184000000,1
808580718c000000,1
8085807194000000,1
808580719c000000,1
80858071a4000000,1
80858071ac000000,1
80858071b4000000,1
80858071bc000000,1
80858071c4000000,1
80858071cc000000,1
80858071d4000000,1
80858071dc000000,1
80858071e4000000,1
80858071ec000000,1
80858071f4000000,1
80858071fc000000,1
8085807204000000,1
808580720c000000,1
8085807214000000,1
808580721c000000,1
8085807224000000,1
808580722c000000,1
8085807234000000,1
808580723c000000,1
8085807244000000,1
808580724c000000,1
8085807254000000,1
808580725c000000,1
8085807264000000,1
808580726c000000,1
8085807274000000,1
808580727c000000,1
8085807284000000,1
808580728c000000,1
8085807294000000,1
808580729c000000,1
80858072a4000000,1
80858072ac000000,1
80858072b4000000,1
80858072bc000000,1
80858072c4000000,1
80858072cc000000,1
80858072d4000000,1
80858072dc000000,1
80858072e4000000,1
80858072ec000000,1
80858072f4000000,1
80858072fc000000,1
8085807304000000,1
808580730c000000,1
8085807314000000,1
808580731c000000,1
8085807324000000,1
808580732c000000,1
8085807334000000,1
808580733c000000,1
8085807344000000,1
808580734c000000,1
8085807354000000,1
808580735c000000,1
8085807364000000,1
808580736c000000,1
8085807374000000,1
808580737c000000,1
8085807384000000,1
808580738c000000,1
8085807394000000,1
808580739c000000,1
80858073a4000000,1
80858073ac000000,1
80858073b4000000,1
80858073bc000000,1
80858073c4000000,1
80858073cc000000,1
80858073d4000000,1
80858073dc000000,1
80858073e4000000,1
80858073ec000000,1
80858073f4000000,1
80858073fc000000,1
8085807404000000,1
808580740c000000,1
8085807414000000,1
808580741c000000,1
8085807424000000,1
808580742c000000,1
8085807434000000,1
808580743c000000,1
8085807444000000,1
808580744c000000,1
8085807454000000,1
808580745c000000,1
8085807464000000,1
808580746c000000,1
8085807474000000,1
808580747c000000,1
8085807484000000,1
808580748c000000,1
8085807494000000,1
808580749c000000,1
80858074a4000000,1
80858074ac000000,1
80858074b4000000,1
80858074bc000000,1
80858074c4000000,1
80858074cc000000,1
80858074d4000000,1
80858074dc000000,1
80858074e4000000,1
80858074ec000000,1
80858074f4000000,1
80858074fc000000,1
8085807504000000,1
808580750c000000,2
8085807514000000,2
808580751c000000,1
8085807524000000,1
808580752c000000,1
8085807534000000,1
808580753c000000,2
8085807544000000,2
808580754c000000,2
8085807554000000,2
808580755c000000,2
8085807564000000,2
808580756c000000,2
8085807574000000,2
808580757c000000,2
8085807584000000,2
808580758c000000,1
8085807594000000,1
808580759c000000,2
80858075a4000000,1
80858075ac000000,1
80858075b4000000,1
80858075bc000000,1
80858075c4000000,1
80858075cc000000,1
80858075d4000000,1
80858075dc000000,1
80858075e4000000,1
80858075ec000000,1
80858075f4000000,1
80858075fc000000,1
8085807604000000,1
808580760c000000,1
8085807614000000,1
808580761c000000,2
8085807624000000,2
808580762c000000,2
8085807634000000,2
808580763c000000,2
8085807644000000,2
808580764c000000,2
8085807654000000,2
808580765c000000,2
8085807664000000,1
808580766c000000,1
8085807674000000,1
808580767c000000,1
8085807684000000,1
808580768c000000,1
8085807694000000,1
808580769c000000,1
80858076a4000000,1
80858076ac000000,1
80858076b4000000,1
80858076bc000000,1
80858076c4000000,1
80858076cc000000,1
80858076d4000000,1
80858076dc000000,1
80858076e4000000,1
80858076ec000000,1
80858076f4000000,1
80858076fc000000,2
8085807704000000,2
808580770c000000,2
8085807714000000,2
808580771c000000,2
8085807724000000,2
808580772c000000,1
8085807734000000,2
808580773c000000,2
8085807744000000,2
808580774c000000,2
8085807754000000,2
808580775c000000,2
8085807764000000,2
808580776c000000,2
8085807774000000,2
808580777c000000,2
8085807784000000,1
808580778c000000,1
8085807794000000,2
808580779c000000,2
80858077a4000000,2
80858077ac000000,2
80858077b4000000,2
80858077bc000000,2
80858077c4000000,2
80858077cc000000,2
80858077d4000000,2
80858077dc000000,3
80858077e4000000,3
80858077ec000000,3
80858077f4000000,2
80858077fc000000,3
8085807804000000,3
808580780c000000,3
8085807814000000,3
808580781c000000,2
8085807824000000,2
808580782c000000,1
8085807834000000,2
808580783c000000,3
8085807844000000,3
808580784c000000,3
8085807854000000,3
808580785c000000,3
8085807864000000,3
808580786c000000,3
8085807874000000,4
808580787c000000,5
8085807884000000,5
808580788c000000,5
8085807894000000,5
808580789c000000,5
80858078a4000000,5
80858078ac000000,4
80858078b4000000,4
80858078bc000000,5
80858078c4000000,4
80858078cc000000,4
80858078d4000000,3
80858078dc000000,3
80858078e4000000,4
80858078ec000000,4
80858078f4000000,4
80858078fc000000,3
8085807904000000,2
808580790c000000,2
8085807914000000,2
808580791c000000,4
8085807924000000,3
808580792c000000,4
8085807934000000,4
808580793c000000,3
8085807944000000,3
808580794c000000,4
8085807954000000,4
808580795c000000,3
8085807964000000,2
808580796c000000,2
8085807974000000,2
808580797c000000,2
8085807984000000,2
808580798c000000,1
8085807994000000,2
808580799c000000,2
80858079a4000000,2
80858079ac000000,2
80858079b4000000,2
80858079bc000000,2
80858079c4000000,1
80858079cc000000,1
80858079d4000000,1
80858079dc000000,1
80858079e4000000,2
80858079ec000000,1
80858079f4000000,1
80858079fc000000,2
8085807a04000000,2
8085807a0c000000,2
8085807a14000000,1
8085807a1c000000,1
8085807a24000000,1
8085807a2c000000,2
8085807a34000000,2
8085807a3c000000,1
8085807a44000000,1
8085807a4c000000,2
8085807a54000000,1
8085807a5c000000,1
8085807a6c000000,1
8085807a74000000,1
8085807a7c000000,1
8085807a84000000,1
8085807a9c000000,1
8085807b04000000,1
8085807b0c000000,2
8085807b14000000,1
8085807b3c000000,1
8085807b44000000,1
8085807b4c000000,1
8085807b54000000,2
8085807b5c000000,2
8085807b64000000,3
8085807b6c000000,1
8085807b74000000,2
8085807b7c000000,3
8085807b84000000,3
8085807b8c000000,3
8085807b94000000,3
8085807b9c000000,3
8085807ba4000000,2
8085807bac000000,2
8085807bb4000000,2
8085807bbc000000,2
8085807bc4000000,2
8085807bcc000000,2
8085807bd4000000,2
8085807bdc000000,2
8085807be4000000,3
8085807bec000000,3
8085807bf4000000,3
8085807bfc000000,3
8085807c04000000,3
8085807c0c000000,3
8085807c14000000,3
8085807c1c000000,4
8085807c24000000,4
8085807c2c000000,4
8085807c34000000,4
8085807c3c000000,4
8085807c44000000,3
8085807c4c000000,4
8085807c54000000,3
8085807c5c000000,3
8085807c64000000,3
8085807c6c000000,3
8085807c74000000,3
8085807c7c000000,3
8085807c84000000,3
8085807c8c000000,3
8085807c94000000,3
8085807c9c000000,3
8085807ca4000000,2
8085807cac000000,2
8085807cb4000000,2
8085807cbc000000,2
8085807cc4000000,3
8085807ccc000000,2
8085807cd4000000,2
8085807cdc000000,3
8085807ce4000000,3
8085807cec000000,3
8085807cf4000000,3
8085807cfc000000,3
8085807d04000000,3
8085807d0c000000,4
8085807d14000000,3
8085807d1c000000,3
8085807d24000000,3
8085807d2c000000,2
8085807d34000000,3
8085807d3c000000,3
8085807d44000000,4
8085807d4c000000,4
8085807d54000000,5
8085807d5c000000,5
8085807d64000000,5
8085807d6c000000,4
8085807d74000000,5
8085807d7c000000,6
8085807d84000000,6
8085807d8c000000,6
8085807d94000000,6
8085807d9c000000,5
8085807da4000000,5
8085807dac000000,4
8085807db4000000,4
8085807dbc000000,5
8085807dc4000000,4
8085807dcc000000,4
8085807dd4000000,4
8085807ddc000000,4
8085807de4000000,4
8085807dec000000,4
8085807df4000000,6
8085807dfc000000,6
8085807e04000000,6
8085807e0c000000,5
8085807e14000000,5
8085807e1c000000,6
8085807e24000000,6
8085807e2c000000,7
8085807e34000000,6
8085807e3c000000,6
8085807e44000000,5
8085807e4c000000,6
8085807e54000000,4
8085807e5c000000,4
8085807e64000000,4
8085807e6c000000,4
8085807e74000000,4
8085807e7c000000,4
8085807e84000000,4
8085807e8c000000,4
8085807e94000000,4
8085807e9c000000,4
8085807ea4000000,4
8085807eac000000,4
8085807eb4000000,4
8085807ebc000000,4
8085807ec4000000,4
8085807ecc000000,4
8085807ed4000000,3
8085807edc000000,3
8085807ee4000000,3
8085807eec000000,4
8085807ef4000000,4
8085807efc000000,4
8085807f04000000,4
8085807f0c000000,6
8085807f14000000,4
8085807f1c000000,4
8085807f24000000,3
8085807f2c000000,3
8085807f34000000,4
8085807f3c000000,4
8085807f44000000,4
8085807f4c000000,4
8085807f54000000,4
8085807f5c000000,4
8085807f64000000,6
8085807f6c000000,4
8085807f74000000,6
8085807f7c000000,6
8085807f84000000,7
8085807f8c000000,8
8085807f94000000,7
8085807f9c000000,7
8085807fa4000000,6
8085807fac000000,6
8085807fb4000000,6
8085807fbc000000,7
8085807fc4000000,7
8085807fcc000000,7
8085807fd4000000,7
8085807fdc000000,7
8085807fe4000000,7
8085807fec000000,7
8085807ff4000000,8
8085807ffc000000,8
8085808004000000,7
808580800c000000,7
8085808014000000,8
808580801c000000,9
8085808024000000,8
808580802c000000,9
8085808034000000,10
808580803c000000,9
8085808044000000,9
808580804c000000,11
8085808054000000,11
808580805c000000,9
8085808064000000,7
808580806c000000,8
8085808074000000,7
808580807c000000,7
8085808084000000,7
808580808c000000,8
8085808094000000,8
808580809c000000,8
80858080a4000000,7
80858080ac000000,7
80858080b4000000,7
80858080bc000000,8
80858080c4000000,9
80858080cc000000,8
80858080d4000000,9
80858080dc000000,10
80858080e4000000,10
80858080ec000000,9
80858080f4000000,9
80858080fc000000,10
8085808104000000,11
808580810c000000,13
8085808114000000,13
808580811c000000,10
8085808124000000,9
808580812c000000,9
8085808134000000,11
808580813c000000,11
8085808144000000,12
808580814c000000,11
8085808154000000,13
808580815c000000,12
8085808164000000,12
808580816c000000,12
8085808174000000,13
808580817c000000,12
8085808184000000,13
808580818c000000,13
8085808194000000,13
808580819c000000,13
80858081a4000000,13
80858081ac000000,11
80858081b4000000,11
80858081bc000000,13
80858081c4000000,12
80858081cc000000,11
80858081d4000000,10
80858081dc000000,11
80858081e4000000,11
80858081ec000000,12
80858081f4000000,12
80858081fc000000,11
8085808204000000,11
808580820c000000,11
8085808214000000,12
808580821c000000,11
8085808224000000,11
808580822c000000,12
8085808234000000,12
808580823c000000,12
8085808244000000,12
808580824c000000,13
8085808254000000,13
808580825c000000,13
8085808264000000,12
808580826c000000,12
8085808274000000,12
808580827c000000,12
8085808284000000,11
808580828c000000,12
8085808294000000,11
808580829c000000,11
80858082a4000000,12
80858082ac000000,12
80858082b4000000,11
80858082bc000000,11
80858082c4000000,14
80858082cc000000,12
80858082d4000000,16
80858082dc000000,14
80858082e4000000,14
80858082ec000000,14
80858082f4000000,13
80858082fc000000,13
8085808304000000,13
808580830c000000,15
8085808314000000,14
808580831c000000,14
8085808324000000,15
808580832c000000,15
8085808334000000,15
808580833c000000,14
8085808344000000,14
808580834c000000,15
8085808354000000,16
808580835c000000,14
8085808364000000,14
808580836c000000,14
8085808374000000,14
808580837c000000,14
8085808384000000,13
808580838c000000,13
8085808394000000,13
808580839c000000,13
80858083a4000000,13
80858083ac000000,13
80858083b4000000,13
80858083bc000000,13
80858083c4000000,13
80858083cc000000,13
80858083d4000000,12
80858083dc000000,13
80858083e4000000,13
80858083ec000000,13
80858083f4000000,13
80858083fc000000,13
8085808404000000,13
808580840c000000,13
8085808414000000,14
808580841c000000,14
8085808424000000,13
808580842c000000,13
8085808434000000,12
808580843c000000,14
8085808444000000,14
808580844c000000,13
8085808454000000,14
808580845c000000,13
8085808464000000,13
808580846c000000,13
8085808474000000,13
808580847c000000,13
8085808484000000,14
808580848c000000,14
8085808494000000,14
808580849c000000,14
80858084a4000000,14
80858084ac000000,15
80858084b4000000,15
80858084bc000000,14
80858084c4000000,14
80858084cc000000,14
80858084d4000000,15
80858084dc000000,13
80858084e4000000,13
80858084ec000000,14
80858084f4000000,14
80858084fc000000,13
8085808504000000,13
808580850c000000,13
8085808514000000,14
808580851c000000,13
8085808524000000,14
808580852c000000,13
8085808534000000,13
808580853c000000,14
8085808544000000,14
808580854c000000,14
8085808554000000,14
808580855c000000,15
8085808564000000,14
808580856c000000,15
8085808574000000,12
808580857c000000,11
8085808584000000,11
808580858c000000,11
8085808594000000,11
808580859c000000,11
80858085a4000000,12
80858085ac000000,14
80858085b4000000,13
80858085bc000000,11
80858085c4000000,11
80858085cc000000,12
80858085d4000000,12
80858085dc000000,12
80858085e4000000,12
80858085ec000000,11
80858085f4000000,11
80858085fc000000,12
8085808604000000,12
808580860c000000,11
8085808614000000,11
808580861c000000,10
8085808624000000,10
808580862c000000,7
8085808634000000,9
808580863c000000,11
8085808644000000,11
808580864c000000,10
8085808654000000,11
808580865c000000,11
8085808664000000,12
808580866c000000,11
8085808674000000,11
808580867c000000,12
8085808684000000,13
808580868c000000,12
8085808694000000,13
808580869c000000,13
80858086a4000000,13
80858086ac000000,12
80858086b4000000,11
80858086bc000000,13
80858086c4000000,12
80858086cc000000,11
80858086d4000000,10
80858086dc000000,9
80858086e4000000,10
80858086ec000000,11
80858086f4000000,11
80858086fc000000,11
8085808704000000,8
808580870c000000,7
8085808714000000,7
808580871c000000,8
8085808724000000,8
808580872c000000,9
8085808734000000,7
808580873c000000,7
8085808744000000,7
808580874c000000,8
8085808754000000,8
808580875c000000,7
8085808764000000,6
808580876c000000,7
8085808774000000,6
808580877c000000,6
8085808784000000,6
808580878c000000,6
8085808794000000,6
808580879c000000,6
80858087a4000000,7
80858087ac000000,9
80858087b4000000,8
80858087bc000000,6
80858087c4000000,7
80858087cc000000,8
80858087d4000000,8
80858087dc000000,8
80858087e4000000,6
80858087ec000000,6
80858087f4000000,6
80858087fc000000,5
8085808804000000,4
808580880c000000,4
8085808814000000,4
808580881c000000,4
8085808824000000,4
808580882c000000,4
8085808834000000,4
808580883c000000,5
8085808844000000,6
808580884c000000,6
8085808854000000,6
808580885c000000,6
8085808864000000,6
808580886c000000,6
8085808874000000,6
808580887c000000,8
8085808884000000,7
808580888c000000,8
8085808894000000,10
808580889c000000,10
80858088a4000000,11
80858088ac000000,11
80858088b4000000,11
80858088bc000000,12
80858088c4000000,11
80858088cc000000,11
80858088d4000000,12
80858088dc000000,10
80858088e4000000,8
80858088ec000000,9
80858088f4000000,8
80858088fc000000,7
8085808904000000,7
808580890c000000,7
8085808914000000,8
808580891c000000,8
8085808924000000,8
808580892c000000,10
8085808934000000,9
808580893c000000,8
8085808944000000,8
808580894c000000,8
8085808954000000,8
808580895c000000,8
8085808964000000,7
808580896c000000,7
8085808974000000,6
808580897c000000,4
8085808984000000,3
808580898c000000,3
8085808994000000,3
808580899c000000,4
80858089a4000000,6
80858089ac000000,6
80858089b4000000,6
80858089bc000000,4
80858089c4000000,3
80858089cc000000,4
80858089d4000000,4
80858089dc000000,3
80858089e4000000,3
80858089ec000000,3
80858089f4000000,3
80858089fc000000,3
8085808a04000000,3
8085808a0c000000,3
8085808a14000000,3
8085808a1c000000,3
8085808a24000000,3
8085808a2c000000,3
8085808a34000000,3
8085808a3c000000,3
8085808a44000000,3
8085808a4c000000,3
8085808a54000000,3
8085808a5c000000,3
8085808a64000000,3
8085808a6c000000,3
8085808a74000000,2
8085808a7c000000,2
8085808a84000000,2
8085808a8c000000,2
8085808a94000000,2
8085808a9c000000,1
8085808aa4000000,1
8085808aac000000,1
8085808ab4000000,1
8085808abc000000,1
8085808ac4000000,2
8085808acc000000,1
8085808ad4000000,1
8085808adc000000,2
8085808ae4000000,2
8085808aec000000,2
8085808af4000000,3
8085808afc000000,3
8085808b04000000,3
8085808b0c000000,3
8085808b14000000,2
8085808b1c000000,2
8085808b24000000,2
8085808b2c000000,1
8085808b34000000,1
8085808b3c000000,2
8085808b44000000,2
8085808b4c000000,1
8085808b54000000,1
8085808b5c000000,2
8085808b64000000,2
8085808b6c000000,2
8085808b74000000,3
8085808b7c000000,4
8085808b84000000,3
8085808b8c000000,3
8085808b94000000,3
8085808b9c000000,3
8085808ba4000000,3
8085808bac000000,3
8085808bb4000000,3
8085808bbc000000,3
8085808bc4000000,3
8085808bcc000000,3
8085808bd4000000,3
8085808bdc000000,5
8085808be4000000,7
8085808bec000000,4
8085808bf4000000,6
8085808bfc000000,8
8085808c04000000,8
8085808c0c000000,8
8085808c14000000,9
8085808c1c000000,9
8085808c24000000,10
8085808c2c000000,10
8085808c34000000,10
8085808c3c000000,9
8085808c44000000,8
8085808c4c000000,9
8085808c54000000,5
8085808c5c000000,4
8085808c64000000,4
8085808c6c000000,7
8085808c74000000,4
8085808c7c000000,4
8085808c84000000,4
8085808c8c000000,4
8085808c94000000,3
8085808c9c000000,3
8085808ca4000000,3
8085808cac000000,3
8085808cb4000000,3
8085808cbc000000,3
8085808cc4000000,3
8085808ccc000000,3
8085808cd4000000,3
8085808cdc000000,3
8085808ce4000000,3
8085808cec000000,3
8085808cf4000000,3
8085808cfc000000,3
8085808d04000000,4
8085808d0c000000,3
8085808d14000000,3
8085808d1c000000,3
8085808d24000000,3
8085808d2c000000,3
8085808d34000000,3
8085808d3c000000,3
8085808d44000000,2
8085808d4c000000,2
8085808d54000000,2
8085808d5c000000,3
8085808d64000000,5
8085808d6c000000,2
8085808d74000000,4
8085808d7c000000,7
8085808d84000000,8
8085808d8c000000,8
8085808d94000000,7
8085808d9c000000,7
8085808da4000000,6
8085808dac000000,4
8085808db4000000,10
8085808dbc000000,8
8085808dc4000000,9
8085808dcc000000,10
8085808dd4000000,10
8085808ddc000000,10
8085808de4000000,10
8085808dec000000,9
8085808df4000000,10
8085808dfc000000,10
8085808e04000000,11
8085808e0c000000,11
8085808e14000000,12
8085808e1c000000,11
8085808e24000000,12
8085808e2c000000,12
8085808e34000000,13
8085808e3c000000,12
8085808e44000000,13
8085808e4c000000,12
8085808e54000000,12
8085808e5c000000,12
8085808e64000000,12
8085808e6c000000,11
8085808e74000000,11
8085808e7c000000,12
8085808e84000000,12
8085808e8c000000,12
8085808e94000000,12
8085808e9c000000,11
8085808ea4000000,10
8085808eac000000,9
8085808eb4000000,10
8085808ebc000000,10
8085808ec4000000,11
8085808ecc000000,10
8085808ed4000000,11
8085808edc000000,12
8085808ee4000000,12
8085808eec000000,11
8085808ef4000000,13
8085808efc000000,12
8085808f04000000,11
8085808f0c000000,10
8085808f14000000,11
8085808f1c000000,11
8085808f24000000,11
8085808f2c000000,12
8085808f34000000,11
8085808f3c000000,11
8085808f44000000,10
8085808f4c000000,11
8085808f54000000,11
8085808f5c000000,10
8085808f64000000,10
8085808f6c000000,10
8085808f74000000,10
8085808f7c000000,10
8085808f84000000,11
8085808f8c000000,14
8085808f94000000,13
8085808f9c000000,11
8085808fa4000000,12
8085808fac000000,11
8085808fb4000000,12
8085808fbc000000,13
8085808fc4000000,13
8085808fcc000000,13
8085808fd4000000,12
8085808fdc000000,13
8085808fe4000000,13
8085808fec000000,14
8085808ff4000000,14
8085808ffc000000,14
8085809004000000,14
808580900c000000,14
8085809014000000,14
808580901c000000,14
8085809024000000,13
808580902c000000,13
8085809034000000,14
808580903c000000,14
8085809044000000,15
808580904c000000,14
8085809054000000,14
808580905c000000,15
8085809064000000,15
808580906c000000,14
8085809074000000,14
808580907c000000,15
8085809084000000,16
808580908c000000,15
8085809094000000,16
808580909c000000,17
80858090a4000000,16
80858090ac000000,16
80858090b4000000,17
80858090bc000000,16
80858090c4000000,16
80858090cc000000,16
80858090d4000000,15
80858090dc000000,14
80858090e4000000,13
80858090ec000000,15
80858090f4000000,15
80858090fc000000,13
8085809104000000,12
808580910c000000,12
8085809114000000,11
808580911c000000,12
8085809124000000,13
808580912c000000,14
8085809134000000,13
808580913c000000,12
8085809144000000,11
808580914c000000,12
8085809154000000,12
808580915c000000,11
8085809164000000,11
808580916c000000,11
8085809174000000,11
808580917c000000,11
8085809184000000,11
808580918c000000,11
8085809194000000,12
808580919c000000,11
80858091a4000000,12
80858091ac000000,12
80858091b4000000,13
80858091bc000000,12
80858091c4000000,12
80858091cc000000,13
80858091d4000000,13
80858091dc000000,13
80858091e4000000,12
80858091ec000000,12
80858091f4000000,11
80858091fc000000,12
8085809204000000,11
808580920c000000,10
8085809214000000,9
808580921c000000,11
8085809224000000,11
808580922c000000,11
8085809234000000,10
808580923c000000,9
8085809244000000,9
808580924c000000,9
8085809254000000,9
808580925c000000,9
8085809264000000,8
808580926c000000,9
8085809274000000,8
808580927c000000,9
8085809284000000,9
808580928c000000,8
8085809294000000,7
808580929c000000,7
80858092a4000000,4
80858092ac000000,3
80858092b4000000,4
80858092bc000000,4
80858092c4000000,6
80858092cc000000,3
80858092d4000000,6
80858092dc000000,7
80858092e4000000,9
80858092ec000000,8
80858092f4000000,8
80858092fc000000,9
8085809304000000,9
808580930c000000,10
8085809314000000,10
808580931c000000,10
8085809324000000,10
808580932c000000,8
8085809334000000,9
808580933c000000,10
8085809344000000,10
808580934c000000,9
8085809354000000,9
808580935c000000,10
8085809364000000,10
808580936c000000,10
8085809374000000,10
808580937c000000,10
8085809384000000,10
808580938c000000,9
8085809394000000,9
808580939c000000,9
80858093a4000000,9
80858093ac000000,9
80858093b4000000,9
80858093bc000000,9
80858093c4000000,10
80858093cc000000,10
80858093d4000000,11
80858093dc000000,11
80858093e4000000,11
80858093ec000000,10
80858093f4000000,11
80858093fc000000,12
8085809404000000,12
808580940c000000,11
8085809414000000,11
808580941c000000,11
8085809424000000,13
808580942c000000,13
8085809434000000,14
808580943c000000,12
8085809444000000,12
808580944c000000,13
8085809454000000,12
808580945c000000,12
8085809464000000,11
808580946c000000,11
8085809474000000,10
808580947c000000,10
8085809484000000,10
808580948c000000,10
8085809494000000,10
808580949c000000,10
80858094a4000000,9
80858094ac000000,9
80858094b4000000,9
80858094bc000000,9
80858094c4000000,9
80858094cc000000,8
80858094d4000000,9
80858094dc000000,9
80858094e4000000,10
80858094ec000000,9
80858094f4000000,11
80858094fc000000,12
8085809504000000,13
808580950c000000,13
8085809514000000,12
808580951c000000,12
8085809524000000,12
808580952c000000,11
8085809534000000,10
808580953c000000,12
8085809544000000,12
808580954c000000,11
8085809554000000,11
808580955c000000,12
8085809564000000,13
808580956c000000,11
8085809574000000,14
808580957c000000,13
8085809584000000,15
808580958c000000,16
8085809594000000,15
808580959c000000,14
80858095a4000000,15
80858095ac000000,13
80858095b4000000,15
80858095bc000000,15
80858095c4000000,15
80858095cc000000,15
80858095d4000000,15
80858095dc000000,16
80858095e4000000,16
80858095ec000000,16
80858095f4000000,16
80858095fc000000,16
8085809604000000,19
808580960c000000,17
8085809614000000,18
808580961c000000,18
8085809624000000,18
808580962c000000,19
8085809634000000,19
808580963c000000,18
8085809644000000,18
808580964c000000,18
8085809654000000,17
808580965c000000,16
8085809664000000,16
808580966c000000,18
8085809674000000,17
808580967c000000,15
8085809684000000,14
808580968c000000,15
8085809694000000,15
808580969c000000,13
80858096a4000000,13
80858096ac000000,12
80858096b4000000,13
80858096bc000000,14
80858096c4000000,15
80858096cc000000,15
80858096d4000000,15
80858096dc000000,15
80858096e4000000,15
80858096ec000000,15
80858096f4000000,15
80858096fc000000,17
8085809704000000,18
808580970c000000,19
8085809714000000,18
808580971c000000,16
8085809724000000,15
808580972c000000,15
8085809734000000,16
808580973c000000,16
8085809744000000,16
808580974c000000,17
8085809754000000,17
808580975c000000,18
8085809764000000,19
808580976c000000,20
8085809774000000,17
808580977c000000,17
8085809784000000,18
808580978c000000,20
8085809794000000,19
808580979c000000,19
80858097a4000000,19
80858097ac000000,17
80858097b4000000,18
80858097bc000000,19
80858097c4000000,19
80858097cc000000,19
80858097d4000000,21
80858097dc000000,21
80858097e4000000,23
80858097ec000000,21
80858097f4000000,22
80858097fc000000,22
8085809804000000,22
808580980c000000,20
8085809814000000,20
808580981c000000,22
8085809824000000,18
808580982c000000,18
8085809834000000,18
808580983c000000,19
8085809844000000,21
808580984c000000,20
8085809854000000,20
808580985c000000,21
8085809864000000,23
808580986c000000,21
8085809874000000,20
808580987c000000,24
8085809884000000,24
808580988c000000,24
8085809894000000,24
808580989c000000,25
80858098a4000000,25
80858098ac000000,23
80858098b4000000,22
80858098bc000000,23
80858098c4000000,23
80858098cc000000,22
80858098d4000000,22
80858098dc000000,21
80858098e4000000,21
80858098ec000000,22
80858098f4000000,23
80858098fc000000,22
8085809904000000,20
808580990c000000,18
8085809914000000,20
808580991c000000,19
8085809924000000,20
808580992c000000,20
8085809934000000,19
808580993c000000,18
8085809944000000,19
808580994c000000,17
8085809954000000,16
808580995c000000,19
8085809964000000,18
808580996c000000,19
8085809974000000,17
808580997c000000,18
8085809984000000,19
808580998c000000,19
8085809994000000,18
808580999c000000,18
80858099a4000000,17
80858099ac000000,20
80858099b4000000,19
80858099bc000000,18
80858099c4000000,17
80858099cc000000,18
80858099d4000000,18
80858099dc000000,18
80858099e4000000,18
80858099ec000000,19
80858099f4000000,19
80858099fc000000,18
8085809a04000000,17
8085809a0c000000,16
8085809a14000000,16
8085809a1c000000,18
8085809a24000000,18
8085809a2c000000,18
8085809a34000000,18
8085809a3c000000,18
8085809a44000000,16
8085809a4c000000,17
8085809a54000000,16
8085809a5c000000,16
8085809a64000000,16
8085809a6c000000,16
8085809a74000000,17
8085809a7c000000,17
8085809a84000000,16
8085809a8c000000,16
8085809a94000000,15
8085809a9c000000,14
8085809aa4000000,14
8085809aac000000,14
8085809ab4000000,14
8085809abc000000,14
8085809ac4000000,15
8085809acc000000,14
8085809ad4000000,14
8085809adc000000,14
8085809ae4000000,15
8085809aec000000,14
8085809af4000000,16
8085809afc000000,15
8085809b04000000,15
8085809b0c000000,15
8085809b14000000,16
8085809b1c000000,15
8085809b24000000,14
8085809b2c000000,15
8085809b34000000,15
8085809b3c000000,16
8085809b44000000,15
8085809b4c000000,15
8085809b54000000,16
8085809b5c000000,17
8085809b64000000,16
8085809b6c000000,15
8085809b74000000,16
8085809b7c000000,17
8085809b84000000,17
8085809b8c000000,18
8085809b94000000,18
8085809b9c000000,16
8085809ba4000000,16
8085809bac000000,16
8085809bb4000000,17
8085809bbc000000,16
8085809bc4000000,17
8085809bcc000000,17
8085809bd4000000,17
8085809bdc000000,17
8085809be4000000,19
8085809bec000000,17
8085809bf4000000,17
8085809bfc000000,18
8085809c04000000,16
8085809c0c000000,17
8085809c14000000,14
8085809c1c000000,15
8085809c24000000,14
8085809c2c000000,15
8085809c34000000,14
8085809c3c000000,14
8085809c44000000,14
8085809c4c000000,13
8085809c54000000,13
8085809c5c000000,16
8085809c64000000,17
8085809c6c000000,17
8085809c74000000,18
8085809c7c000000,17
8085809c84000000,17
8085809c8c000000,17
8085809c94000000,17
8085809c9c000000,17
8085809ca4000000,17
8085809cac000000,16
8085809cb4000000,16
8085809cbc000000,17
8085809cc4000000,18
8085809ccc000000,15
8085809cd4000000,15
8085809cdc000000,18
8085809ce4000000,16
8085809cec000000,17
8085809cf4000000,17
8085809cfc000000,15
8085809d04000000,14
8085809d0c000000,16
8085809d14000000,16
8085809d1c000000,14
8085809d24000000,17
8085809d2c000000,15
8085809d34000000,13
8085809d3c000000,14
8085809d44000000,13
8085809d4c000000,13
8085809d54000000,13
8085809d5c000000,13
8085809d64000000,15
8085809d6c000000,15
8085809d74000000,17
8085809d7c000000,19
8085809d84000000,18
8085809d8c000000,17
8085809d94000000,16
8085809d9c000000,17
8085809da4000000,15
8085809dac000000,14
8085809db4000000,14
8085809dbc000000,15
8085809dc4000000,15
8085809dcc000000,14
8085809dd4000000,17
8085809ddc000000,18
8085809de4000000,19
8085809dec000000,17
8085809df4000000,18
8085809dfc000000,20
8085809e04000000,20
8085809e0c000000,20
8085809e14000000,20
8085809e1c000000,22
8085809e24000000,22
8085809e2c000000,22
8085809e34000000,21
8085809e3c000000,21
8085809e44000000,20
8085809e4c000000,20
8085809e54000000,20
8085809e5c000000,20
8085809e64000000,18
8085809e6c000000,18
8085809e74000000,20
8085809e7c000000,17
8085809e84000000,16
8085809e8c000000,18
8085809e94000000,16
8085809e9c000000,16
8085809ea4000000,15
8085809eac000000,15
8085809eb4000000,16
8085809ebc000000,16
8085809ec4000000,17
8085809ecc000000,17
8085809ed4000000,19
8085809edc000000,20
8085809ee4000000,21
8085809eec000000,19
8085809ef4000000,20
8085809efc000000,21
8085809f04000000,22
8085809f0c000000,23
8085809f14000000,23
8085809f1c000000,21
8085809f24000000,21
8085809f2c000000,22
8085809f34000000,22
8085809f3c000000,22
8085809f44000000,23
8085809f4c000000,22
8085809f54000000,24
8085809f5c000000,24
8085809f64000000,24
8085809f6c000000,24
8085809f74000000,23
8085809f7c000000,24
8085809f84000000,26
8085809f8c000000,26
8085809f94000000,25
8085809f9c000000,25
8085809fa4000000,21
8085809fac000000,22
8085809fb4000000,23
8085809fbc000000,23
8085809fc4000000,24
8085809fcc000000,23
8085809fd4000000,23
8085809fdc000000,23
8085809fe4000000,25
8085809fec000000,26
8085809ff4000000,29
8085809ffc000000,29
808580a004000000,30
808580a00c000000,30
808580a014000000,29
808580a01c000000,30
808580a024000000,29
808580a02c000000,27
808580a034000000,29
808580a03c000000,30
808580a044000000,30
808580a04c000000,31
808580a054000000,28
808580a05c000000,30
808580a064000000,30
808580a06c000000,29
808580a074000000,30
808580a07c000000,32
808580a084000000,32
808580a08c000000,31
808580a094000000,31
808580a09c000000,30
808580a0a4000000,30
808580a0ac000000,30
808580a0b4000000,32
808580a0bc000000,32
808580a0c4000000,29
808580a0cc000000,29
808580a0d4000000,29
808580a0dc000000,29
808580a0e4000000,28
808580a0ec000000,29
808580a0f4000000,30
808580a0fc000000,32
808580a104000000,29
808580a10c000000,29
808580a114000000,30
808580a11c000000,28
808580a124000000,29
808580a12c000000,29
808580a134000000,28
808580a13c000000,29
808580a144000000,29
808580a14c000000,28
808580a154000000,26
808580a15c000000,27
808580a164000000,25
808580a16c000000,28
808580a174000000,26
808580a17c000000,26
808580a184000000,26
808580a18c000000,27
808580a194000000,25
808580a19c000000,25
808580a1a4000000,28
808580a1ac000000,30
808580a1b4000000,29
808580a1bc000000,24
808580a1c4000000,24
808580a1cc000000,27
808580a1d4000000,27
808580a1dc000000,24
808580a1e4000000,24
808580a1ec000000,25
808580a1f4000000,24
808580a1fc000000,24
808580a204000000,26
808580a20c000000,25
808580a214000000,26
808580a21c000000,25
808580a224000000,27
808580a22c000000,25
808580a234000000,25
808580a23c000000,25
808580a244000000,26
808580a24c000000,25
808580a254000000,24
808580a25c000000,24
808580a264000000,25
808580a26c000000,25
808580a274000000,25
808580a27c000000,25
808580a284000000,25
808580a28c000000,25
808580a294000000,23
808580a29c000000,23
808580a2a4000000,22
808580a2ac000000,23
808580a2b4000000,25
808580a2bc000000,24
808580a2c4000000,24
808580a2cc000000,24
808580a2d4000000,24
808580a2dc000000,24
808580a2e4000000,24
808580a2ec000000,24
808580a2f4000000,24
808580a2fc000000,22
808580a304000000,21
808580a30c000000,22
808580a314000000,23
808580a31c000000,22
808580a324000000,23
808580a32c000000,23
808580a334000000,22
808580a33c000000,23
808580a344000000,24
808580a34c000000,22
808580a354000000,24
808580a35c000000,21
808580a364000000,20
808580a36c000000,21
808580a374000000,20
808580a37c000000,23
808580a384000000,23
808580a38c000000,22
808580a394000000,23
808580a39c000000,24
808580a3a4000000,21
808580a3ac000000,23
808580a3b4000000,25
808580a3bc000000,22
808580a3c4000000,25
808580a3cc000000,25
808580a3d4000000,26
808580a3dc000000,24
808580a3e4000000,25
808580a3ec000000,24
808580a3f4000000,24
808580a3fc000000,26
808580a404000000,27
808580a40c000000,27
808580a414000000,28
808580a41c000000,27
808580a424000000,26
808580a42c000000,28
808580a434000000,29
808580a43c000000,27
808580a444000000,28
808580a44c000000,30
808580a454000000,30
808580a45c000000,30
808580a464000000,26
808580a46c000000,27
808580a474000000,23
808580a47c000000,24
808580a484000000,23
808580a48c000000,23
808580a494000000,23
808580a49c000000,23
808580a4a4000000,22
808580a4ac000000,22
808580a4b4000000,22
808580a4bc000000,22
808580a4c4000000,23
808580a4cc000000,24
808580a4d4000000,23
808580a4dc000000,27
808580a4e4000000,28
808580a4ec000000,25
808580a4f4000000,28
808580a4fc000000,30
808580a504000000,30
808580a50c000000,30
808580a514000000,29
808580a51c000000,30
808580a524000000,27
808580a52c000000,26
808580a534000000,27
808580a53c000000,28
808580a544000000,28
808580a54c000000,26
808580a554000000,26
808580a55c000000,28
808580a564000000,25
808580a56c000000,29
808580a574000000,26
808580a57c000000,25
808580a584000000,26
808580a58c000000,26
808580a594000000,28
808580a59c000000,27
808580a5a4000000,27
808580a5ac000000,29
808580a5b4000000,28
808580a5bc000000,27
808580a5c4000000,28
808580a5cc000000,29
808580a5d4000000,30
808580a5dc000000,30
808580a5e4000000,29
808580a5ec000000,27
808580a5f4000000,28
808580a5fc000000,27
808580a604000000,25
808580a60c000000,26
808580a614000000,25
808580a61c000000,24
808580a624000000,24
808580a62c000000,24
808580a634000000,24
808580a63c000000,24
808580a644000000,24
808580a64c000000,23
808580a654000000,25
808580a65c000000,25
808580a664000000,27
808580a66c000000,25
808580a674000000,28
808580a67c000000,29
808580a684000000,28
808580a68c000000,28
808580a694000000,28
808580a69c000000,26
808580a6a4000000,26
808580a6ac000000,26
808580a6b4000000,26
808580a6bc000000,26
808580a6c4000000,27
808580a6cc000000,26
808580a6d4000000,28
808580a6dc000000,28
808580a6e4000000,29
808580a6ec000000,28
808580a6f4000000,29
808580a6fc000000,27
808580a704000000,28
808580a70c000000,30
808580a714000000,29
808580a71c000000,27
808580a724000000,29
808580a72c000000,31
808580a734000000,30
808580a73c000000,29
808580a744000000,31
808580a74c000000,32
808580a754000000,29
808580a75c000000,27
808580a764000000,27
808580a76c000000,28
808580a774000000,26
808580a77c000000,25
808580a784000000,26
808580a78c000000,25
808580a794000000,26
808580a79c000000,26
808580a7a4000000,28
808580a7ac000000,27
808580a7b4000000,27
808580a7bc000000,27
808580a7c4000000,26
808580a7cc000000,26
808580a7d4000000,27
808580a7dc000000,22
808580a7e4000000,23
808580a7ec000000,23
808580a7f4000000,26
808580a7fc000000,23
808580a804000000,23
808580a80c000000,21
808580a814000000,22
808580a81c000000,23
808580a824000000,21
808580a82c000000,20
808580a834000000,22
808580a83c000000,23
808580a844000000,21
808580a84c000000,21
808580a854000000,20
808580a85c000000,20
808580a864000000,21
808580a86c000000,21
808580a874000000,21
808580a87c000000,24
808580a884000000,24
808580a88c000000,20
808580a894000000,23
808580a89c000000,25
808580a8a4000000,24
808580a8ac000000,25
808580a8b4000000,24
808580a8bc000000,24
808580a8c4000000,19
808580a8cc000000,20
808580a8d4000000,20
808580a8dc000000,19
808580a8e4000000,18
808580a8ec000000,19
808580a8f4000000,19
808580a8fc000000,19
808580a904000000,19
808580a90c000000,20
808580a914000000,19
808580a91c000000,20
808580a924000000,19
808580a92c000000,19
808580a934000000,19
808580a93c000000,19
808580a944000000,19
808580a94c000000,19
808580a954000000,20
808580a95c000000,19
808580a964000000,18
808580a96c000000,19
808580a974000000,18
808580a97c000000,19
808580a984000000,22
808580a98c000000,23
808580a994000000,25
808580a99c000000,20
808580a9a4000000,18
808580a9ac000000,21
808580a9b4000000,22
808580a9bc000000,21
808580a9c4000000,21
808580a9cc000000,20
808580a9d4000000,20
808580a9dc000000,21
808580a9e4000000,23
808580a9ec000000,24
808580a9f4000000,24
808580a9fc000000,23
808580aa04000000,24
808580aa0c000000,26
808580aa14000000,25
808580aa1c000000,25
808580aa24000000,23
808580aa2c000000,21
808580aa34000000,21
808580aa3c000000,22
808580aa44000000,24
808580aa4c000000,21
808580aa54000000,21
808580aa5c000000,23
808580aa64000000,23
808580aa6c000000,24
808580aa74000000,23
808580aa7c000000,23
808580aa84000000,21
808580aa8c000000,21
808580aa94000000,21
808580aa9c000000,22
808580aaa4000000,21
808580aaac000000,23
808580aab4000000,21
808580aabc000000,22
808580aac4000000,22
808580aacc000000,24
808580aad4000000,22
808580aadc000000,22
808580aae4000000,20
808580aaec000000,21
808580aaf4000000,22
808580aafc000000,21
808580ab04000000,19
808580ab0c000000,17
808580ab14000000,15
808580ab1c000000,19
808580ab24000000,19
808580ab2c000000,20
808580ab34000000,17
808580ab3c000000,17
808580ab44000000,15
808580ab4c000000,15
808580ab54000000,14
808580ab5c000000,14
808580ab64000000,15
808580ab6c000000,15
808580ab74000000,16
808580ab7c000000,15
808580ab84000000,17
808580ab8c000000,18
808580ab94000000,18
808580ab9c000000,17
808580aba4000000,17
808580abac000000,19
808580abb4000000,20
808580abbc000000,19
808580abc4000000,19
808580abcc000000,21
808580abd4000000,20
808580abdc000000,19
808580abe4000000,19
808580abec000000,20
808580abf4000000,18
808580abfc000000,19
808580ac04000000,19
808580ac0c000000,20
808580ac14000000,18
808580ac1c000000,18
808580ac24000000,19
808580ac2c000000,19
808580ac34000000,18
808580ac3c000000,19
808580ac44000000,15
808580ac4c000000,18
808580ac54000000,14
808580ac5c000000,15
808580ac64000000,14
808580ac6c000000,16
808580ac74000000,17
808580ac7c000000,14
808580ac84000000,14
808580ac8c000000,14
808580ac94000000,13
808580ac9c000000,14
808580aca4000000,14
808580acac000000,14
808580acb4000000,14
808580acbc000000,15
808580acc4000000,13
808580accc000000,13
808580acd4000000,13
808580acdc000000,12
808580ace4000000,14
808580acec000000,14
808580acf4000000,14
808580acfc000000,14
808580ad04000000,14
808580ad0c000000,13
808580ad14000000,13
808580ad1c000000,13
808580ad24000000,13
808580ad2c000000,14
808580ad34000000,13
808580ad3c000000,14
808580ad44000000,13
808580ad4c000000,13
808580ad54000000,13
808580ad5c000000,12
808580ad64000000,13
808580ad6c000000,13
808580ad74000000,16
808580ad7c000000,17
808580ad84000000,19
808580ad8c000000,19
808580ad94000000,18
808580ad9c000000,18
808580ada4000000,18
808580adac000000,16
808580adb4000000,18
808580adbc000000,19
808580adc4000000,18
808580adcc000000,18
808580add4000000,17
808580addc000000,17
808580ade4000000,21
808580adec000000,18
808580adf4000000,19
808580adfc000000,21
808580ae04000000,21
808580ae0c000000,21
808580ae14000000,20
808580ae1c000000,20
808580ae24000000,22
808580ae2c000000,22
808580ae34000000,21
808580ae3c000000,20
808580ae44000000,18
808580ae4c000000,23
808580ae54000000,18
808580ae5c000000,20
808580ae64000000,19
808580ae6c000000,19
808580ae74000000,19
808580ae7c000000,18
808580ae84000000,19
808580ae8c000000,20
808580ae94000000,21
808580ae9c000000,20
808580aea4000000,20
808580aeac000000,20
808580aeb4000000,19
808580aebc000000,22
808580aec4000000,23
808580aecc000000,20
808580aed4000000,21
808580aedc000000,21
808580aee4000000,18
808580aeec000000,22
808580aef4000000,21
808580aefc000000,17
808580af04000000,19
808580af0c000000,21
808580af14000000,21
808580af1c000000,18
808580af24000000,20
808580af2c000000,20
808580af34000000,20
808580af3c000000,22
808580af44000000,24
808580af4c000000,24
808580af54000000,23
808580af5c000000,27
808580af64000000,26
808580af6c000000,26
808580af74000000,26
808580af7c000000,26
808580af84000000,25
808580af8c000000,24
808580af94000000,25
808580af9c000000,25
808580afa4000000,22
808580afac000000,21
808580afb4000000,23
808580afbc000000,24
808580afc4000000,24
808580afcc000000,21
808580afd4000000,22
808580afdc000000,23
808580afe4000000,24
808580afec000000,23
808580aff4000000,26
808580affc000000,24
808580b004000000,25
808580b00c000000,24
808580b014000000,24
808580b01c000000,24
808580b024000000,24
808580b02c000000,25
808580b034000000,24
808580b03c000000,24
808580b044000000,24
808580b04c000000,24
808580b054000000,23
808580b05c000000,24
808580b064000000,23
808580b06c000000,24
808580b074000000,24
808580b07c000000,22
808580b084000000,20
808580b08c000000,22
808580b094000000,19
808580b09c000000,21
808580b0a4000000,20
808580b0ac000000,19
808580b0b4000000,18
808580b0bc000000,19
808580b0c4000000,18
808580b0cc000000,17
808580b0d4000000,17
808580b0dc000000,19
808580b0e4000000,19
808580b0ec000000,20
808580b0f4000000,21
808580b0fc000000,20
808580b104000000,21
808580b10c000000,22
808580b114000000,20
808580b11c000000,19
808580b124000000,18
808580b12c000000,17
808580b134000000,18
808580b13c000000,19
808580b144000000,18
808580b14c000000,18
808580b154000000,15
808580b15c000000,16
808580b164000000,16
808580b16c000000,18
808580b174000000,21
808580b17c000000,20
808580b184000000,20
808580b18c000000,21
808580b194000000,24
808580b19c000000,23
808580b1a4000000,22
808580b1ac000000,23
808580b1b4000000,25
808580b1bc000000,23
808580b1c4000000,24
808580b1cc000000,25
808580b1d4000000,23
808580b1dc000000,22
808580b1e4000000,20
808580b1ec000000,22
808580b1f4000000,20
808580b1fc000000,21
808580b204000000,20
808580b20c000000,20
808580b214000000,20
808580b21c000000,20
808580b224000000,20
808580b22c000000,19
808580b234000000,18
808580b23c000000,19
808580b244000000,19
808580b24c000000,17
808580b254000000,17
808580b25c000000,20
808580b264000000,19
808580b26c000000,21
808580b274000000,21
808580b27c000000,19
808580b284000000,17
808580b28c000000,17
808580b294000000,16
808580b29c000000,15
808580b2a4000000,13
808580b2ac000000,12
808580b2b4000000,12
808580b2bc000000,15
808580b2c4000000,14
808580b2cc000000,13
808580b2d4000000,13
808580b2dc000000,14
808580b2e4000000,14
808580b2ec000000,14
808580b2f4000000,17
808580b2fc000000,16
808580b304000000,16
808580b30c000000,15
808580b314000000,15
808580b31c000000,12
808580b324000000,12
808580b32c000000,12
808580b334000000,11
808580b33c000000,12
808580b344000000,13
808580b34c000000,11
808580b354000000,12
808580b35c000000,13
808580b364000000,14
808580b36c000000,14
808580b374000000,15
808580b37c000000,14
808580b384000000,14
808580b38c000000,17
808580b394000000,15
808580b39c000000,14
808580b3a4000000,16
808580b3ac000000,16
808580b3b4000000,16
808580b3bc000000,14
808580b3c4000000,16
808580b3cc000000,16
808580b3d4000000,18
808580b3dc000000,17
808580b3e4000000,15
808580b3ec000000,16
808580b3f4000000,16
808580b3fc000000,14
808580b404000000,15
808580b40c000000,15
808580b414000000,15
808580b41c000000,14
808580b424000000,15
808580b42c000000,16
808580b434000000,16
808580b43c000000,15
808580b444000000,15
808580b44c000000,15
808580b454000000,15
808580b45c000000,14
808580b464000000,15
808580b46c000000,14
808580b474000000,15
808580b47c000000,12
808580b484000000,12
808580b48c000000,12
808580b494000000,11
808580b49c000000,12
808580b4a4000000,12
808580b4ac000000,12
808580b4b4000000,10
808580b4bc000000,11
808580b4c4000000,11
808580b4cc000000,11
808580b4d4000000,12
808580b4dc000000,12
808580b4e4000000,11
808580b4ec000000,11
808580b4f4000000,11
808580b4fc000000,11
808580b504000000,14
808580b50c000000,16
808580b514000000,13
808580b51c000000,13
808580b524000000,13
808580b52c000000,12
808580b534000000,12
808580b53c000000,12
808580b544000000,14
808580b54c000000,13
808580b554000000,14
808580b55c000000,14
808580b564000000,16
808580b56c000000,14
808580b574000000,14
808580b57c000000,14
808580b584000000,16
808580b58c000000,14
808580b594000000,16
808580b59c000000,16
808580b5a4000000,17
808580b5ac000000,16
808580b5b4000000,16
808580b5bc000000,16
808580b5c4000000,16
808580b5cc000000,16
808580b5d4000000,16
808580b5dc000000,15
808580b5e4000000,15
808580b5ec000000,15
808580b5f4000000,15
808580b5fc000000,15
808580b604000000,16
808580b60c000000,16
808580b614000000,16
808580b61c000000,17
808580b624000000,14
808580b62c000000,15
808580b634000000,15
808580b63c000000,16
808580b644000000,17
808580b64c000000,17
808580b654000000,16
808580b65c000000,17
808580b664000000,17
808580b66c000000,17
808580b674000000,16
808580b67c000000,16
808580b684000000,16
808580b68c000000,17
808580b694000000,16
808580b69c000000,14
808580b6a4000000,14
808580b6ac000000,15
808580b6b4000000,16
808580b6bc000000,16
808580b6c4000000,16
808580b6cc000000,16
808580b6d4000000,17
808580b6dc000000,17
808580b6e4000000,16
808580b6ec000000,16
808580b6f4000000,17
808580b6fc000000,17
808580b704000000,17
808580b70c000000,17
808580b714000000,17
808580b71c000000,16
808580b724000000,18
808580b72c000000,17
808580b734000000,18
808580b73c000000,17
808580b744000000,18
808580b74c000000,19
808580b754000000,18
808580b75c000000,18
808580b764000000,16
808580b76c000000,15
808580b774000000,15
808580b77c000000,15
808580b784000000,16
808580b78c000000,16
808580b794000000,16
808580b79c000000,16
808580b7a4000000,17
808580b7ac000000,17
808580b7b4000000,16
808580b7bc000000,17
808580b7c4000000,17
808580b7cc000000,13
808580b7d4000000,14
808580b7dc000000,15
808580b7e4000000,15
808580b7ec000000,16
808580b7f4000000,15
808580b7fc000000,16
808580b804000000,16
808580b80c000000,14
808580b814000000,15
808580b81c000000,16
808580b824000000,16
808580b82c000000,16
808580b834000000,16
808580b83c000000,16
808580b844000000,15
808580b84c000000,17
808580b854000000,16
808580b85c000000,15
808580b864000000,15
808580b86c000000,15
808580b874000000,14
808580b87c000000,14
808580b884000000,15
808580b88c000000,15
808580b894000000,14
808580b89c000000,15
808580b8a4000000,15
808580b8ac000000,14
808580b8b4000000,14
808580b8bc000000,15
808580b8c4000000,16
808580b8cc000000,14
808580b8d4000000,16
808580b8dc000000,17
808580b8e4000000,17
808580b8ec000000,17
808580b8f4000000,17
808580b8fc000000,17
808580b904000000,18
808580b90c000000,19
808580b914000000,19
808580b91c000000,18
808580b924000000,16
808580b92c000000,17
808580b934000000,16
808580b93c000000,18
808580b944000000,17
808580b94c000000,17
808580b954000000,19
808580b95c000000,19
808580b964000000,18
808580b96c000000,17
808580b974000000,17
808580b97c000000,18
808580b984000000,17
808580b98c000000,17
808580b994000000,15
808580b99c000000,16
808580b9a4000000,16
808580b9ac000000,17
808580b9b4000000,16
808580b9bc000000,15
808580b9c4000000,15
808580b9cc000000,16
808580b9d4000000,15
808580b9dc000000,16
808580b9e4000000,16
808580b9ec000000,16
808580b9f4000000,18
808580b9fc000000,18
808580ba04000000,20
808580ba0c000000,22
808580ba14000000,22
808580ba1c000000,21
808580ba24000000,20
808580ba2c000000,18
808580ba34000000,20
808580ba3c000000,22
808580ba44000000,21
808580ba4c000000,21
808580ba54000000,22
808580ba5c000000,21
808580ba64000000,21
808580ba6c000000,22
808580ba74000000,21
808580ba7c000000,21
808580ba84000000,20
808580ba8c000000,22
808580ba94000000,21
808580ba9c000000,23
808580baa4000000,25
808580baac000000,27
808580bab4000000,28
808580babc000000,24
808580bac4000000,22
808580bacc000000,29
808580bad4000000,25
808580badc000000,23
808580bae4000000,22
808580baec000000,21
808580baf4000000,21
808580bafc000000,21
808580bb04000000,23
808580bb0c000000,23
808580bb14000000,24
808580bb1c000000,22
808580bb24000000,24
808580bb2c000000,24
808580bb34000000,21
808580bb3c000000,24
808580bb44000000,23
808580bb4c000000,22
808580bb54000000,23
808580bb5c000000,24
808580bb64000000,24
808580bb6c000000,24
808580bb74000000,22
808580bb7c000000,24
808580bb84000000,22
808580bb8c000000,21
808580bb94000000,20
808580bb9c000000,22
808580bba4000000,22
808580bbac000000,23
808580bbb4000000,20
808580bbbc000000,20
808580bbc4000000,19
808580bbcc000000,19
808580bbd4000000,16
808580bbdc000000,18
808580bbe4000000,19
808580bbec000000,19
808580bbf4000000,20
808580bbfc000000,19
808580bc04000000,18
808580bc0c000000,19
808580bc14000000,20
808580bc1c000000,19
808580bc24000000,20
808580bc2c000000,20
808580bc34000000,21
808580bc3c000000,21
808580bc44000000,23
808580bc4c000000,22
808580bc54000000,24
808580bc5c000000,24
808580bc64000000,23
808580bc6c000000,24
808580bc74000000,22
808580bc7c000000,25
808580bc84000000,24
808580bc8c000000,24
808580bc94000000,24
808580bc9c000000,24
808580bca4000000,24
808580bcac000000,23
808580bcb4000000,22
808580bcbc000000,24
808580bcc4000000,24
808580bccc000000,24
808580bcd4000000,24
808580bcdc000000,25
808580bce4000000,25
808580bcec000000,24
808580bcf4000000,25
808580bcfc000000,25
808580bd04000000,24
808580bd0c000000,24
808580bd14000000,24
808580bd1c000000,25
808580bd24000000,25
808580bd2c000000,25
808580bd34000000,26
808580bd3c000000,26
808580bd44000000,25
808580bd4c000000,26
808580bd54000000,23
808580bd5c000000,23
808580bd64000000,23
808580bd6c000000,24
808580bd74000000,22
808580bd7c000000,22
808580bd84000000,21
808580bd8c000000,19
808580bd94000000,19
808580bd9c000000,21
808580bda4000000,23
808580bdac000000,24
808580bdb4000000,21
808580bdbc000000,21
808580bdc4000000,18
808580bdcc000000,22
808580bdd4000000,18
808580bddc000000,15
808580bde4000000,16
808580bdec000000,15
808580bdf4000000,17
808580bdfc000000,17
808580be04000000,18
808580be0c000000,18
808580be14000000,16
808580be1c000000,16
808580be24000000,16
808580be2c000000,15
808580be34000000,14
808580be3c000000,15
808580be44000000,17
808580be4c000000,15
808580be54000000,17
808580be5c000000,17
808580be64000000,17
808580be6c000000,18
808580be74000000,17
808580be7c000000,17
808580be84000000,18
808580be8c000000,18
808580be94000000,17
808580be9c000000,18
808580bea4000000,18
808580beac000000,18
808580beb4000000,18
808580bebc000000,18
808580bec4000000,17
808580becc000000,17
808580bed4000000,15
808580bedc000000,15
808580bee4000000,15
808580beec000000,17
808580bef4000000,18
808580befc000000,15
808580bf04000000,13
808580bf0c000000,13
808580bf14000000,13
808580bf1c000000,13
808580bf24000000,14
808580bf2c000000,15
808580bf34000000,14
808580bf3c000000,12
808580bf44000000,14
808580bf4c000000,14
808580bf54000000,14
808580bf5c000000,15
808580bf64000000,14
808580bf6c000000,13
808580bf74000000,13
808580bf7c000000,14
808580bf84000000,14
808580bf8c000000,13
808580bf94000000,14
808580bf9c000000,14
808580bfa4000000,13
808580bfac000000,13
808580bfb4000000,15
808580bfbc000000,14
808580bfc4000000,13
808580bfcc000000,14
808580bfd4000000,14
808580bfdc000000,14
808580bfe4000000,13
808580bfec000000,12
808580bff4000000,12
808580bffc000000,11
808580c004000000,11
808580c00c000000,12
808580c014000000,12
808580c01c000000,10
808580c024000000,9
808580c02c000000,10
808580c034000000,10
808580c03c000000,11
808580c044000000,12
808580c04c000000,10
808580c054000000,10
808580c05c000000,12
808580c064000000,12
808580c06c000000,12
808580c074000000,12
808580c07c000000,14
808580c084000000,14
808580c08c000000,13
808580c094000000,15
808580c09c000000,15
808580c0a4000000,16
808580c0ac000000,15
808580c0b4000000,16
808580c0bc000000,17
808580c0c4000000,15
808580c0cc000000,16
808580c0d4000000,14
808580c0dc000000,13
808580c0e4000000,14
808580c0ec000000,14
808580c0f4000000,12
808580c0fc000000,11
808580c104000000,11
808580c10c000000,10
808580c114000000,12
808580c11c000000,13
808580c124000000,13
808580c12c000000,13
808580c134000000,12
808580c13c000000,12
808580c144000000,11
808580c14c000000,10
808580c154000000,10
808580c15c000000,9
808580c164000000,9
808580c16c000000,10
808580c174000000,9
808580c17c000000,8
808580c184000000,10
808580c18c000000,11
808580c194000000,10
808580c19c000000,10
808580c1a4000000,10
808580c1ac000000,10
808580c1b4000000,10
808580c1bc000000,10
808580c1c4000000,10
808580c1cc000000,10
808580c1d4000000,10
808580c1dc000000,10
808580c1e4000000,10
808580c1ec000000,10
808580c1f4000000,10
808580c1fc000000,9
808580c204000000,9
808580c20c000000,8
808580c214000000,8
808580c21c000000,9
808580c224000000,10
808580c22c000000,10
808580c234000000,9
808580c23c000000,8
808580c244000000,7
808580c24c000000,7
808580c254000000,7
808580c25c000000,7
808580c264000000,7
808580c26c000000,7
808580c274000000,7
808580c27c000000,5
808580c284000000,4
808580c28c000000,5
808580c294000000,3
808580c29c000000,3
808580c2a4000000,2
808580c2ac000000,2
808580c2b4000000,2
808580c2bc000000,2
808580c2c4000000,2
808580c2cc000000,2
808580c2d4000000,2
808580c2dc000000,3
808580c2e4000000,5
808580c2ec000000,4
808580c2f4000000,7
808580c2fc000000,6
808580c304000000,6
808580c30c000000,6
808580c314000000,5
808580c31c000000,5
808580c324000000,4
808580c32c000000,2
808580c334000000,4
808580c33c000000,4
808580c344000000,5
808580c34c000000,5
808580c354000000,5
808580c35c000000,5
808580c364000000,6
808580c36c000000,5
808580c374000000,6
808580c37c000000,8
808580c384000000,8
808580c38c000000,8
808580c394000000,8
808580c39c000000,7
808580c3a4000000,6
808580c3ac000000,6
808580c3b4000000,7
808580c3bc000000,7
808580c3c4000000,8
808580c3cc000000,8
808580c3d4000000,9
808580c3dc000000,8
808580c3e4000000,9
808580c3ec000000,9
808580c3f4000000,9
808580c3fc000000,11
808580c404000000,11
808580c40c000000,9
808580c414000000,11
808580c41c000000,11
808580c424000000,11
808580c42c000000,10
808580c434000000,11
808580c43c000000,11
808580c444000000,11
808580c44c000000,11
808580c454000000,10
808580c45c000000,8
808580c464000000,8
808580c46c000000,9
808580c474000000,8
808580c47c000000,8
808580c484000000,8
808580c48c000000,8
808580c494000000,7
808580c49c000000,7
808580c4a4000000,6
808580c4ac000000,5
808580c4b4000000,7
808580c4bc000000,7
808580c4c4000000,7
808580c4cc000000,7
808580c4d4000000,6
808580c4dc000000,7
808580c4e4000000,7
808580c4ec000000,7
808580c4f4000000,8
808580c4fc000000,8
808580c504000000,9
808580c50c000000,10
808580c514000000,9
808580c51c000000,8
808580c524000000,6
808580c52c000000,6
808580c534000000,6
808580c53c000000,7
808580c544000000,7
808580c54c000000,7
808580c554000000,7
808580c55c000000,8
808580c564000000,10
808580c56c000000,9
808580c574000000,10
808580c57c000000,10
808580c584000000,13
808580c58c000000,13
808580c594000000,13
808580c59c000000,11
808580c5a4000000,11
808580c5ac000000,10
808580c5b4000000,11
808580c5bc000000,11
808580c5c4000000,11
808580c5cc000000,11
808580c5d4000000,10
808580c5dc000000,11
808580c5e4000000,12
808580c5ec000000,13
808580c5f4000000,13
808580c5fc000000,13
808580c604000000,12
808580c60c000000,11
808580c614000000,12
808580c61c000000,12
808580c624000000,12
808580c62c000000,12
808580c634000000,12
808580c63c000000,13
808580c644000000,13
808580c64c000000,13
808580c654000000,12
808580c65c000000,12
808580c664000000,12
808580c66c000000,12
808580c674000000,11
808580c67c000000,11
808580c684000000,10
808580c68c000000,10
808580c694000000,10
808580c69c000000,10
808580c6a4000000,10
808580c6ac000000,10
808580c6b4000000,10
808580c6bc000000,11
808580c6c4000000,11
808580c6cc000000,11
808580c6d4000000,13
808580c6dc000000,13
808580c6e4000000,12
808580c6ec000000,12
808580c6f4000000,12
808580c6fc000000,13
808580c704000000,15
808580c70c000000,14
808580c714000000,14
808580c71c000000,15
808580c724000000,15
808580c72c000000,14
808580c734000000,16
808580c73c000000,15
808580c744000000,16
808580c74c000000,16
808580c754000000,16
808580c75c000000,16
808580c764000000,16
808580c76c000000,14
808580c774000000,14
808580c77c000000,14
808580c784000000,14
808580c78c000000,15
808580c794000000,14
808580c79c000000,14
808580c7a4000000,13
808580c7ac000000,12
808580c7b4000000,12
808580c7bc000000,14
808580c7c4000000,14
808580c7cc000000,13
808580c7d4000000,14
808580c7dc000000,15
808580c7e4000000,16
808580c7ec000000,15
808580c7f4000000,14
808580c7fc000000,14
808580c804000000,15
808580c80c000000,16
808580c814000000,15
808580c81c000000,15
808580c824000000,13
808580c82c000000,14
808580c834000000,14
808580c83c000000,14
808580c844000000,14
808580c84c000000,13
808580c854000000,15
808580c85c000000,15
808580c864000000,15
808580c86c000000,15
808580c874000000,14
808580c87c000000,15
808580c884000000,13
808580c88c000000,15
808580c894000000,13
808580c89c000000,13
808580c8a4000000,12
808580c8ac000000,11
808580c8b4000000,12
808580c8bc000000,13
808580c8c4000000,13
808580c8cc000000,12
808580c8d4000000,12
808580c8dc000000,13
808580c8e4000000,14
808580c8ec000000,13
808580c8f4000000,16
808580c8fc000000,15
808580c904000000,15
808580c90c000000,16
808580c914000000,14
808580c91c000000,13
808580c924000000,13
808580c92c000000,12
808580c934000000,12
808580c93c000000,13
808580c944000000,14
808580c94c000000,13
808580c954000000,13
808580c95c000000,14
808580c964000000,15
808580c96c000000,15
808580c974000000,15
808580c97c000000,15
808580c984000000,14
808580c98c000000,15
808580c994000000,16
808580c99c000000,15
808580c9a4000000,16
808580c9ac000000,13
808580c9b4000000,14
808580c9bc000000,16
808580c9c4000000,16
808580c9cc000000,14
808580c9d4000000,15
808580c9dc000000,16
808580c9e4000000,17
808580c9ec000000,16
808580c9f4000000,15
808580c9fc000000,17
808580ca04000000,16
808580ca0c000000,15
808580ca14000000,13
808580ca1c000000,15
808580ca24000000,15
808580ca2c000000,15
808580ca34000000,14
808580ca3c000000,14
808580ca44000000,14
808580ca4c000000,16
808580ca54000000,15
808580ca5c000000,14
808580ca64000000,15
808580ca6c000000,13
808580ca74000000,15
808580ca7c000000,13
808580ca84000000,15
808580ca8c000000,15
808580ca94000000,14
808580ca9c000000,14
808580caa4000000,14
808580caac000000,13
808580cab4000000,14
808580cabc000000,14
808580cac4000000,14
808580cacc000000,14
808580cad4000000,15
808580cadc000000,15
808580cae4000000,15
808580caec000000,14
808580caf4000000,14
808580cafc000000,15
808580cb04000000,14
808580cb0c000000,13
808580cb14000000,14
808580cb1c000000,15
808580cb24000000,13
808580cb2c000000,13
808580cb34000000,13
808580cb3c000000,14
808580cb44000000,14
808580cb4c000000,14
808580cb54000000,14
808580cb5c000000,15
808580cb64000000,15
808580cb6c000000,14
808580cb74000000,14
808580cb7c000000,14
808580cb84000000,14
808580cb8c000000,15
808580cb94000000,16
808580cb9c000000,14
808580cba4000000,14
808580cbac000000,13
808580cbb4000000,15
808580cbbc000000,16
808580cbc4000000,17
808580cbcc000000,14
808580cbd4000000,14
808580cbdc000000,15
808580cbe4000000,15
808580cbec000000,16
808580cbf4000000,14
808580cbfc000000,14
808580cc04000000,12
808580cc0c000000,12
808580cc14000000,11
808580cc1c000000,11
808580cc24000000,10
808580cc2c000000,9
808580cc34000000,10
808580cc3c000000,10
808580cc44000000,10
808580cc4c000000,10
808580cc54000000,9
808580cc5c000000,9
808580cc64000000,11
808580cc6c000000,11
808580cc74000000,12
808580cc7c000000,11
808580cc84000000,13
808580cc8c000000,11
808580cc94000000,11
808580cc9c000000,13
808580cca4000000,13
808580ccac000000,13
808580ccb4000000,13
808580ccbc000000,13
808580ccc4000000,12
808580cccc000000,13
808580ccd4000000,11
808580ccdc000000,11
808580cce4000000,10
808580ccec000000,11
808580ccf4000000,11
808580ccfc000000,11
808580cd04000000,8
808580cd0c000000,8
808580cd14000000,9
808580cd1c000000,10
808580cd24000000,9
808580cd2c000000,10
808580cd34000000,10
808580cd3c000000,9
808580cd44000000,9
808580cd4c000000,10
808580cd54000000,9
808580cd5c000000,8
808580cd64000000,9
808580cd6c000000,9
808580cd74000000,8
808580cd7c000000,8
808580cd84000000,8
808580cd8c000000,9
808580cd94000000,8
808580cd9c000000,7
808580cda4000000,9
808580cdac000000,9
808580cdb4000000,10
808580cdbc000000,9
808580cdc4000000,9
808580cdcc000000,9
808580cdd4000000,9
808580cddc000000,9
808580cde4000000,9
808580cdec000000,10
808580cdf4000000,10
808580cdfc000000,10
808580ce04000000,10
808580ce0c000000,10
808580ce14000000,10
808580ce1c000000,10
808580ce24000000,10
808580ce2c000000,10
808580ce34000000,11
808580ce3c000000,11
808580ce44000000,10
808580ce4c000000,11
808580ce54000000,10
808580ce5c000000,10
808580ce64000000,10
808580ce6c000000,10
808580ce74000000,10
808580ce7c000000,10
808580ce84000000,10
808580ce8c000000,10
808580ce94000000,10
808580ce9c000000,10
808580cea4000000,11
808580ceac000000,12
808580ceb4000000,12
808580cebc000000,11
808580cec4000000,10
808580cecc000000,12
808580ced4000000,12
808580cedc000000,11
808580cee4000000,10
808580ceec000000,10
808580cef4000000,10
808580cefc000000,10
808580cf04000000,11
808580cf0c000000,13
808580cf14000000,13
808580cf1c000000,12
808580cf24000000,11
808580cf2c000000,12
808580cf34000000,12
808580cf3c000000,12
808580cf44000000,13
808580cf4c000000,12
808580cf54000000,13
808580cf5c000000,13
808580cf64000000,13
808580cf6c000000,13
808580cf74000000,13
808580cf7c000000,13
808580cf84000000,12
808580cf8c000000,10
808580cf94000000,11
808580cf9c000000,12
808580cfa4000000,12
808580cfac000000,12
808580cfb4000000,12
808580cfbc000000,12
808580cfc4000000,10
808580cfcc000000,11
808580cfd4000000,10
808580cfdc000000,9
808580cfe4000000,9
808580cfec000000,10
808580cff4000000,9
808580cffc000000,7
808580d004000000,7
808580d00c000000,7
808580d014000000,7
808580d01c000000,7
808580d024000000,7
808580d02c000000,8
808580d034000000,7
808580d03c000000,7
808580d044000000,8
808580d04c000000,8
808580d054000000,7
808580d05c000000,6
808580d064000000,6
808580d06c000000,7
808580d074000000,5
808580d07c000000,6
808580d084000000,6
808580d08c000000,6
808580d094000000,6
808580d09c000000,6
808580d0a4000000,6
808580d0ac000000,6
808580d0b4000000,6
808580d0bc000000,6
808580d0c4000000,6
808580d0cc000000,6
808580d0d4000000,6
808580d0dc000000,6
808580d0e4000000,6
808580d0ec000000,6
808580d0f4000000,6
808580d0fc000000,6
808580d104000000,6
808580d10c000000,8
808580d114000000,6
808580d11c000000,6
808580d124000000,6
808580d12c000000,6
808580d134000000,6
808580d13c000000,6
808580d144000000,6
808580d14c000000,6
808580d154000000,8
808580d15c000000,9
808580d164000000,10
808580d16c000000,8
808580d174000000,8
808580d17c000000,10
808580d184000000,10
808580d18c000000,9
808580d194000000,8
808580d19c000000,8
808580d1a4000000,8
808580d1ac000000,8
808580d1b4000000,8
808580d1bc000000,8
808580d1c4000000,9
808580d1cc000000,8
808580d1d4000000,8
808580d1dc000000,9
808580d1e4000000,9
808580d1ec000000,9
808580d1f4000000,8
808580d1fc000000,9
808580d204000000,9
808580d20c000000,9
808580d214000000,8
808580d21c000000,10
808580d224000000,9
808580d22c000000,10
808580d234000000,9
808580d23c000000,8
808580d244000000,8
808580d24c000000,9
808580d254000000,7
808580d25c000000,8
808580d264000000,7
808580d26c000000,7
808580d274000000,9
808580d27c000000,7
808580d284000000,7
808580d28c000000,7
808580d294000000,7
808580d29c000000,8
808580d2a4000000,9
808580d2ac000000,9
808580d2b4000000,11
808580d2bc000000,10
808580d2c4000000,8
808580d2cc000000,10
808580d2d4000000,9
808580d2dc000000,8
808580d2e4000000,8
808580d2ec000000,8
808580d2f4000000,8
808580d2fc000000,8
808580d304000000,7
808580d30c000000,9
808580d314000000,7
808580d31c000000,7
808580d324000000,8
808580d32c000000,9
808580d334000000,8
808580d33c000000,7
808580d344000000,8
808580d34c000000,7
808580d354000000,8
808580d35c000000,8
808580d364000000,9
808580d36c000000,9
808580d374000000,9
808580d37c000000,9
808580d384000000,9
808580d38c000000,9
808580d394000000,9
808580d39c000000,9
808580d3a4000000,9
808580d3ac000000,9
808580d3b4000000,9
808580d3bc000000,9
808580d3c4000000,9
808580d3cc000000,9
808580d3d4000000,10
808580d3dc000000,10
808580d3e4000000,10
808580d3ec000000,9
808580d3f4000000,8
808580d3fc000000,8
808580d404000000,8
808580d40c000000,7
808580d414000000,7
808580d41c000000,8
808580d424000000,6
808580d42c000000,6
808580d434000000,6
808580d43c000000,6
808580d444000000,7
808580d44c000000,6
808580d454000000,7
808580d45c000000,7
808580d464000000,7
808580d46c000000,7
808580d474000000,7
808580d47c000000,8
808580d484000000,9
808580d48c000000,7
808580d494000000,7
808580d49c000000,9
808580d4a4000000,9
808580d4ac000000,7
808580d4b4000000,6
808580d4bc000000,7
808580d4c4000000,7
808580d4cc000000,6
808580d4d4000000,7
808580d4dc000000,7
808580d4e4000000,7
808580d4ec000000,7
808580d4f4000000,7
808580d4fc000000,7
808580d504000000,6
808580d50c000000,6
808580d514000000,6
808580d51c000000,7
808580d524000000,7
808580d52c000000,7
808580d534000000,7
808580d53c000000,6
808580d544000000,6
808580d54c000000,6
808580d554000000,6
808580d55c000000,6
808580d564000000,5
808580d56c000000,6
808580d574000000,6
808580d57c000000,5
808580d584000000,5
808580d58c000000,5
808580d594000000,6
808580d59c000000,6
808580d5a4000000,6
808580d5ac000000,6
808580d5b4000000,6
808580d5bc000000,6
808580d5c4000000,6
808580d5cc000000,6
808580d5d4000000,6
808580d5dc000000,6
808580d5e4000000,6
808580d5ec000000,6
808580d5f4000000,5
808580d5fc000000,5
808580d604000000,5
808580d60c000000,6
808580d614000000,6
808580d61c000000,5
808580d624000000,5
808580d62c000000,4
808580d634000000,4
808580d63c000000,6
808580d644000000,6
808580d64c000000,5
808580d654000000,6
808580d65c000000,6
808580d664000000,6
808580d66c000000,6
808580d674000000,6
808580d67c000000,6
808580d684000000,6
808580d68c000000,6
808580d694000000,7
808580d69c000000,6
808580d6a4000000,7
808580d6ac000000,7
808580d6b4000000,7
808580d6bc000000,7
808580d6c4000000,6
808580d6cc000000,6
808580d6d4000000,6
808580d6dc000000,6
808580d6e4000000,6
808580d6ec000000,7
808580d6f4000000,7
808580d6fc000000,6
808580d704000000,6
808580d70c000000,5
808580d714000000,6
808580d71c000000,6
808580d724000000,6
808580d72c000000,6
808580d734000000,6
808580d73c000000,6
808580d744000000,6
808580d74c000000,6
808580d754000000,6
808580d75c000000,6
808580d764000000,5
808580d76c000000,6
808580d774000000,5
808580d77c000000,5
808580d784000000,4
808580d78c000000,4
808580d794000000,4
808580d79c000000,5
808580d7a4000000,5
808580d7ac000000,5
808580d7b4000000,5
808580d7bc000000,4
808580d7c4000000,4
808580d7cc000000,4
808580d7d4000000,4
808580d7dc000000,4
808580d7e4000000,4
808580d7ec000000,4
808580d7f4000000,4
808580d7fc000000,3
808580d804000000,3
808580d80c000000,3
808580d814000000,3
808580d81c000000,3
808580d824000000,3
808580d82c000000,4
808580d834000000,3
808580d83c000000,3
808580d844000000,3
808580d84c000000,3
808580d854000000,3
808580d85c000000,3
808580d864000000,3
808580d86c000000,3
808580d874000000,3
808580d87c000000,3
808580d884000000,3
808580d88c000000,3
808580d894000000,3
808580d89c000000,3
808580d8a4000000,3
808580d8ac000000,3
808580d8b4000000,2
808580d8bc000000,3
808580d8c4000000,3
808580d8cc000000,2
808580d8d4000000,3
808580d8dc000000,3
808580d8e4000000,3
808580d8ec000000,3
808580d8f4000000,3
808580d8fc000000,3
808580d904000000,3
808580d90c000000,3
808580d914000000,3
808580d91c000000,3
808580d924000000,3
808580d92c000000,3
808580d934000000,3
808580d93c000000,3
808580d944000000,3
808580d94c000000,3
808580d954000000,3
808580d95c000000,3
808580d964000000,3
808580d96c000000,3
808580d974000000,3
808580d97c000000,3
808580d984000000,3
808580d98c000000,4
808580d994000000,3
808580d99c000000,3
808580d9a4000000,3
808580d9ac000000,3
808580d9b4000000,3
808580d9bc000000,3
808580d9c4000000,4
808580d9cc000000,3
808580d9d4000000,4
808580d9dc000000,5
808580d9e4000000,6
808580d9ec000000,4
808580d9f4000000,6
808580d9fc000000,6
808580da04000000,6
808580da0c000000,6
808580da14000000,6
808580da1c000000,6
808580da24000000,6
808580da2c000000,3
808580da34000000,4
808580da3c000000,6
808580da44000000,6
808580da4c000000,5
808580da54000000,6
808580da5c000000,6
808580da64000000,6
808580da6c000000,6
808580da74000000,6
808580da7c000000,6
808580da84000000,6
808580da8c000000,6
808580da94000000,5
808580da9c000000,5
808580daa4000000,6
808580daac000000,7
808580dab4000000,7
808580dabc000000,6
808580dac4000000,6
808580dacc000000,6
808580dad4000000,6
808580dadc000000,6
808580dae4000000,6
808580daec000000,6
808580daf4000000,6
808580dafc000000,6
808580db04000000,5
808580db0c000000,4
808580db14000000,5
808580db1c000000,6
808580db24000000,6
808580db2c000000,6
808580db34000000,6
808580db3c000000,5
808580db44000000,4
808580db4c000000,5
808580db54000000,5
808580db5c000000,4
808580db64000000,4
808580db6c000000,4
808580db74000000,4
808580db7c000000,3
808580db84000000,3
808580db8c000000,3
808580db94000000,3
808580db9c000000,3
808580dba4000000,4
808580dbac000000,4
808580dbb4000000,4
808580dbbc000000,3
808580dbc4000000,3
808580dbcc000000,3
808580dbd4000000,3
808580dbdc000000,3
808580dbe4000000,3
808580dbec000000,3
808580dbf4000000,3
808580dbfc000000,3
808580dc04000000,3
808580dc0c000000,3
808580dc14000000,3
808580dc1c000000,3
808580dc24000000,2
808580dc2c000000,1
808580dc34000000,1
808580dc3c000000,2
808580dc44000000,3
808580dc4c000000,2
808580dc54000000,2
808580dc5c000000,3
808580dc64000000,3
808580dc6c000000,3
808580dc74000000,3
808580dc7c000000,3
808580dc84000000,3
808580dc8c000000,3
808580dc94000000,2
808580dc9c000000,2
808580dca4000000,2
808580dcac000000,5
808580dcb4000000,2
808580dcbc000000,2
808580dcc4000000,2
808580dccc000000,2
808580dcd4000000,2
808580dcdc000000,2
808580dce4000000,2
808580dcec000000,2
808580dcf4000000,2
808580dcfc000000,2
808580dd04000000,2
808580dd0c000000,2
808580dd14000000,2
808580dd1c000000,2
808580dd24000000,2
808580dd2c000000,2
808580dd34000000,2
808580dd3c000000,2
808580dd44000000,2
808580dd4c000000,2
808580dd54000000,2
808580dd5c000000,1
808580dd64000000,1
808580dd6c000000,2
808580dd74000000,1
808580dd7c000000,1
808580dd84000000,1
808580dd8c000000,1
808580dd94000000,1
808580dd9c000000,1
808580dda4000000,1
808580ddac000000,2
808580ddb4000000,1
808580ddbc000000,1
808580ddc4000000,1
808580ddcc000000,1
808580ddd4000000,1
808580dddc000000,1
808580dde4000000,1
808580ddec000000,1
808580ddf4000000,1
808580ddfc000000,1
808580de04000000,1
808580de0c000000,1
808580de14000000,2
808580de1c000000,2
808580de24000000,2
808580de2c000000,2
808580de34000000,2
808580de3c000000,2
808580de44000000,2
808580de4c000000,2
808580de54000000,2
808580de5c000000,2
808580de64000000,1
808580de6c000000,2
808580de74000000,1
808580de7c000000,1
808580de84000000,1
808580de8c000000,1
808580de94000000,1
808580de9c000000,1
808580dea4000000,3
808580deac000000,3
808580deb4000000,3
808580debc000000,2
808580dec4000000,2
808580decc000000,3
808580ded4000000,2
808580dedc000000,1
808580dee4000000,1
808580deec000000,1
808580def4000000,1
808580defc000000,2
808580df04000000,2
808580df0c000000,2
808580df14000000,2
808580df1c000000,2
808580df24000000,2
808580df2c000000,2
808580df34000000,3
808580df3c000000,2
808580df44000000,2
808580df4c000000,2
808580df54000000,2
808580df5c000000,2
808580df64000000,2
808580df6c000000,2
808580df74000000,2
808580df7c000000,2
808580df84000000,2
808580df8c000000,2
808580df94000000,2
808580df9c000000,2
808580dfa4000000,2
808580dfac000000,2
808580dfb4000000,2
808580dfbc000000,2
808580dfc4000000,2
808580dfcc000000,2
808580dfd4000000,2
808580dfdc000000,2
808580dfe4000000,2
808580dfec000000,2
808580dff4000000,2
808580dffc000000,2
808580e004000000,1
808580e00c000000,2
808580e014000000,1
808580e01c000000,1
808580e024000000,1
808580e02c000000,1
808580e034000000,1
808580e03c000000,1
808580e044000000,1
808580e04c000000,1
808580e054000000,1
808580e05c000000,1
808580e064000000,2
808580e06c000000,1
808580e074000000,2
808580e07c000000,2
808580e084000000,2
808580e08c000000,2
808580e094000000,2
808580e09c000000,2
808580e0a4000000,2
808580e0ac000000,1
808580e0b4000000,2
808580e0bc000000,2
808580e0c4000000,2
808580e0cc000000,2
808580e0d4000000,1
808580e0dc000000,1
808580e0e4000000,1
808580e0ec000000,2
808580e0f4000000,2
808580e0fc000000,1
808580e104000000,1
808580e10c000000,1
808580e11c000000,1
808580e1a4000000,1
808580e1ac000000,1
808580e1b4000000,1
808580e1bc000000,1
808580e1c4000000,1
808580e1cc000000,1
808580e1d4000000,1
808580e1dc000000,1
808580e1e4000000,1
808580e704000000,1
808580e70c000000,1
808580e714000000,1
808580e71c000000,1
808580e724000000,1
808580e72c000000,1
808580e734000000,1
808580e73c000000,1
808580e744000000,1
808580e74c000000,1
808580e754000000,1
808580e75c000000,1
808580e764000000,1
808580e76c000000,1
808580e774000000,1
808580e77c000000,1
808580e784000000,1
808580e78c000000,1
808580e794000000,1
808580e79c000000,1
808580e7a4000000,1
808580e7ac000000,1
808580e7b4000000,1
808580e7bc000000,1
808580e7c4000000,1
808580e7cc000000,1
808580e7d4000000,1
808580e7dc000000,1
808580e7e4000000,1
808580e7ec000000,1
808580e7f4000000,1
808580e7fc000000,1
808580e804000000,1
808580e80c000000,1
808580e814000000,1
808580e81c000000,2
808580e824000000,2
808580e82c000000,4
808580e834000000,3
808580e83c000000,1
808580e844000000,1
808580e84c000000,1
808580e854000000,1
808580e85c000000,1
808580e864000000,1
808580e86c000000,1
808580e874000000,1
808580e87c000000,1
808580e904000000,1
808580e90c000000,1
808580e914000000,1
808580e91c000000,1
808580e93c000000,1
808580e944000000,1
808580e94c000000,1
808580e954000000,1
808580e95c000000,1
808580e964000000,1
808580e96c000000,1
808580e974000000,1
808580e97c000000,3
808580e984000000,4
808580e98c000000,6
808580e994000000,4
808580e99c000000,4
808580e9a4000000,3
808580e9ac000000,2
808580e9b4000000,2
808580e9bc000000,3
808580e9c4000000,5
808580e9cc000000,4
808580e9d4000000,5
808580e9dc000000,6
808580e9e4000000,7
808580e9ec000000,5
808580e9f4000000,6
808580e9fc000000,6
808580ea04000000,7
808580ea0c000000,7
808580ea14000000,7
808580ea1c000000,7
808580ea24000000,7
808580ea2c000000,5
808580ea34000000,6
808580ea3c000000,7
808580ea44000000,7
808580ea4c000000,7
808580ea54000000,7
808580ea5c000000,8
808580ea64000000,8
808580ea6c000000,8
808580ea74000000,8
808580ea7c000000,8
808580ea84000000,8
808580ea8c000000,8
808580ea94000000,9
808580ea9c000000,9
808580eaa4000000,9
808580eaac000000,11
808580eab4000000,10
808580eabc000000,9
808580eac4000000,10
808580eacc000000,9
808580ead4000000,10
808580eadc000000,8
808580eae4000000,8
808580eaec000000,8
808580eaf4000000,8
808580eafc000000,8
808580eb04000000,5
808580eb0c000000,5
808580eb14000000,5
808580eb1c000000,7
808580eb24000000,7
808580eb2c000000,9
808580eb34000000,8
808580eb3c000000,6
808580eb44000000,5
808580eb4c000000,8
808580eb54000000,8
808580eb5c000000,6
808580eb64000000,5
808580eb6c000000,5
808580eb74000000,4
808580eb7c000000,4
808580eb84000000,4
808580eb8c000000,3
808580eb94000000,4
808580eb9c000000,4
808580eba4000000,4
808580ebac000000,5
808580ebb4000000,5
808580ebbc000000,4
808580ebc4000000,4
808580ebcc000000,4
808580ebd4000000,3
808580ebdc000000,3
808580ebe4000000,1
808580ebec000000,3
808580ebf4000000,2
808580ebfc000000,1
808580ec04000000,1
808580ec0c000000,1
808580ec14000000,2
808580ec1c000000,1
808580ec24000000,1
808580ec2c000000,1
808580ec34000000,2
808580ec3c000000,2
808580ec44000000,2
808580ec4c000000,2
808580ec54000000,2
808580ec5c000000,2
808580ec64000000,2
808580ec6c000000,2
808580ec74000000,2
808580ec7c000000,3
808580ec84000000,5
808580ec8c000000,3
808580ec94000000,3
808580ec9c000000,5
808580eca4000000,5
808580ecac000000,8
808580ecb4000000,7
808580ecbc000000,6
808580ecc4000000,5
808580eccc000000,7
808580ecd4000000,5
808580ecdc000000,4
808580ece4000000,2
808580ecec000000,2
808580ecf4000000,2
808580ecfc000000,2
808580ed04000000,2
808580ed0c000000,2
808580ed14000000,2
808580ed1c000000,2
808580ed24000000,3
808580ed2c000000,4
808580ed34000000,4
808580ed3c000000,3
808580ed44000000,3
808580ed4c000000,3
808580ed54000000,2
808580ed5c000000,2
808580ed64000000,2
808580ed6c000000,1
808580ed74000000,1
808580ed7c000000,1
808580ed84000000,1
808580ed8c000000,1
808580ed94000000,1
808580ed9c000000,1
808580eda4000000,1
808580edac000000,2
808580edb4000000,2
808580edbc000000,1
808580edc4000000,1
808580edcc000000,1
808580edec000000,1
808580edf4000000,1
808580ee9c000000,1
808580eea4000000,1
808580eeac000000,1
808580eeb4000000,1
808580f0ac000000,1
808580f0b4000000,1
808580f0cc000000,1
808580f0d4000000,1
808580f12c000000,1
808580f134000000,1
808580f14c000000,1
808580f254000000,1
808580f25c000000,1
808580f264000000,1
808580f26c000000,1
808580f274000000,1
808580f27c000000,1
808580f284000000,2
808580f28c000000,2
808580f294000000,2
808580f29c000000,2
808580f2a4000000,2
808580f2ac000000,2
808580f2b4000000,2
808580f2bc000000,2
808580f2c4000000,2
808580f2cc000000,3
808580f2d4000000,3
808580f2dc000000,2
808580f2e4000000,2
808580f2ec000000,2
808580f2f4000000,2
808580f2fc000000,1
808580f304000000,1
808580f30c000000,1
808580f314000000,2
808580f31c000000,2
808580f324000000,2
808580f32c000000,3
808580f334000000,3
808580f33c000000,2
808580f344000000,2
808580f34c000000,2
808580f354000000,1
808580f35c000000,1
808580f36c000000,1
808580f3ac000000,1
808580f41c000000,1
808580f424000000,1
808580f42c000000,1
808580f434000000,1
808580f43c000000,1
808580f44c000000,1
808580f454000000,1
808580f4ac000000,1
808580f4b4000000,1
808580f4d4000000,1
808580f504000000,1
808580f50c000000,2
808580f514000000,1
808580f524000000,1
808580f52c000000,1
808580f534000000,1
808580f53c000000,1
808580f544000000,1
808580f54c000000,1
808580f554000000,1
808580f55c000000,1
808580f564000000,1
808580f56c000000,1
808580f574000000,2
808580f57c000000,2
808580f584000000,2
808580f58c000000,2
808580f594000000,2
808580f59c000000,2
808580f5a4000000,1
808580f5ac000000,1
808580f5b4000000,1
808580f5bc000000,1
808580f5c4000000,1
808580f5cc000000,1
808580f5d4000000,1
808580f5dc000000,1
808580f5e4000000,1
808580f5ec000000,1
808580f5f4000000,1
808580f5fc000000,1
808580f604000000,1
808580f60c000000,1
808580f614000000,1
808580f61c000000,1
808580f624000000,1
808580f62c000000,1
808580f634000000,1
808580f63c000000,1
808580f644000000,1
808580f64c000000,1
808580f654000000,1
808580f65c000000,1
808580f664000000,1
808580f66c000000,1
808580f674000000,1
808580f67c000000,1
808580f684000000,1
808580f68c000000,1
808580f694000000,1
808580f69c000000,1
808580f6a4000000,1
808580f6ac000000,1
808580f6b4000000,1
808580f6bc000000,1
808580f6c4000000,1
808580f6cc000000,1
808580f6d4000000,1
808580f6dc000000,1
808580f6e4000000,1
808580f6ec000000,1
808580f6f4000000,1
808580f6fc000000,1
808580f704000000,1
808580f70c000000,1
808580f714000000,1
808580f71c000000,1
808580f724000000,1
808580f72c000000,1
808580f734000000,1
808580f73c000000,1
808580f744000000,1
808580f74c000000,1
808580f754000000,1
808580f75c000000,1
808580f764000000,1
808580f76c000000,1
808580f774000000,1
808580f77c000000,1
808580f784000000,1
808580f78c000000,1
808580f794000000,1
808580f79c000000,1
808580f7a4000000,1
808580f7ac000000,1
808580f7b4000000,1
808580f7bc000000,1
808580f7c4000000,1
808580f7cc000000,1
808580f7d4000000,1
808580f7dc000000,1
808580f7e4000000,1
808580f7ec000000,1
808580f7f4000000,1
808580f7fc000000,1
808580f804000000,1
808580f80c000000,1
808580f814000000,1
808580f81c000000,1
808580f824000000,1
808580f82c000000,1
808580f834000000,1
808580f83c000000,1
808580f844000000,1
808580f84c000000,1
808580f854000000,1
808580f85c000000,1
808580f864000000,1
808580f86c000000,1
808580f874000000,1
808580f87c000000,1
808580f884000000,1
808580f88c000000,1
808580f894000000,1
808580f89c000000,1
808580f8a4000000,1
808580f8ac000000,1
808580f8b4000000,1
808580f8bc000000,1
808580f8c4000000,1
808580f8cc000000,1
808580f8d4000000,1
808580f8dc000000,1
808580f8e4000000,1
808580f8ec000000,1
808580f8f4000000,1
808580f8fc000000,1
808580f904000000,1
808580f90c000000,1
808580f914000000,1
808580f91c000000,1
808580f924000000,1
808580f92c000000,1
808580f934000000,1
808580f93c000000,1
808580f96c000000,1
808580f974000000,1
808580f984000000,1
808580f98c000000,1
808580f994000000,1
808580f99c000000,1
808580f9a4000000,1
808580f9ac000000,1
808580f9b4000000,1
808580f9bc000000,1
808580f9c4000000,1
808580f9cc000000,1
808580f9d4000000,1
808580f9dc000000,1
808580f9e4000000,1
808580f9ec000000,1
808580f9f4000000,1
808580f9fc000000,1
808580fa04000000,1
808580fa1c000000,1
808580fc2c000000,1
808580fd74000000,1
808580fd7c000000,1
808580fd84000000,1
808580fd8c000000,1
808580fd94000000,1
808580fd9c000000,1
808580fda4000000,1
808580fdbc000000,1
808580fdc4000000,1
808580fdcc000000,1
808580fdd4000000,1
808580fddc000000,1
808580fde4000000,1
808580fdec000000,1
808580fdf4000000,1
808580fdfc000000,1
808580fe04000000,1
808580fe0c000000,1
808580fe14000000,1
808580fe1c000000,1
808580fe24000000,1
808580fe2c000000,1
808580fe34000000,1
808580fe3c000000,1
808580fe44000000,1
808580fe4c000000,1
808580fe54000000,1
808580fe5c000000,1
808580fe64000000,1
808580fe6c000000,1
808580fe74000000,1
808580fe7c000000,1
808580fe84000000,1
808580fe8c000000,1
808580fe94000000,1
808580fe9c000000,1
808580feb4000000,1
808580febc000000,1
808580fec4000000,1
808580fecc000000,1
808580fed4000000,1
808580fedc000000,1
808580fee4000000,1
808580feec000000,1
808580fef4000000,1
808580fefc000000,1
808580ff04000000,1
808580ff0c000000,1
808580ff14000000,1
808580ff1c000000,1
808580ff24000000,1
808580ff2c000000,1
808580ff34000000,1
808580ff3c000000,1
808580ff44000000,1
808580ff4c000000,1
808580ff54000000,1
808580ff5c000000,1
808580ff64000000,1
808580ff6c000000,1
808580ff74000000,1
808580ff7c000000,1
808580ff84000000,1
808580ff8c000000,1
808580ff94000000,1
808580ff9c000000,1
808580ffa4000000,1
808580ffac000000,1
808580ffb4000000,1
808580ffbc000000,1
808580ffc4000000,1
808580ffcc000000,1
808580ffd4000000,1
808580ffdc000000,1
808580ffe4000000,1
808580ffec000000,1
808580fff4000000,1
808580fffc000000,1
8085810004000000,1
808581000c000000,1
8085810014000000,1
808581001c000000,1
8085810024000000,1
808581002c000000,1
8085810034000000,1
808581003c000000,1
8085810044000000,1
808581004c000000,1
8085810054000000,1
808581005c000000,1
8085810064000000,1
808581006c000000,1
8085810074000000,1
808581007c000000,1
8085810084000000,1
808581008c000000,1
8085810094000000,1
808581009c000000,1
80858100a4000000,1
80858100bc000000,1
80858100c4000000,1
80858100cc000000,1
80858100d4000000,1
80858100dc000000,1
80858100e4000000,1
80858100ec000000,1
80858100f4000000,1
80858100fc000000,1
8085810104000000,1
808581010c000000,1
8085810114000000,1
808581011c000000,1
8085810124000000,1
808581012c000000,1
8085810134000000,1
808581013c000000,1
8085810144000000,1
808581014c000000,1
8085810154000000,1
808581015c000000,1
8085810164000000,1
808581016c000000,1
8085810174000000,1
808581017c000000,1
8085810184000000,1
808581018c000000,1
8085810194000000,1
808581019c000000,1
80858101a4000000,1
80858101ac000000,1
80858101b4000000,1
80858101bc000000,1
80858101c4000000,1
80858101cc000000,1
80858101d4000000,1
80858101dc000000,1
80858101e4000000,1
80858101ec000000,1
80858101f4000000,1
80858101fc000000,1
8085810204000000,1
808581020c000000,1
8085810214000000,1
808581021c000000,1
8085810224000000,1
808581022c000000,1
8085810234000000,1
808581023c000000,1
8085810244000000,1
808581024c000000,1
8085810254000000,1
808581025c000000,1
8085810264000000,1
808581026c000000,1
8085810274000000,1
808581027c000000,1
8085810284000000,1
808581028c000000,1
8085810294000000,1
808581029c000000,1
80858102bc000000,1
80858102c4000000,1
80858102cc000000,1
80858102d4000000,1
80858102dc000000,1
80858102e4000000,1
80858102ec000000,1
80858102f4000000,1
80858102fc000000,1
8085810304000000,1
808581030c000000,1
8085810314000000,1
808581031c000000,1
8085810324000000,1
808581032c000000,1
8085810334000000,1
808581033c000000,1
8085810344000000,1
808581034c000000,1
8085810354000000,1
808581035c000000,1
8085810364000000,1
808581036c000000,1
8085810374000000,1
808581037c000000,1
8085810384000000,1
808581038c000000,1
8085810394000000,1
808581039c000000,1
80858103a4000000,1
80858103ac000000,1
80858103b4000000,1
80858103bc000000,1
80858103c4000000,1
80858103cc000000,1
80858103d4000000,1
80858103dc000000,1
80858103e4000000,1
80858103ec000000,1
80858103f4000000,1
80858103fc000000,1
8085810404000000,1
808581040c000000,1
8085810414000000,1
808581041c000000,1
8085810424000000,1
8085810434000000,1
808581043c000000,1
8085810444000000,1
808581044c000000,1
8085810454000000,1
808581045c000000,1
8085810464000000,1
808581046c000000,1
8085810474000000,1
808581047c000000,1
8085810484000000,1
808581048c000000,1
8085810494000000,1
808581049c000000,1
80858104a4000000,1
80858104ac000000,1
80858104b4000000,2
80858104bc000000,1
80858104c4000000,1
80858104cc000000,2
80858104d4000000,2
80858104dc000000,1
80858104e4000000,1
80858104ec000000,1
80858104f4000000,1
80858104fc000000,1
8085810504000000,1
808581051c000000,1
8085810524000000,1
808581052c000000,2
80858105ac000000,1
8085810694000000,1
808581069c000000,1
80858106a4000000,1
80858106ac000000,1
80858106b4000000,1
80858106bc000000,1
80858106c4000000,1
80858106cc000000,1
80858106d4000000,1
808581072c000000,1
808581100c000000,1
8085811064000000,1
808581106c000000,1
8085811074000000,1
808581107c000000,1
8085811084000000,1
808581108c000000,1
8085811094000000,1
808581109c000000,1
80858110a4000000,1
80858110ac000000,1
80858110b4000000,1
80858110bc000000,1
80858110c4000000,1
80858110cc000000,1
80858110d4000000,1
80858110dc000000,1
80858110e4000000,1
80858110ec000000,1
80858110f4000000,1
808581112c000000,1
8085811614000000,1
808581161c000000,1
8085811624000000,1
808581162c000000,1
8085811634000000,1
808581163c000000,1
8085811644000000,1
808581164c000000,1
8085811654000000,1
808581165c000000,1
808581166c000000,1
80858116d4000000,1
80858116dc000000,1
80858116e4000000,1
80858116ec000000,1
80858116f4000000,1
80858116fc000000,1
8085811704000000,1
808581170c000000,1
8085811714000000,1
808581171c000000,1
8085811724000000,1
808581172c000000,1
8085811734000000,1
808581173c000000,1
8085811744000000,1
808581174c000000,1
8085811754000000,1
808581175c000000,1
8085811764000000,1
808581176c000000,1
8085811774000000,1
808581177c000000,1
8085811784000000,1
808581178c000000,1
8085811794000000,1
808581179c000000,1
80858117a4000000,1
80858117ac000000,1
80858117b4000000,1
80858117bc000000,1
80858117c4000000,1
80858117cc000000,1
80858117d4000000,1
80858117dc000000,1
80858117e4000000,1
80858117ec000000,1
80858117f4000000,1
80858117fc000000,1
8085811804000000,1
808581180c000000,1
8085811814000000,1
808581181c000000,1
8085811824000000,1
808581182c000000,1
8085811834000000,1
808581183c000000,1
8085811844000000,1
808581184c000000,1
8085811854000000,1
808581185c000000,1
8085811864000000,1
808581186c000000,1
8085811874000000,1
808581187c000000,1
8085811884000000,1
808581188c000000,1
8085811894000000,1
808581189c000000,1
80858118a4000000,1
80858118ac000000,1
80858118b4000000,1
80858118bc000000,1
80858118c4000000,1
80858118cc000000,1
80858118d4000000,1
80858118dc000000,1
80858118e4000000,1
80858118ec000000,1
80858118f4000000,1
80858118fc000000,1
8085811904000000,1
808581190c000000,1
8085811914000000,1
808581191c000000,1
8085811924000000,1
808581192c000000,1
8085811934000000,1
808581193c000000,1
8085811944000000,1
808581194c000000,1
8085811954000000,1
808581195c000000,1
8085811964000000,1
808581196c000000,1
8085811974000000,1
808581197c000000,1
8085811984000000,1
808581198c000000,1
8085811994000000,1
808581199c000000,1
80858119a4000000,1
80858119ac000000,1
80858119b4000000,1
80858119bc000000,1
80858119c4000000,1
80858119cc000000,1
80858119d4000000,1
80858119dc000000,1
80858119e4000000,1
80858119ec000000,1
80858119f4000000,1
80858119fc000000,1
8085811a04000000,1
8085811a0c000000,1
8085811a14000000,1
8085811a1c000000,1
8085811a24000000,1
8085811a2c000000,1
8085811a34000000,1
8085811a3c000000,1
8085811a44000000,1
8085811a4c000000,1
8085811a54000000,1
8085811a5c000000,1
8085811a64000000,1
8085811a6c000000,1
8085811a74000000,1
8085811a7c000000,1
8085811a84000000,1
8085811a8c000000,1
8085811a94000000,1
8085811a9c000000,1
8085811aa4000000,1
8085811aac000000,1
8085811ab4000000,1
8085811abc000000,1
8085811ac4000000,1
8085811acc000000,1
8085811ad4000000,1
8085811adc000000,1
8085811ae4000000,1
8085811aec000000,1
8085811af4000000,1
8085811afc000000,1
8085811b04000000,1
8085811b0c000000,1
8085811b14000000,1
8085811b1c000000,1
8085811b24000000,2
8085811b2c000000,2
8085811b34000000,2
8085811b3c000000,2
8085811b44000000,2
8085811b4c000000,2
8085811b54000000,2
8085811b5c000000,2
8085811b64000000,1
8085811b6c000000,1
8085811b74000000,1
8085811b7c000000,1
8085811b84000000,1
8085811b8c000000,1
8085811b94000000,1
8085811b9c000000,1
8085811ba4000000,1
8085811bac000000,1
8085811bb4000000,1
8085811bbc000000,1
8085811bc4000000,1
8085811bcc000000,1
8085811bd4000000,1
8085811bdc000000,1
8085811be4000000,1
8085811bec000000,1
8085811bf4000000,1
8085811bfc000000,1
8085811c04000000,1
8085811c0c000000,1
8085811c14000000,1
8085811c1c000000,1
8085811c24000000,1
8085811c2c000000,1
8085811c34000000,1
8085811c3c000000,1
8085811c44000000,1
8085811c5c000000,1
8085811c64000000,1
8085811c6c000000,1
8085811c74000000,1
8085811c7c000000,1
8085811c84000000,1
8085811c8c000000,1
8085811c94000000,1
8085811c9c000000,1
8085811ca4000000,2
8085811cac000000,1
8085811cb4000000,1
8085811cbc000000,2
8085811cc4000000,1
8085811ccc000000,1
8085811cd4000000,1
8085811cf4000000,1
8085811e14000000,1
8085811e1c000000,1
8085811e24000000,1
8085811e2c000000,1
8085811e34000000,1
8085811e3c000000,1
8085811e44000000,1
8085811e4c000000,1
8085811e54000000,1
8085811e5c000000,1
8085811e64000000,1
8085811e6c000000,1
8085811e7c000000,1
8085811e84000000,1
8085811e8c000000,1
8085811e94000000,1
8085811e9c000000,1
8085811ea4000000,1
8085811eac000000,1
8085811eb4000000,1
8085811ebc000000,1
8085811ec4000000,1
8085811ecc000000,1
8085811ed4000000,1
8085811edc000000,1
8085811ee4000000,1
8085811eec000000,1
8085811ef4000000,1
8085811efc000000,1
8085811f04000000,1
8085811f0c000000,1
8085811f14000000,1
8085811f1c000000,1
8085811f24000000,1
8085811f2c000000,1
8085811f34000000,1
8085811f3c000000,1
8085811f44000000,1
8085811f4c000000,1
8085811f54000000,1
8085811f5c000000,1
8085811f64000000,1
8085811f6c000000,1
8085811f74000000,1
8085811f7c000000,1
8085811f84000000,1
8085811f8c000000,1
8085811f94000000,1
8085811f9c000000,1
8085811fa4000000,1
8085811fac000000,1
8085811fb4000000,1
8085811fbc000000,1
8085811fc4000000,1
8085811fcc000000,1
8085811fd4000000,1
8085811fdc000000,1
8085811fe4000000,1
8085811fec000000,1
8085811ff4000000,1
8085811ffc000000,1
8085812004000000,1
808581200c000000,2
8085812014000000,1
808581201c000000,1
8085812024000000,1
808581202c000000,1
8085812034000000,1
808581203c000000,1
8085812044000000,1
808581204c000000,1
8085812054000000,1
808581205c000000,2
8085812064000000,2
808581206c000000,2
8085812074000000,2
808581207c000000,2
8085812084000000,2
808581208c000000,2
8085812094000000,2
808581209c000000,2
80858120a4000000,2
80858120ac000000,2
80858120b4000000,2
80858120bc000000,2
80858120c4000000,2
80858120cc000000,2
80858120d4000000,2
80858120dc000000,2
80858120e4000000,2
80858120ec000000,2
80858120f4000000,2
80858120fc000000,1
8085812104000000,1
808581210c000000,1
8085812114000000,1
808581211c000000,1
8085812124000000,2
808581212c000000,2
8085812134000000,2
808581213c000000,2
8085812144000000,1
808581214c000000,2
8085812154000000,1
808581215c000000,1
8085812164000000,1
808581216c000000,1
8085812174000000,1
808581217c000000,1
8085812184000000,1
808581218c000000,1
8085812194000000,1
808581219c000000,1
80858121a4000000,1
80858121ac000000,1
80858121b4000000,1
80858121bc000000,1
80858121c4000000,1
80858121cc000000,1
80858121d4000000,1
80858121dc000000,1
80858121e4000000,1
80858121ec000000,1
80858121f4000000,1
80858121fc000000,1
8085812204000000,1
808581220c000000,1
8085812214000000,1
808581221c000000,1
8085812224000000,1
808581222c000000,1
8085812234000000,1
808581223c000000,1
8085812244000000,1
808581224c000000,1
8085812254000000,1
808581225c000000,1
8085812264000000,1
808581226c000000,1
8085812274000000,1
808581227c000000,1
8085812284000000,1
808581228c000000,1
8085812294000000,1
808581229c000000,1
80858122a4000000,1
80858122ac000000,1
80858122b4000000,1
80858122bc000000,1
80858122c4000000,1
80858122cc000000,1
80858122d4000000,1
80858122dc000000,1
80858122e4000000,1
80858122ec000000,1
80858122f4000000,1
80858122fc000000,1
8085812304000000,1
808581230c000000,1
8085812314000000,1
808581231c000000,1
8085812324000000,1
808581232c000000,1
8085812334000000,1
808581233c000000,1
8085812344000000,1
808581234c000000,1
8085812354000000,1
808581235c000000,1
8085812364000000,1
808581236c000000,1
8085812374000000,1
808581237c000000,1
8085812384000000,1
808581238c000000,1
8085812394000000,1
808581239c000000,1
80858123a4000000,1
80858123ac000000,1
80858123b4000000,1
80858123bc000000,1
80858123c4000000,1
80858123cc000000,1
80858123d4000000,1
80858123dc000000,1
80858123e4000000,1
80858123ec000000,1
80858123f4000000,1
80858123fc000000,1
8085812404000000,1
808581240c000000,1
8085812414000000,2
808581241c000000,2
8085812424000000,3
808581242c000000,4
8085812434000000,3
808581243c000000,3
8085812444000000,3
808581244c000000,3
8085812454000000,3
808581245c000000,2
8085812464000000,2
808581246c000000,2
8085812474000000,2
808581247c000000,2
8085812484000000,2
808581248c000000,2
8085812494000000,2
808581249c000000,1
80858124a4000000,1
80858124ac000000,1
80858124b4000000,2
80858124bc000000,2
80858124c4000000,2
80858124cc000000,2
80858124d4000000,2
80858124dc000000,2
80858124e4000000,2
80858124ec000000,2
80858124f4000000,2
80858124fc000000,2
8085812504000000,3
808581250c000000,3
8085812514000000,3
808581251c000000,2
8085812524000000,2
808581252c000000,2
8085812534000000,2
808581253c000000,2
8085812544000000,3
808581254c000000,2
8085812554000000,3
808581255c000000,3
8085812564000000,3
808581256c000000,3
8085812574000000,3
808581257c000000,3
8085812584000000,3
808581258c000000,3
8085812594000000,4
808581259c000000,3
80858125a4000000,3
80858125ac000000,3
80858125b4000000,3
80858125bc000000,3
80858125c4000000,5
80858125cc000000,4
80858125d4000000,5
80858125dc000000,5
80858125e4000000,4
80858125ec000000,4
80858125f4000000,4
80858125fc000000,4
8085812604000000,3
808581260c000000,3
8085812614000000,3
808581261c000000,3
8085812624000000,3
808581262c000000,3
8085812634000000,3
808581263c000000,3
8085812644000000,3
808581264c000000,3
8085812654000000,3
808581265c000000,3
8085812664000000,4
808581266c000000,3
8085812674000000,3
808581267c000000,5
8085812684000000,5
808581268c000000,4
8085812694000000,4
808581269c000000,2
80858126a4000000,2
80858126ac000000,2
80858126b4000000,2
80858126bc000000,2
80858126c4000000,3
80858126cc000000,2
80858126d4000000,2
80858126dc000000,4
80858126e4000000,4
80858126ec000000,4
80858126f4000000,4
80858126fc000000,4
8085812704000000,3
808581270c000000,3
8085812714000000,4
808581271c000000,4
8085812724000000,4
808581272c000000,2
8085812734000000,3
808581273c000000,4
8085812744000000,4
808581274c000000,3
8085812754000000,3
808581275c000000,3
8085812764000000,3
808581276c000000,3
8085812774000000,3
808581277c000000,3
8085812784000000,3
808581278c000000,3
8085812794000000,3
808581279c000000,3
80858127a4000000,3
80858127ac000000,3
80858127b4000000,3
80858127bc000000,3
80858127c4000000,3
80858127cc000000,3
80858127d4000000,3
80858127dc000000,3
80858127e4000000,3
80858127ec000000,3
80858127f4000000,3
80858127fc000000,3
8085812804000000,3
808581280c000000,3
8085812814000000,3
808581281c000000,3
8085812824000000,4
808581282c000000,4
8085812834000000,4
808581283c000000,3
8085812844000000,3
808581284c000000,4
8085812854000000,3
808581285c000000,3
8085812864000000,3
808581286c000000,3
8085812874000000,3
808581287c000000,3
8085812884000000,3
808581288c000000,3
8085812894000000,3
808581289c000000,3
80858128a4000000,3
80858128ac000000,3
80858128b4000000,3
80858128bc000000,3
80858128c4000000,3
80858128cc000000,3
80858128d4000000,3
80858128dc000000,3
80858128e4000000,3
80858128ec000000,3
80858128f4000000,3
80858128fc000000,3
8085812904000000,3
808581290c000000,3
8085812914000000,3
808581291c000000,3
8085812924000000,3
808581292c000000,3
8085812934000000,3
808581293c000000,3
8085812944000000,3
808581294c000000,3
8085812954000000,3
808581295c000000,3
8085812964000000,3
808581296c000000,3
8085812974000000,4
808581297c000000,4
8085812984000000,5
808581298c000000,5
8085812994000000,4
808581299c000000,4
80858129a4000000,4
80858129ac000000,4
80858129b4000000,4
80858129bc000000,4
80858129c4000000,4
80858129cc000000,4
80858129d4000000,4
80858129dc000000,4
80858129e4000000,5
80858129ec000000,5
80858129f4000000,5
80858129fc000000,5
8085812a04000000,5
8085812a0c000000,5
8085812a14000000,5
8085812a1c000000,5
8085812a24000000,5
8085812a2c000000,5
8085812a34000000,5
8085812a3c000000,5
8085812a44000000,5
8085812a4c000000,5
8085812a54000000,5
8085812a5c000000,5
8085812a64000000,5
8085812a6c000000,5
8085812a74000000,5
8085812a7c000000,5
8085812a84000000,5
8085812a8c000000,5
8085812a94000000,5
8085812a9c000000,5
8085812aa4000000,5
8085812aac000000,5
8085812ab4000000,4
8085812abc000000,5
8085812ac4000000,5
8085812acc000000,4
8085812ad4000000,4
8085812adc000000,5
8085812ae4000000,5
8085812aec000000,5
8085812af4000000,5
8085812afc000000,5
8085812b04000000,5
8085812b0c000000,6
8085812b14000000,6
8085812b1c000000,5
8085812b24000000,5
8085812b2c000000,4
8085812b34000000,3
8085812b3c000000,5
8085812b44000000,5
8085812b4c000000,5
8085812b54000000,5
8085812b5c000000,5
8085812b64000000,5
8085812b6c000000,5
8085812b74000000,5
8085812b7c000000,5
8085812b84000000,5
8085812b8c000000,5
8085812b94000000,6
8085812b9c000000,6
8085812ba4000000,6
8085812bac000000,5
8085812bb4000000,5
8085812bbc000000,5
8085812bc4000000,5
8085812bcc000000,5
8085812bd4000000,5
8085812bdc000000,5
8085812be4000000,4
8085812bec000000,5
8085812bf4000000,5
8085812bfc000000,5
8085812c04000000,5
8085812c0c000000,5
8085812c14000000,5
8085812c1c000000,4
8085812c24000000,4
8085812c2c000000,4
8085812c34000000,5
8085812c3c000000,5
8085812c44000000,5
8085812c4c000000,5
8085812c54000000,5
8085812c5c000000,5
8085812c64000000,5
8085812c6c000000,5
8085812c74000000,5
8085812c7c000000,5
8085812c84000000,5
8085812c8c000000,5
8085812c94000000,5
8085812c9c000000,5
8085812ca4000000,5
8085812cac000000,5
8085812cb4000000,5
8085812cbc000000,5
8085812cc4000000,5
8085812ccc000000,5
8085812cd4000000,5
8085812cdc000000,5
8085812ce4000000,5
8085812cec000000,5
8085812cf4000000,5
8085812cfc000000,5
8085812d04000000,5
8085812d0c000000,5
8085812d14000000,5
8085812d1c000000,5
8085812d24000000,5
8085812d2c000000,5
8085812d34000000,5
8085812d3c000000,5
8085812d44000000,5
8085812d4c000000,5
8085812d54000000,5
8085812d5c000000,5
8085812d64000000,5
8085812d6c000000,5
8085812d74000000,5
8085812d7c000000,5
8085812d84000000,4
8085812d8c000000,4
8085812d94000000,4
8085812d9c000000,5
8085812da4000000,5
8085812dac000000,5
8085812db4000000,5
8085812dbc000000,5
8085812dc4000000,4
8085812dcc000000,5
8085812dd4000000,4
8085812ddc000000,4
8085812de4000000,3
8085812dec000000,4
8085812df4000000,2
8085812dfc000000,2
8085812e04000000,2
8085812e0c000000,3
8085812e14000000,2
8085812e1c000000,2
8085812e24000000,2
8085812e2c000000,2
8085812e34000000,2
8085812e3c000000,2
8085812e44000000,3
8085812e4c000000,2
8085812e54000000,3
8085812e5c000000,3
8085812e64000000,3
8085812e6c000000,3
8085812e74000000,3
8085812e7c000000,4
8085812e84000000,4
8085812e8c000000,4
8085812e94000000,4
8085812e9c000000,4
8085812ea4000000,4
8085812eac000000,4
8085812eb4000000,3
8085812ebc000000,4
8085812ec4000000,4
8085812ecc000000,3
8085812ed4000000,3
8085812edc000000,4
8085812ee4000000,4
8085812eec000000,4
8085812ef4000000,4
8085812efc000000,4
8085812f04000000,4
8085812f0c000000,3
8085812f14000000,4
8085812f1c000000,4
8085812f24000000,4
8085812f2c000000,3
8085812f34000000,3
8085812f3c000000,4
8085812f44000000,4
8085812f4c000000,3
8085812f54000000,4
8085812f5c000000,4
8085812f64000000,4
8085812f6c000000,4
8085812f74000000,3
8085812f7c000000,3
8085812f84000000,2
8085812f8c000000,3
8085812f94000000,2
8085812f9c000000,2
8085812fa4000000,3
8085812fac000000,3
8085812fb4000000,2
8085812fbc000000,2
8085812fc4000000,2
8085812fcc000000,2
8085812fd4000000,2
8085812fdc000000,2
8085812fe4000000,3
8085812fec000000,3
8085812ff4000000,3
8085812ffc000000,3
8085813004000000,3
808581300c000000,2
8085813014000000,3
808581301c000000,3
8085813024000000,3
808581302c000000,2
8085813034000000,2
808581303c000000,3
8085813044000000,3
808581304c000000,2
8085813054000000,2
808581305c000000,2
8085813064000000,2
808581306c000000,2
8085813074000000,2
808581307c000000,2
8085813084000000,2
808581308c000000,2
8085813094000000,2
808581309c000000,2
80858130a4000000,2
80858130ac000000,2
80858130b4000000,2
80858130bc000000,2
80858130c4000000,2
80858130cc000000,2
80858130d4000000,2
80858130dc000000,2
80858130e4000000,2
80858130ec000000,2
80858130f4000000,2
80858130fc000000,2
8085813104000000,1
808581310c000000,1
8085813114000000,1
808581311c000000,1
8085813124000000,1
808581312c000000,1
8085813134000000,1
808581313c000000,1
8085813144000000,1
808581314c000000,1
8085813154000000,1
808581315c000000,1
8085813164000000,1
808581316c000000,1
8085813174000000,2
808581317c000000,2
8085813184000000,2
808581318c000000,2
8085813194000000,2
808581319c000000,2
80858131a4000000,2
80858131ac000000,2
80858131b4000000,2
80858131bc000000,2
80858131c4000000,2
80858131cc000000,2
80858131d4000000,2
80858131dc000000,2
80858131e4000000,2
80858131ec000000,2
80858131f4000000,2
80858131fc000000,2
8085813204000000,2
808581320c000000,2
8085813214000000,2
808581321c000000,2
8085813224000000,2
808581322c000000,2
8085813234000000,2
808581323c000000,2
8085813244000000,2
808581324c000000,2
8085813254000000,2
808581325c000000,2
8085813264000000,2
808581326c000000,2
8085813274000000,2
808581327c000000,2
8085813284000000,4
808581328c000000,2
8085813294000000,2
808581329c000000,5
80858132a4000000,5
80858132ac000000,4
80858132b4000000,1
80858132bc000000,3
80858132c4000000,1
80858132cc000000,1
80858132d4000000,1
80858132dc000000,1
80858132e4000000,1
80858132ec000000,2
80858132f4000000,2
80858132fc000000,2
8085813304000000,1
808581330c000000,1
8085813314000000,1
808581331c000000,1
8085813324000000,1
808581332c000000,1
8085813334000000,1
808581333c000000,1
8085813344000000,1
808581334c000000,1
8085813354000000,1
808581335c000000,1
8085813364000000,1
808581336c000000,1
8085813374000000,1
808581337c000000,1
8085813384000000,1
808581338c000000,1
8085813394000000,1
808581339c000000,1
80858133a4000000,1
80858133ac000000,2
80858133b4000000,2
80858133bc000000,1
80858133c4000000,1
80858133cc000000,2
80858133d4000000,2
80858133dc000000,1
80858133e4000000,1
80858133ec000000,1
80858133f4000000,1
80858133fc000000,1
8085813404000000,1
808581340c000000,1
8085813414000000,1
808581341c000000,1
8085813424000000,1
808581342c000000,1
8085813434000000,1
808581343c000000,1
8085813444000000,1
808581344c000000,1
8085813454000000,1
808581345c000000,1
8085813464000000,1
808581346c000000,1
8085813474000000,1
808581347c000000,1
8085813484000000,1
808581348c000000,1
8085813494000000,1
808581349c000000,1
80858134a4000000,1
80858134ac000000,1
80858134b4000000,1
80858134bc000000,1
80858134c4000000,1
80858134cc000000,1
80858134d4000000,1
80858134dc000000,1
80858134e4000000,1
80858134ec000000,1
80858134f4000000,1
80858134fc000000,1
8085813504000000,1
808581350c000000,1
8085813514000000,1
808581351c000000,1
8085813524000000,1
808581352c000000,1
8085813534000000,1
808581353c000000,1
8085813544000000,1
808581354c000000,1
8085813554000000,1
808581355c000000,1
8085813564000000,1
808581356c000000,1
8085813574000000,1
808581357c000000,1
8085813584000000,1
808581358c000000,1
8085813594000000,1
808581359c000000,1
80858135a4000000,1
80858135ac000000,1
80858135b4000000,1
80858135bc000000,1
80858135c4000000,1
80858135cc000000,1
80858135d4000000,1
80858135dc000000,1
80858135e4000000,1
80858135ec000000,1
80858135f4000000,1
80858135fc000000,1
8085813604000000,1
808581360c000000,1
8085813614000000,1
808581361c000000,1
8085813624000000,1
808581362c000000,1
8085813634000000,1
808581363c000000,1
8085813644000000,1
808581364c000000,1
8085813654000000,1
808581365c000000,1
8085813664000000,1
808581366c000000,1
8085813674000000,1
808581367c000000,1
8085813684000000,1
808581368c000000,1
8085813694000000,1
808581369c000000,1
80858136a4000000,1
80858136ac000000,1
80858136b4000000,1
80858136bc000000,1
80858136c4000000,1
80858136cc000000,1
80858136d4000000,1
80858136dc000000,1
80858136e4000000,1
80858136ec000000,1
80858136f4000000,1
80858136fc000000,1
8085813704000000,1
808581370c000000,2
8085813714000000,2
808581371c000000,2
8085813724000000,2
808581372c000000,2
8085813734000000,2
808581373c000000,2
8085813744000000,2
808581374c000000,2
8085813754000000,2
808581375c000000,2
8085813764000000,2
808581376c000000,2
8085813774000000,2
808581377c000000,2
8085813784000000,2
808581378c000000,2
8085813794000000,1
808581379c000000,2
80858137a4000000,1
80858137ac000000,1
80858137b4000000,1
80858137bc000000,1
80858137c4000000,1
80858137cc000000,1
80858137d4000000,1
80858137dc000000,1
80858137e4000000,1
80858137ec000000,1
80858137f4000000,1
80858137fc000000,1
8085813804000000,1
808581381c000000,1
8085813824000000,2
808581382c000000,2
8085813834000000,2
808581383c000000,2
8085813844000000,1
808581384c000000,2
8085813854000000,1
808581385c000000,1
80858138d4000000,1
80858138dc000000,1
80858138e4000000,1
80858138ec000000,1
80858138f4000000,1
80858138fc000000,1
8085813904000000,1
808581390c000000,1
8085813914000000,1
808581391c000000,1
8085813924000000,1
808581392c000000,1
8085813934000000,1
808581393c000000,1
8085813944000000,1
808581394c000000,1
8085813954000000,1
808581395c000000,1
8085813964000000,1
808581396c000000,1
8085813974000000,1
808581397c000000,1
8085813984000000,2
808581398c000000,2
8085813994000000,2
808581399c000000,2
80858139a4000000,2
80858139ac000000,1
80858139b4000000,2
80858139bc000000,2
80858139c4000000,2
80858139cc000000,2
80858139d4000000,2
80858139dc000000,2
80858139e4000000,2
80858139ec000000,2
80858139f4000000,2
80858139fc000000,2
8085813a04000000,2
8085813a0c000000,2
8085813a14000000,2
8085813a1c000000,2
8085813a24000000,2
8085813a2c000000,2
8085813a34000000,2
8085813a3c000000,2
8085813a44000000,2
8085813a4c000000,2
8085813a54000000,2
8085813a5c000000,2
8085813a64000000,2
8085813a6c000000,2
8085813a74000000,2
8085813a7c000000,2
8085813a84000000,2
8085813a8c000000,2
8085813a94000000,2
8085813a9c000000,2
8085813aa4000000,2
8085813aac000000,2
8085813ab4000000,2
8085813abc000000,2
8085813ac4000000,2
8085813acc000000,2
8085813ad4000000,2
8085813adc000000,2
8085813ae4000000,2
8085813aec000000,2
8085813af4000000,2
8085813afc000000,2
8085813b04000000,2
8085813b0c000000,1
8085813b14000000,2
8085813b1c000000,2
8085813b24000000,2
8085813b2c000000,2
8085813b34000000,2
8085813b3c000000,2
8085813b44000000,1
8085813b4c000000,1
8085813b54000000,1
8085813b5c000000,1
8085813b64000000,1
8085813b6c000000,1
8085813b74000000,1
8085813b7c000000,1
8085813b84000000,1
8085813b8c000000,1
8085813b94000000,1
8085813b9c000000,1
8085813ba4000000,1
8085813bac000000,2
8085813bb4000000,2
8085813bbc000000,1
8085813bc4000000,1
8085813bcc000000,1
8085813bd4000000,1
8085813bdc000000,1
8085813be4000000,1
8085813bec000000,1
8085813bf4000000,1
8085813bfc000000,1
8085813c04000000,1
8085813c0c000000,1
8085813c14000000,1
8085813c1c000000,1
8085813c24000000,1
8085813c2c000000,1
8085813c34000000,1
8085813c3c000000,1
8085813c44000000,1
8085813c4c000000,1
8085813c54000000,1
8085813c5c000000,1
8085813c64000000,1
8085813c6c000000,1
8085813c74000000,1
8085813c7c000000,1
8085813c84000000,1
8085813c8c000000,1
8085813c94000000,1
8085813c9c000000,1
8085813ca4000000,1
8085813cac000000,1
8085813cb4000000,1
8085813cbc000000,1
8085813cc4000000,1
8085813ccc000000,1
8085813cd4000000,1
8085813cdc000000,1
8085813ce4000000,1
8085813cec000000,1
8085813cf4000000,1
8085813cfc000000,1
8085813d04000000,1
8085813d0c000000,1
8085813d14000000,1
8085813d1c000000,1
8085813d24000000,1
8085813d2c000000,1
8085813d34000000,1
8085813d3c000000,1
8085813d44000000,1
8085813d4c000000,1
8085813d54000000,1
8085813d5c000000,1
8085813d64000000,1
8085813d6c000000,1
8085813d74000000,1
8085813d7c000000,1
8085813d84000000,1
8085813d8c000000,1
8085813d94000000,1
8085813d9c000000,1
8085813da4000000,1
8085813dac000000,1
8085813db4000000,1
8085813dbc000000,1
8085813dc4000000,1
8085813dcc000000,1
8085813dd4000000,1
8085813ddc000000,1
8085813de4000000,1
8085813dec000000,1
8085813df4000000,1
8085813dfc000000,1
8085813e64000000,1
8085813e74000000,1
8085813e7c000000,1
8085813e84000000,1
8085813e8c000000,1
8085813e94000000,1
8085813e9c000000,1
8085813ea4000000,1
8085813eac000000,1
8085813eb4000000,1
8085813ebc000000,1
8085813ec4000000,1
8085813ecc000000,1
8085813ed4000000,1
8085813edc000000,1
8085813eec000000,1
8085813f2c000000,1
8085814804000000,1
808581481c000000,1
8085814824000000,1
808581482c000000,1
8085814834000000,1
808581483c000000,1
808581497c000000,1
8085814984000000,1
808581498c000000,1
8085814994000000,1
80858149b4000000,1
80858149bc000000,1
80858149c4000000,1
80858149cc000000,1
80858149d4000000,1
80858149dc000000,1
80858149e4000000,1
80858149ec000000,1
80858149f4000000,1
80858149fc000000,1
8085814a04000000,1
8085814a0c000000,1
8085814a14000000,1
8085814a1c000000,1
8085814a24000000,1
8085814a2c000000,1
8085814a34000000,1
8085814a3c000000,1
8085814a44000000,1
8085814a4c000000,1
8085814a54000000,1
8085814a5c000000,1
8085814a64000000,1
8085814a6c000000,1
8085814a74000000,1
8085814a7c000000,1
8085814a84000000,1
8085814a8c000000,1
8085814a94000000,1
8085814a9c000000,1
8085814aa4000000,1
8085814aac000000,1
8085814ab4000000,1
8085814abc000000,1
8085814ac4000000,1
8085814acc000000,1
8085814ad4000000,1
8085814adc000000,1
8085814ae4000000,1
8085814aec000000,1
8085814af4000000,1
8085814afc000000,1
8085814b04000000,1
8085814b0c000000,1
8085814b14000000,1
8085814b1c000000,1
8085814b24000000,1
8085814b2c000000,1
8085814b34000000,1
8085814b3c000000,1
8085814b44000000,1
8085814b4c000000,1
8085814b54000000,1
8085814b5c000000,1
8085814b64000000,1
8085814b6c000000,1
8085814b74000000,1
8085814b7c000000,1
8085814b84000000,1
8085814b8c000000,1
8085814b94000000,1
8085814b9c000000,1
8085814ba4000000,1
8085814bac000000,1
8085814bb4000000,1
8085814bbc000000,1
8085814bc4000000,1
8085814bcc000000,1
8085814bd4000000,1
8085814bdc000000,1
8085814bec000000,1
8085814c64000000,1
8085814c7c000000,1
8085814c84000000,1
8085814c8c000000,1
8085814c94000000,1
8085814c9c000000,1
8085814ca4000000,1
8085814cac000000,1
8085814cb4000000,1
8085814cbc000000,1
8085814cc4000000,1
8085814ccc000000,1
8085814cd4000000,1
8085814cdc000000,1
8085814ce4000000,1
8085814cec000000,1
8085814cf4000000,1
8085814d1c000000,1
8085814d24000000,1
8085814d2c000000,1
8085814d34000000,1
8085814d3c000000,1
8085814d4c000000,1
808581aa0c000000,1
808581aa44000000,1
808581aa4c000000,1
808581aa54000000,1
808581aa5c000000,1
808581aa64000000,1
808581aa6c000000,1
808581aa74000000,1
808581aa7c000000,1
808581aa84000000,1
808581aa8c000000,1
808581aa94000000,1
808581aa9c000000,1
808581aaa4000000,1
808581aaac000000,1
808581aab4000000,1
808581aabc000000,1
808581aac4000000,1
808581aacc000000,1
808581aad4000000,1
808581aadc000000,1
808581aae4000000,1
808581aaec000000,1
808581aaf4000000,1
808581aafc000000,1
808581ab04000000,1
808581ab0c000000,1
808581ab14000000,1
808581ab1c000000,1
808581ab24000000,1
808581ab2c000000,1
808581ab34000000,1
808581ab3c000000,1
808581ab44000000,1
808581ab4c000000,1
808581ab54000000,1
808581ab5c000000,1
808581ab64000000,1
808581ab6c000000,1
808581ab74000000,1
808581ab7c000000,1
808581ab84000000,1
808581ab94000000,1
808581ab9c000000,1
808581aba4000000,1
808581abac000000,1
808581abb4000000,1
808581abbc000000,1
808581ac64000000,1
808581ac7c000000,1
808581ac84000000,1
808581ac8c000000,1
808581ac94000000,1
808581ac9c000000,1
808581aca4000000,1
808581acac000000,1
808581acb4000000,1
808581acbc000000,1
808581acc4000000,1
808581accc000000,1
808581acd4000000,1
808581acdc000000,1
808581ace4000000,1
808581acec000000,1
808581acf4000000,1
808581acfc000000,1
808581ad1c000000,1
808581ad24000000,1
808581ad2c000000,1
808581ad34000000,1
808581ad3c000000,1
808581ad4c000000,1
808586542c000000,1
8085865434000000,1
808586544c000000,1
8085865454000000,1
80858654dc000000,1
80858654e4000000,1
80858654fc000000,1
8085865504000000,1
808586550c000000,1
8085865514000000,1
808586551c000000,1
8085865524000000,1
808586552c000000,1
8085865534000000,1
808586553c000000,1
8085865544000000,1
808586554c000000,1
8085865554000000,1
808586555c000000,1
8085865564000000,1
808586556c000000,1
8085865574000000,1
808586557c000000,1
8085865584000000,1
808586558c000000,1
8085865594000000,1
808586559c000000,1
80858655a4000000,1
80858655ac000000,1
80858655b4000000,1
80858655bc000000,1
80858655c4000000,1
80858655cc000000,1
80858655d4000000,1
80858655dc000000,1
80858655e4000000,1
80858655ec000000,1
80858655f4000000,1
80858655fc000000,1
8085865604000000,1
808586560c000000,1
8085865614000000,1
808586561c000000,1
8085865624000000,1
808586562c000000,1
8085865634000000,1
808586563c000000,1
8085865644000000,1
808586564c000000,1
8085865654000000,1
808586565c000000,1
8085865664000000,1
808586566c000000,1
8085865674000000,1
808586567c000000,1
8085865684000000,1
808586568c000000,1
8085865784000000,1
808586578c000000,1
8085865794000000,1
808586579c000000,1
80858657b4000000,1
80858657bc000000,1
80858657c4000000,1
80858657cc000000,1
80858657d4000000,1
80858657dc000000,1
80858657e4000000,1
80858657ec000000,1
80858657f4000000,1
80858657fc000000,1
8085865804000000,1
808586580c000000,1
8085865814000000,1
808586581c000000,1
8085865824000000,1
808586582c000000,1
8085865834000000,1
808586583c000000,1
8085865844000000,1
808586584c000000,1
8085865854000000,1
808586585c000000,1
8085865864000000,1
808586586c000000,1
8085865874000000,1
808586587c000000,1
8085865884000000,1
808586588c000000,1
8085865894000000,1
808586589c000000,1
80858658a4000000,1
80858658ac000000,1
80858658b4000000,1
80858658bc000000,1
80858658c4000000,1
80858658dc000000,1
80858658e4000000,1
80858658ec000000,1
80858658f4000000,1
80858658fc000000,1
8085865904000000,1
8085865914000000,1
808586591c000000,1
8085865924000000,1
80858659ac000000,1
80858659b4000000,1
80858659cc000000,1
8085865f54000000,1
8085868ab4000000,1
8085868ac4000000,1
8085868acc000000,1
8085868ad4000000,1
8085868adc000000,1
8085868ae4000000,1
8085868b0c000000,1
8085868b14000000,1
8085868b1c000000,1
8085868b24000000,1
8085868b2c000000,1
8085868b34000000,1
8085868b3c000000,1
8085868b44000000,1
8085868b4c000000,1
8085868b54000000,1
8085868b5c000000,1
8085868b6c000000,1
8085868cac000000,1
808586ad7c000000,1
808586ad84000000,1
808586ad8c000000,1
808586b094000000,1
808586b0a4000000,1
808586b0ac000000,1
808586b0b4000000,1
808586b0bc000000,1
808586b0c4000000,1
808586b0cc000000,1
808586b0d4000000,1
808586b0dc000000,1
808586b0e4000000,1
808586b0ec000000,1
808586b104000000,1
808586b10c000000,1
808586b114000000,1
808586b11c000000,1
808586b124000000,1
808586b12c000000,1
808586b134000000,1
808586b13c000000,1
808586b144000000,1
808586b14c000000,1
808586b154000000,1
808586b15c000000,1
808586b164000000,1
808586b16c000000,1
808586b174000000,1
808586b17c000000,1
808586b184000000,1
808586b18c000000,1
808586b194000000,1
808586b19c000000,1
808586b1a4000000,1
808586b20c000000,1
808586b214000000,1
808586b21c000000,1
808586b224000000,1
808586b22c000000,1
808586b234000000,1
808586b23c000000,1
808586b244000000,1
808586b24c000000,1
808586b254000000,1
808586b25c000000,1
808586b264000000,1
808586b26c000000,1
808586b274000000,1
808586b27c000000,1
808586b284000000,1
808586b28c000000,1
808586b294000000,1
808586b29c000000,1
808586b2a4000000,1
808586b2b4000000,1
808586b2bc000000,1
808586b2c4000000,1
808586b2cc000000,1
808586b2d4000000,1
808586b2dc000000,1
808586b2e4000000,1
808586b2ec000000,1
808586b2f4000000,1
808586b2fc000000,1
808586b304000000,1
808586b30c000000,1
808586b314000000,1
808586b31c000000,1
808586b324000000,1
808586b32c000000,1
808586b334000000,1
808586b33c000000,1
808586b344000000,1
808586b34c000000,1
808586b354000000,1
808586b35c000000,1
808586b364000000,1
808586b36c000000,1
808586b374000000,1
808586b37c000000,1
808586b384000000,1
808586b38c000000,1
808586b394000000,1
808586b39c000000,1
808586b3a4000000,1
808586b3ac000000,1
808586b3b4000000,1
808586b3bc000000,1
808586b3c4000000,1
808586b3cc000000,1
808586b3d4000000,1
808586b3dc000000,1
808586b3e4000000,1
808586b3ec000000,1
808586b3f4000000,1
808586b3fc000000,1
808586b404000000,1
808586b40c000000,1
808586b414000000,1
808586b41c000000,1
808586b424000000,1
808586b42c000000,1
808586b434000000,1
808586b43c000000,1
808586b444000000,1
808586b44c000000,1
808586b454000000,1
808586b45c000000,1
808586b464000000,1
808586b46c000000,1
808586b474000000,1
808586b47c000000,1
808586b484000000,1
808586b48c000000,1
808586b494000000,1
808586b49c000000,1
808586b4a4000000,1
808586b4ac000000,1
808586b4b4000000,1
808586b4bc000000,1
808586b4c4000000,1
808586b4cc000000,1
808586b4d4000000,1
808586b4dc000000,1
808586b4e4000000,1
808586b4ec000000,1
808586b4f4000000,1
808586b4fc000000,1
808586b504000000,1
808586b50c000000,1
808586b514000000,1
808586b51c000000,1
808586b524000000,1
808586b52c000000,1
808586b534000000,1
808586b53c000000,1
808586b544000000,1
808586b54c000000,1
808586b554000000,1
808586b55c000000,1
808586b564000000,1
808586b56c000000,1
808586b574000000,1
808586b57c000000,1
808586b584000000,1
808586b58c000000,1
808586b594000000,1
808586b59c000000,1
808586b5a4000000,1
808586b5ac000000,1
808586b5b4000000,1
808586b5bc000000,1
808586b5c4000000,1
808586b5cc000000,1
808586b5d4000000,1
808586b5dc000000,1
808586b5e4000000,1
808586b5ec000000,1
808586b5f4000000,1
808586b5fc000000,1
808586b604000000,1
808586b60c000000,1
808586b614000000,1
808586b61c000000,1
808586b624000000,1
808586b62c000000,1
808586b634000000,1
808586b63c000000,1
808586b644000000,1
808586b64c000000,1
808586b654000000,1
808586b65c000000,1
808586b664000000,1
808586b66c000000,1
808586b674000000,1
808586b67c000000,1
808586b684000000,1
808586b68c000000,1
808586b694000000,1
808586b69c000000,1
808586b6a4000000,1
808586b6ac000000,1
808586b6b4000000,1
808586b6bc000000,1
808586b6c4000000,1
808586b6cc000000,1
808586b6d4000000,1
808586b6dc000000,1
808586b6e4000000,1
808586b6ec000000,1
808586b6f4000000,1
808586b6fc000000,1
808586b704000000,1
808586b70c000000,1
808586b714000000,1
808586b71c000000,1
808586b724000000,1
808586b72c000000,1
808586b734000000,1
808586b73c000000,1
808586b744000000,1
808586b74c000000,1
808586b754000000,1
808586b75c000000,1
808586b764000000,1
808586b76c000000,1
808586b774000000,1
808586b77c000000,1
808586b784000000,1
808586b78c000000,1
808586b794000000,1
808586b79c000000,1
808586b7a4000000,1
808586b7ac000000,1
808586b7b4000000,1
808586b7bc000000,1
808586b7c4000000,1
808586b7cc000000,1
808586b7d4000000,1
808586b7dc000000,1
808586b7e4000000,1
808586b7ec000000,1
808586b7f4000000,1
808586b7fc000000,1
808586b824000000,1
808586b82c000000,1
808586b9c4000000,1
808586b9cc000000,1
808586b9d4000000,1
808586b9dc000000,1
808586b9e4000000,1
808586b9ec000000,1
808586b9fc000000,1
808586ba04000000,1
808586ba0c000000,1
808586c55c000000,1
808586c564000000,1
808586c574000000,1
808586c57c000000,1
808586c584000000,1
808586c58c000000,1
808586c594000000,1
808586c59c000000,1
808586c5bc000000,1
808586c5e4000000,1
808586c5ec000000,1
808586c5f4000000,1
808586c5fc000000,1
808586c604000000,1
808586c61c000000,1
808586c624000000,1
808586c814000000,1
808586c81c000000,1
808586c824000000,1
808586c82c000000,1
808586c834000000,1
808586c83c000000,1
808586c844000000,1
808586c84c000000,1
808586c854000000,1
808586c85c000000,1
808586c864000000,1
808586c86c000000,1
808586c874000000,1
808586c87c000000,1
808586c884000000,1
808586c88c000000,1
808586c894000000,1
808586c89c000000,1
808586c8a4000000,1
808586c8ac000000,1
808586c8b4000000,1
808586c8bc000000,1
808586c8c4000000,1
808586c8cc000000,1
808586c8d4000000,1
808586c8dc000000,1
808586c8e4000000,1
808586c8ec000000,1
808586c8f4000000,1
808586c8fc000000,1
808586c904000000,1
808586c90c000000,1
808586c914000000,1
808586c91c000000,1
808586c924000000,1
808586c92c000000,1
808586c934000000,1
808586c93c000000,1
808586c944000000,1
808586c94c000000,1
808586c954000000,1
808586c95c000000,1
808586c964000000,1
808586c96c000000,1
808586c974000000,1
808586c97c000000,1
808586c984000000,1
808586c98c000000,1
808586c994000000,1
808586c99c000000,1
808586c9a4000000,1
808586c9ac000000,1
808586c9b4000000,1
808586c9bc000000,1
808586c9c4000000,1
808586c9cc000000,1
808586c9d4000000,1
808586c9dc000000,1
808586c9e4000000,1
808586c9ec000000,1
808586c9f4000000,1
808586c9fc000000,1
808586ca04000000,1
808586ca0c000000,1
808586ca14000000,1
808586ca1c000000,1
808586ca24000000,1
808586ca2c000000,1
808586ca34000000,1
808586ca3c000000,1
808586ca44000000,1
808586ca4c000000,1
808586ca54000000,1
808586ca5c000000,1
808586ca64000000,1
808586ca6c000000,1
808586ca74000000,1
808586ca7c000000,1
808586ca84000000,1
808586ca8c000000,1
808586ca94000000,1
808586ca9c000000,1
808586caa4000000,1
808586caac000000,1
808586cab4000000,1
808586cabc000000,1
808586cac4000000,1
808586cacc000000,1
808586cad4000000,1
808586cadc000000,1
808586cae4000000,1
808586caec000000,1
808586caf4000000,1
808586cafc000000,1
808586cb04000000,1
808586cb0c000000,1
808586cb14000000,1
808586cb1c000000,1
808586cb24000000,1
808586cb2c000000,1
808586cb34000000,1
808586cb3c000000,1
808586cb44000000,1
808586cb4c000000,1
808586cb54000000,1
808586cb5c000000,1
808586cb64000000,1
808586cb6c000000,1
808586cb74000000,1
808586cb7c000000,1
808586cb84000000,1
808586cb8c000000,1
808586cb94000000,1
808586cb9c000000,1
808586cba4000000,1
808586cbac000000,1
808586cbb4000000,1
808586cbbc000000,1
808586cbc4000000,1
808586cbcc000000,1
808586cbd4000000,1
808586cbdc000000,1
808586cbe4000000,1
808586cbec000000,1
808586cbf4000000,1
808586cbfc000000,1
808586cc04000000,1
808586cc0c000000,1
808586cc14000000,1
808586cc1c000000,1
808586cc24000000,1
808586cc2c000000,1
808586cc34000000,1
808586cc3c000000,1
808586cc44000000,1
808586cc4c000000,1
808586cc54000000,1
808586cc5c000000,1
808586cc64000000,1
808586cc6c000000,1
808586cc74000000,1
808586cc7c000000,1
808586cc84000000,1
808586cc8c000000,1
808586cc94000000,1
808586cc9c000000,1
808586cca4000000,1
808586ccac000000,1
808586ccb4000000,1
808586ccbc000000,1
808586ccc4000000,1
808586cccc000000,1
808586ccd4000000,1
808586ccdc000000,1
808586cce4000000,1
808586ccec000000,1
808586ccf4000000,1
808586ccfc000000,1
808586cd04000000,1
808586cd0c000000,1
808586cd14000000,1
808586cd1c000000,1
808586cd24000000,1
808586cd2c000000,1
808586cd34000000,1
808586cd3c000000,1
808586cd44000000,2
808586cd4c000000,2
808586cd54000000,3
808586cd5c000000,3
808586cd64000000,2
808586cd6c000000,2
808586cd74000000,1
808586cd7c000000,2
808586cd84000000,1
808586cd8c000000,1
808586cd94000000,1
808586cd9c000000,1
808586cda4000000,1
808586cdac000000,1
808586cdb4000000,1
808586cdbc000000,1
808586cdc4000000,1
808586cdcc000000,1
808586cdd4000000,1
808586cddc000000,1
808586cde4000000,1
808586cdec000000,1
808586cdf4000000,1
808586cdfc000000,1
808586ce04000000,1
808586ce0c000000,1
808586ce14000000,1
808586ce1c000000,2
808586ce24000000,2
808586ce2c000000,2
808586ce34000000,1
808586ce3c000000,1
808586ce44000000,1
808586ce4c000000,1
808586ce54000000,1
808586ce5c000000,1
808586ce64000000,1
808586ce6c000000,1
808586ce74000000,1
808586ce7c000000,1
808586ce84000000,1
808586ce8c000000,1
808586ce94000000,1
808586ce9c000000,1
808586cea4000000,1
808586ceac000000,1
808586ceb4000000,1
808586cebc000000,1
808586cec4000000,1
808586cecc000000,1
808586ced4000000,1
808586cedc000000,1
808586cee4000000,1
808586ceec000000,1
808586cef4000000,1
808586cefc000000,1
808586cf04000000,1
808586cf0c000000,1
808586cf14000000,1
808586cf1c000000,1
808586cf24000000,1
808586cf2c000000,1
808586cf34000000,1
808586cf3c000000,1
808586cf44000000,1
808586cf4c000000,1
808586cf54000000,1
808586cf5c000000,1
808586cf64000000,1
808586cf6c000000,1
808586cf74000000,1
808586cf7c000000,1
808586cf84000000,1
808586cf8c000000,1
808586cf94000000,1
808586cf9c000000,1
808586cfa4000000,1
808586cfac000000,1
808586cfb4000000,1
808586cfbc000000,1
808586cfc4000000,1
808586cfcc000000,1
808586cfd4000000,1
808586cfdc000000,1
808586cfe4000000,1
808586cfec000000,1
808586cff4000000,1
808586cffc000000,1
808586d004000000,1
808586d00c000000,1
808586d014000000,1
808586d01c000000,1
808586d024000000,2
808586d02c000000,2
808586d034000000,2
808586d03c000000,2
808586d044000000,2
808586d04c000000,2
808586d054000000,2
808586d05c000000,2
808586d064000000,2
808586d06c000000,2
808586d074000000,2
808586d07c000000,1
808586d084000000,1
808586d08c000000,2
808586d094000000,2
808586d09c000000,1
808586d0a4000000,1
808586d0ac000000,1
808586d0b4000000,2
808586d0bc000000,2
808586d0c4000000,2
808586d0cc000000,2
808586d0d4000000,2
808586d0dc000000,2
808586d0e4000000,2
808586d0ec000000,2
808586d0f4000000,2
808586d0fc000000,2
808586d104000000,2
808586d10c000000,2
808586d114000000,2
808586d11c000000,2
808586d124000000,2
808586d12c000000,2
808586d134000000,2
808586d13c000000,2
808586d144000000,2
808586d14c000000,2
808586d154000000,2
808586d15c000000,2
808586d164000000,2
808586d16c000000,2
808586d174000000,2
808586d17c000000,2
808586d184000000,2
808586d18c000000,2
808586d194000000,2
808586d19c000000,3
808586d1a4000000,2
808586d1ac000000,2
808586d1b4000000,2
808586d1bc000000,2
808586d1c4000000,2
808586d1cc000000,2
808586d1d4000000,2
808586d1dc000000,2
808586d1e4000000,2
808586d1ec000000,2
808586d1f4000000,2
808586d1fc000000,2
808586d204000000,2
808586d20c000000,2
808586d214000000,2
808586d21c000000,2
808586d224000000,2
808586d22c000000,2
808586d234000000,2
808586d23c000000,2
808586d244000000,3
808586d24c000000,4
808586d254000000,4
808586d25c000000,4
808586d264000000,3
808586d26c000000,3
808586d274000000,2
808586d27c000000,3
808586d284000000,3
808586d28c000000,4
808586d294000000,4
808586d29c000000,4
808586d2a4000000,4
808586d2ac000000,4
808586d2b4000000,4
808586d2bc000000,4
808586d2c4000000,4
808586d2cc000000,4
808586d2d4000000,4
808586d2dc000000,4
808586d2e4000000,4
808586d2ec000000,4
808586d2f4000000,4
808586d2fc000000,4
808586d304000000,4
808586d30c000000,4
808586d314000000,4
808586d31c000000,4
808586d324000000,4
808586d32c000000,4
808586d334000000,4
808586d33c000000,4
808586d344000000,4
808586d34c000000,4
808586d354000000,4
808586d35c000000,4
808586d364000000,4
808586d36c000000,4
808586d374000000,4
808586d37c000000,3
808586d384000000,3
808586d38c000000,2
808586d394000000,2
808586d39c000000,3
808586d3a4000000,4
808586d3ac000000,4
808586d3b4000000,4
808586d3bc000000,3
808586d3c4000000,2
808586d3cc000000,3
808586d3d4000000,3
808586d3dc000000,2
808586d3e4000000,2
808586d3ec000000,2
808586d3f4000000,2
808586d3fc000000,2
808586d404000000,2
808586d40c000000,2
808586d414000000,2
808586d41c000000,2
808586d424000000,2
808586d42c000000,3
808586d434000000,3
808586d43c000000,2
808586d444000000,3
808586d44c000000,4
808586d454000000,3
808586d45c000000,3
808586d464000000,3
808586d46c000000,2
808586d474000000,2
808586d47c000000,3
808586d484000000,3
808586d48c000000,3
808586d494000000,3
808586d49c000000,3
808586d4a4000000,4
808586d4ac000000,4
808586d4b4000000,3
808586d4bc000000,3
808586d4c4000000,3
808586d4cc000000,3
808586d4d4000000,3
808586d4dc000000,3
808586d4e4000000,3
808586d4ec000000,3
808586d4f4000000,3
808586d4fc000000,3
808586d504000000,3
808586d50c000000,4
808586d514000000,3
808586d51c000000,3
808586d524000000,3
808586d52c000000,3
808586d534000000,4
808586d53c000000,3
808586d544000000,3
808586d54c000000,4
808586d554000000,5
808586d55c000000,5
808586d564000000,5
808586d56c000000,5
808586d574000000,5
808586d57c000000,5
808586d584000000,5
808586d58c000000,5
808586d594000000,5
808586d59c000000,5
808586d5a4000000,5
808586d5ac000000,4
808586d5b4000000,4
808586d5bc000000,5
808586d5c4000000,5
808586d5cc000000,4
808586d5d4000000,4
808586d5dc000000,5
808586d5e4000000,5
808586d5ec000000,5
808586d5f4000000,5
808586d5fc000000,6
808586d604000000,6
808586d60c000000,6
808586d614000000,6
808586d61c000000,6
808586d624000000,6
808586d62c000000,6
808586d634000000,5
808586d63c000000,6
808586d644000000,5
808586d64c000000,5
808586d654000000,5
808586d65c000000,5
808586d664000000,5
808586d66c000000,5
808586d674000000,5
808586d67c000000,4
808586d684000000,3
808586d68c000000,3
808586d694000000,2
808586d69c000000,2
808586d6a4000000,2
808586d6ac000000,2
808586d6b4000000,2
808586d6bc000000,2
808586d6c4000000,2
808586d6cc000000,2
808586d6d4000000,2
808586d6dc000000,2
808586d6e4000000,2
808586d6ec000000,2
808586d6f4000000,3
808586d6fc000000,3
808586d704000000,3
808586d70c000000,2
808586d714000000,3
808586d71c000000,3
808586d724000000,2
808586d72c000000,2
808586d734000000,2
808586d73c000000,3
808586d744000000,2
808586d74c000000,1
808586d754000000,2
808586d75c000000,2
808586d764000000,2
808586d76c000000,2
808586d774000000,2
808586d77c000000,2
808586d784000000,2
808586d78c000000,3
808586d794000000,3
808586d79c000000,3
808586d7a4000000,3
808586d7ac000000,5
808586d7b4000000,5
808586d7bc000000,4
808586d7c4000000,4
808586d7cc000000,5
808586d7d4000000,5
808586d7dc000000,4
808586d7e4000000,3
808586d7ec000000,3
808586d7f4000000,3
808586d7fc000000,3
808586d804000000,3
808586d80c000000,2
808586d814000000,2
808586d81c000000,3
808586d824000000,3
808586d82c000000,2
808586d834000000,2
808586d83c000000,2
808586d844000000,1
808586d84c000000,1
808586d854000000,1
808586d85c000000,1
808586d864000000,1
808586d86c000000,1
808586d874000000,1
808586d87c000000,2
808586d884000000,2
808586d88c000000,2
808586d894000000,2
808586d89c000000,3
808586d8a4000000,3
808586d8ac000000,3
808586d8b4000000,3
808586d8bc000000,3
808586d8c4000000,2
808586d8cc000000,3
808586d8d4000000,3
808586d8dc000000,2
808586d8e4000000,2
808586d8ec000000,2
808586d8f4000000,2
808586d8fc000000,1
808586d904000000,1
808586d90c000000,1
808586d914000000,1
808586d91c000000,1
808586d924000000,1
808586d92c000000,2
808586d934000000,1
808586d93c000000,1
808586d944000000,1
808586d94c000000,1
808586d954000000,1
808586d95c000000,1
808586d964000000,1
808586d96c000000,1
808586d974000000,1
808586d97c000000,1
808586d984000000,1
808586d98c000000,1
808586d994000000,1
808586d99c000000,1
808586d9a4000000,1
808586d9ac000000,1
808586d9b4000000,1
808586d9bc000000,1
808586d9c4000000,2
808586d9cc000000,2
808586d9d4000000,2
808586d9dc000000,2
808586d9e4000000,2
808586d9ec000000,2
808586d9f4000000,2
808586d9fc000000,2
808586da04000000,1
808586da0c000000,1
808586da14000000,1
808586da1c000000,2
808586da24000000,1
808586da2c000000,1
808586da34000000,1
808586da3c000000,1
808586da64000000,1
808586da6c000000,1
808586da74000000,1
808586da7c000000,1
808586da84000000,1
808586da9c000000,1
808586db84000000,1
808586db8c000000,1
808586db94000000,1
808586db9c000000,1
808586dbb4000000,1
808586dbbc000000,1
808586dbc4000000,1
808586dbcc000000,1
808586dbd4000000,1
808586dbdc000000,1
808586dbe4000000,1
808586dbec000000,1
808586dbf4000000,1
808586dbfc000000,1
808586dc04000000,1
808586dc0c000000,1
808586dc14000000,1
808586dc1c000000,1
808586dc24000000,2
808586dc2c000000,2
808586dc34000000,2
808586dc3c000000,1
808586dc44000000,1
808586dc4c000000,2
808586dc54000000,1
808586dc5c000000,1
808586dc64000000,1
808586dc6c000000,1
808586dc74000000,1
808586dc7c000000,1
808586dc84000000,1
808586dc8c000000,1
808586dcf4000000,1
808586dcfc000000,1
808586dd04000000,1
808586dd0c000000,2
808586dd14000000,1
808586dd1c000000,1
808586dd5c000000,1
808586dd64000000,1
808586dd6c000000,1
808586dd74000000,1
808586dd7c000000,1
808586dd84000000,2
808586dd8c000000,2
808586dd94000000,2
808586dd9c000000,2
808586dda4000000,2
808586ddac000000,2
808586ddb4000000,2
808586ddbc000000,2
808586ddc4000000,2
808586ddcc000000,2
808586ddd4000000,2
808586dddc000000,2
808586dde4000000,2
808586ddec000000,2
808586ddf4000000,2
808586ddfc000000,2
808586de04000000,2
808586de0c000000,2
808586de14000000,2
808586de1c000000,2
808586de24000000,3
808586de2c000000,4
808586de34000000,3
808586de3c000000,3
808586de44000000,3
808586de4c000000,3
808586de54000000,3
808586de5c000000,3
808586de64000000,2
808586de6c000000,2
808586de74000000,2
808586de7c000000,2
808586de84000000,2
808586de8c000000,2
808586de94000000,2
808586de9c000000,2
808586dea4000000,1
808586deac000000,1
808586deb4000000,1
808586debc000000,2
808586dec4000000,2
808586decc000000,2
808586ded4000000,3
808586dedc000000,3
808586dee4000000,3
808586deec000000,2
808586def4000000,3
808586defc000000,3
808586df04000000,3
808586df0c000000,3
808586df14000000,3
808586df1c000000,3
808586df24000000,3
808586df2c000000,3
808586df34000000,3
808586df3c000000,3
808586df44000000,3
808586df4c000000,3
808586df54000000,3
808586df5c000000,3
808586df64000000,3
808586df6c000000,3
808586df74000000,3
808586df7c000000,3
808586df84000000,3
808586df8c000000,4
808586df94000000,3
808586df9c000000,3
808586dfa4000000,3
808586dfac000000,3
808586dfb4000000,3
808586dfbc000000,3
808586dfc4000000,4
808586dfcc000000,4
808586dfd4000000,4
808586dfdc000000,4
808586dfe4000000,4
808586dfec000000,4
808586dff4000000,4
808586dffc000000,4
808586e004000000,4
808586e00c000000,4
808586e014000000,3
808586e01c000000,4
808586e024000000,3
808586e02c000000,3
808586e034000000,3
808586e03c000000,3
808586e044000000,3
808586e04c000000,3
808586e054000000,3
808586e05c000000,3
808586e064000000,3
808586e06c000000,3
808586e074000000,3
808586e07c000000,3
808586e084000000,3
808586e08c000000,3
808586e094000000,2
808586e09c000000,3
808586e0a4000000,1
808586e0ac000000,1
808586e0b4000000,1
808586e0bc000000,2
808586e0c4000000,2
808586e0cc000000,2
808586e0d4000000,2
808586e0dc000000,2
808586e0e4000000,3
808586e0ec000000,3
808586e0f4000000,3
808586e0fc000000,3
808586e104000000,3
808586e10c000000,3
808586e114000000,3
808586e11c000000,3
808586e124000000,2
808586e12c000000,2
808586e134000000,2
808586e13c000000,2
808586e144000000,2
808586e14c000000,2
808586e154000000,2
808586e15c000000,2
808586e164000000,3
808586e16c000000,3
808586e174000000,3
808586e17c000000,3
808586e184000000,3
808586e18c000000,3
808586e194000000,3
808586e19c000000,3
808586e1a4000000,3
808586e1ac000000,3
808586e1b4000000,3
808586e1bc000000,3
808586e1c4000000,3
808586e1cc000000,3
808586e1d4000000,3
808586e1dc000000,4
808586e1e4000000,4
808586e1ec000000,3
808586e1f4000000,3
808586e1fc000000,4
808586e204000000,4
808586e20c000000,4
808586e214000000,3
808586e21c000000,3
808586e224000000,3
808586e22c000000,3
808586e234000000,3
808586e23c000000,3
808586e244000000,3
808586e24c000000,3
808586e254000000,3
808586e25c000000,3
808586e264000000,3
808586e26c000000,3
808586e274000000,4
808586e27c000000,4
808586e284000000,3
808586e28c000000,2
808586e294000000,2
808586e29c000000,3
808586e2a4000000,3
808586e2ac000000,2
808586e2b4000000,2
808586e2bc000000,2
808586e2c4000000,2
808586e2cc000000,2
808586e2d4000000,2
808586e2dc000000,2
808586e2e4000000,2
808586e2ec000000,2
808586e2f4000000,2
808586e2fc000000,2
808586e304000000,2
808586e30c000000,2
808586e314000000,2
808586e31c000000,2
808586e324000000,2
808586e32c000000,2
808586e334000000,2
808586e33c000000,2
808586e344000000,2
808586e34c000000,2
808586e354000000,2
808586e35c000000,2
808586e364000000,2
808586e36c000000,2
808586e374000000,2
808586e37c000000,2
808586e384000000,2
808586e38c000000,2
808586e394000000,2
808586e39c000000,2
808586e3a4000000,2
808586e3ac000000,2
808586e3b4000000,3
808586e3bc000000,2
808586e3c4000000,2
808586e3cc000000,3
808586e3d4000000,3
808586e3dc000000,3
808586e3e4000000,2
808586e3ec000000,2
808586e3f4000000,2
808586e3fc000000,2
808586e404000000,2
808586e40c000000,2
808586e414000000,2
808586e41c000000,2
808586e424000000,2
808586e42c000000,2
808586e434000000,2
808586e43c000000,2
808586e444000000,2
808586e44c000000,2
808586e454000000,1
808586e45c000000,2
808586e464000000,2
808586e46c000000,2
808586e474000000,2
808586e47c000000,2
808586e484000000,2
808586e48c000000,1
808586e494000000,1
808586e49c000000,1
808586e4a4000000,1
808586e4ac000000,1
808586e4b4000000,1
808586e4bc000000,1
808586e4c4000000,1
808586e4cc000000,1
808586e4d4000000,1
808586e4dc000000,1
808586e4e4000000,1
808586e4ec000000,1
808586e4f4000000,1
808586e4fc000000,1
808586e504000000,1
808586e50c000000,1
808586e514000000,1
808586e51c000000,1
808586e524000000,1
808586e52c000000,1
808586e534000000,1
808586e53c000000,1
808586e544000000,1
808586e54c000000,1
808586e554000000,1
808586e55c000000,1
808586e564000000,1
808586e56c000000,1
808586e574000000,1
808586e57c000000,1
808586e584000000,1
808586e58c000000,1
808586e594000000,1
808586e59c000000,1
808586e5a4000000,1
808586e5ac000000,1
808586e5b4000000,2
808586e5bc000000,1
808586e5c4000000,2
808586e5cc000000,2
808586e5d4000000,2
808586e5dc000000,2
808586e5e4000000,2
808586e5ec000000,1
808586e5f4000000,1
808586e5fc000000,1
808586e604000000,1
808586e60c000000,2
808586e614000000,1
808586e61c000000,1
808586e624000000,1
808586e62c000000,1
808586e634000000,1
808586e63c000000,1
808586e644000000,1
808586e64c000000,1
808586e654000000,1
808586e65c000000,1
808586e664000000,2
808586e66c000000,2
808586e674000000,2
808586e67c000000,2
808586e684000000,2
808586e68c000000,2
808586e694000000,2
808586e69c000000,2
808586e6a4000000,2
808586e6ac000000,2
808586e6b4000000,2
808586e6bc000000,2
808586e6c4000000,2
808586e6cc000000,2
808586e6d4000000,2
808586e6dc000000,2
808586e6e4000000,1
808586e6ec000000,2
808586e6f4000000,2
808586e6fc000000,1
808586e704000000,1
808586e70c000000,1
808586e714000000,1
808586e71c000000,1
808586e724000000,1
808586e72c000000,2
808586e734000000,1
808586e73c000000,1
808586e744000000,1
808586e74c000000,1
808586e754000000,1
808586e75c000000,1
808586e764000000,1
808586e76c000000,1
808586e774000000,1
808586e77c000000,1
808586e784000000,1
808586e78c000000,1
808586e794000000,1
808586e79c000000,1
808586e7a4000000,1
808586e7ac000000,1
808586e7b4000000,1
808586e7bc000000,1
808586e7c4000000,1
808586e7cc000000,1
808586e7d4000000,1
808586e7dc000000,1
808586e7e4000000,1
808586e7ec000000,1
808586e7f4000000,1
808586e87c000000,1
808586e884000000,1
808586e89c000000,1
808586e8ac000000,1
808586e8b4000000,1
808586e8cc000000,1
808586ee04000000,1
808586ee14000000,1
808586ee1c000000,1
808586ee24000000,1
808586ee2c000000,1
808586ee34000000,1
808586ee3c000000,1
808586ee44000000,1
808586ee4c000000,1
808586ee54000000,1
808586ee5c000000,1
808586ee64000000,1
808586ee6c000000,1
808586eedc000000,1
808586eee4000000,1
808586eef4000000,1
808586eefc000000,1
808586ef04000000,1
808586ef0c000000,1
808586ef14000000,1
808586ef1c000000,1
808586ef24000000,1
808586ef2c000000,1
808586ef34000000,1
808586ef3c000000,1
808586ef44000000,1
808586ef4c000000,1
808586ef54000000,1
808586ef5c000000,1
808586ef64000000,1
808586ef6c000000,1
808586ef74000000,1
808586ef7c000000,1
808586ef84000000,1
808586ef8c000000,1
808586ef94000000,1
808586ef9c000000,1
808586efa4000000,1
808586efac000000,1
808586efb4000000,1
808586efbc000000,1
808586efc4000000,1
808586efcc000000,1
808586efd4000000,1
808586efdc000000,1
808586efe4000000,1
808586efec000000,1
808586eff4000000,1
808586effc000000,1
808586f004000000,1
808586f00c000000,1
808586f014000000,1
808586f01c000000,1
808586f024000000,1
808586f02c000000,1
808586f034000000,1
808586f03c000000,1
808586f044000000,1
808586f04c000000,1
808586f054000000,1
808586f05c000000,1
808586f064000000,1
808586f06c000000,1
808586f074000000,1
808586f07c000000,1
808586f084000000,1
808586f08c000000,1
808586f094000000,1
808586f09c000000,1
808586f0a4000000,1
808586f0ac000000,1
808586f0b4000000,1
808586f0bc000000,1
808586f0c4000000,1
808586f0cc000000,1
808586f0d4000000,1
808586f0dc000000,1
808586f0e4000000,1
808586f0ec000000,1
808586f0f4000000,1
808586f0fc000000,1
808586f104000000,1
808586f10c000000,1
808586f114000000,1
808586f11c000000,1
808586f124000000,1
808586f12c000000,1
808586f134000000,1
808586f13c000000,1
808586f144000000,1
808586f14c000000,1
808586f154000000,1
808586f15c000000,1
808586f164000000,1
808586f16c000000,1
808586f174000000,1
808586f17c000000,1
808586f184000000,1
808586f18c000000,1
808586f194000000,1
808586f19c000000,1
808586f1a4000000,1
808586f1ac000000,1
808586f1b4000000,1
808586f1bc000000,1
808586f1c4000000,1
808586f1cc000000,1
808586f1d4000000,1
808586f1dc000000,1
808586f1e4000000,1
808586f1ec000000,1
808586f1f4000000,1
808586f1fc000000,1
808586f204000000,1
808586f214000000,1
808586f21c000000,1
808586f224000000,1
808586f22c000000,1
808586f234000000,1
808586f23c000000,1
808586f244000000,1
808586f24c000000,1
808586f254000000,1
808586f25c000000,1
808586f2fc000000,1
808586f304000000,1
808586f30c000000,1
808586f314000000,1
808586f31c000000,1
808586f324000000,1
808586f33c000000,1
808586f344000000,1
808586f34c000000,1
808586f354000000,1
808586f35c000000,1
808586f364000000,1
808586f36c000000,1
808586f374000000,1
808586f37c000000,1
808586f384000000,1
808586f38c000000,1
808586f394000000,1
808586f39c000000,1
808586f3a4000000,1
808586f3ac000000,1
808586f3b4000000,1
808586f3bc000000,1
808586f3c4000000,1
808586f3cc000000,1
808586f3d4000000,1
808586f3dc000000,1
808586f3e4000000,1
808586f3ec000000,1
808586f3f4000000,1
808586f3fc000000,1
808586f404000000,1
808586f40c000000,1
808586f414000000,1
808586f41c000000,1
808586f424000000,1
808586f42c000000,1
808586f434000000,1
808586f43c000000,1
808586f444000000,1
808586f44c000000,1
808586f454000000,1
808586f45c000000,1
808586f464000000,1
808586f46c000000,1
808586f474000000,1
808586f47c000000,1
808586f484000000,1
808586f48c000000,1
808586f494000000,1
808586f49c000000,1
808586f4a4000000,1
808586f4ac000000,1
808586f4b4000000,1
808586f4bc000000,1
808586f4c4000000,1
808586f4cc000000,1
808586f4d4000000,1
808586f4dc000000,1
808586f4e4000000,1
808586f4ec000000,1
808586f4f4000000,1
808586f4fc000000,1
808586f504000000,1
808586f50c000000,1
808586f514000000,1
808586f51c000000,1
808586f524000000,1
808586f52c000000,1
808586f534000000,1
808586f53c000000,1
808586f544000000,1
808586f54c000000,1
808586f56c000000,1
808586f574000000,1
808586f594000000,1
808586f59c000000,1
808586f5a4000000,1
808586f5ac000000,1
808586f5b4000000,1
808586f5bc000000,1
808586f5c4000000,1
808586f5cc000000,1
808586f5d4000000,1
808586f5dc000000,1
808586f5e4000000,1
808586f5ec000000,1
808586f5f4000000,1
808586f5fc000000,1
808586f604000000,1
808586f60c000000,1
808586f614000000,1
808586f61c000000,1
808586f624000000,1
808586f62c000000,1
808586f634000000,1
808586f63c000000,1
808586f644000000,1
808586f64c000000,1
808586f654000000,1
808586f65c000000,1
808586f664000000,1
808586f66c000000,1
808586f674000000,1
808586f67c000000,1
808586f684000000,1
808586f68c000000,1
808586f694000000,1
808586f69c000000,1
808586f6a4000000,1
808586f6ac000000,1
808586f6b4000000,1
808586f6bc000000,1
808586f6c4000000,1
808586f6cc000000,1
808586f6d4000000,1
808586f6dc000000,1
808586f6e4000000,1
808586f6ec000000,1
808586f6f4000000,1
808586f6fc000000,1
808586f704000000,1
808586f70c000000,1
808586f714000000,1
808586f71c000000,1
808586f724000000,1
808586f72c000000,1
808586f734000000,1
808586f73c000000,1
808586f744000000,1
808586f74c000000,1
808586f754000000,1
808586f75c000000,1
808586f764000000,1
808586f76c000000,1
808586f774000000,1
808586f77c000000,1
808586f784000000,1
808586f78c000000,1
808586f794000000,1
808586f79c000000,1
808586f7a4000000,1
808586f7ac000000,1
808586f7b4000000,1
808586f7bc000000,1
808586f7c4000000,1
808586f7cc000000,1
808586f7d4000000,1
808586f7dc000000,1
808586f7e4000000,1
808586f7ec000000,1
808586f7f4000000,1
808586f7fc000000,1
808586f804000000,1
808586f80c000000,1
808586f814000000,1
808586f81c000000,1
808586f824000000,1
808586f82c000000,1
808586f834000000,1
808586f83c000000,1
808586f844000000,1
808586f84c000000,1
808586f854000000,1
808586f85c000000,1
808586f864000000,1
808586f86c000000,1
808586f874000000,1
808586f87c000000,1
808586f884000000,1
808586f88c000000,1
808586f894000000,1
808586f89c000000,1
808586f8a4000000,1
808586f8ac000000,1
808586f8b4000000,1
808586f8bc000000,1
808586f8c4000000,1
808586f8cc000000,1
808586f8d4000000,1
808586f8dc000000,1
808586f8e4000000,1
808586f8ec000000,1
808586f8f4000000,1
808586f8fc000000,1
808586f904000000,1
808586f90c000000,1
808586f914000000,1
808586f91c000000,1
808586f924000000,1
808586f92c000000,1
808586f934000000,1
808586f93c000000,1
808586f944000000,1
808586f94c000000,1
808586f954000000,1
808586f95c000000,1
808586f964000000,1
808586f96c000000,1
808586f974000000,1
808586f97c000000,1
808586f984000000,1
808586f98c000000,1
808586f994000000,1
808586f99c000000,1
808586f9a4000000,1
808586f9ac000000,1
808586f9b4000000,1
808586f9bc000000,1
808586f9c4000000,1
808586f9cc000000,1
808586f9d4000000,1
808586f9dc000000,1
808586f9e4000000,1
808586f9ec000000,1
808586f9f4000000,1
808586f9fc000000,1
808586fa04000000,1
808586fa0c000000,1
808586fa14000000,1
808586fa1c000000,1
808586fa24000000,1
808586fa2c000000,1
808586fa34000000,1
808586fa3c000000,1
808586fa44000000,1
808586fa4c000000,1
808586fa54000000,1
808586fa5c000000,1
808586fa64000000,1
808586fa6c000000,1
808586fa74000000,1
808586fa7c000000,1
808586fa84000000,1
808586fa8c000000,1
808586fa94000000,1
808586fa9c000000,1
808586faa4000000,1
808586faac000000,1
808586fab4000000,1
808586fabc000000,1
808586fac4000000,1
808586facc000000,1
808586fad4000000,1
808586fadc000000,1
808586fae4000000,1
808586faec000000,1
808586faf4000000,1
808586fafc000000,1
808586fb04000000,1
808586fb0c000000,1
808586fb14000000,1
808586fb1c000000,1
808586fb24000000,1
808586fb2c000000,1
808586fb34000000,1
808586fb3c000000,1
808586fb44000000,1
808586fb4c000000,1
808586fb54000000,1
808586fb5c000000,1
808586fb64000000,1
808586fb6c000000,1
808586fb74000000,1
808586fb7c000000,1
808586fb84000000,1
808586fb8c000000,1
808586fb94000000,1
808586fb9c000000,1
808586fba4000000,1
808586fbac000000,1
808586fbb4000000,1
808586fbbc000000,1
808586fbc4000000,1
808586fbcc000000,1
808586fbd4000000,1
808586fbdc000000,1
808586fbe4000000,1
808586fbec000000,1
808586fbf4000000,1
808586fbfc000000,1
808586fc04000000,1
808586fc0c000000,1
808586fc14000000,2
808586fc1c000000,1
808586fc24000000,1
808586fc2c000000,2
808586fc34000000,2
808586fc3c000000,2
808586fc44000000,2
808586fc4c000000,2
808586fc54000000,2
808586fc5c000000,2
808586fc64000000,2
808586fc6c000000,2
808586fc74000000,2
808586fc7c000000,2
808586fc84000000,2
808586fc8c000000,2
808586fc94000000,2
808586fc9c000000,2
808586fca4000000,2
808586fcac000000,2
808586fcb4000000,2
808586fcbc000000,2
808586fcc4000000,2
808586fccc000000,2
808586fcd4000000,2
808586fcdc000000,2
808586fce4000000,2
808586fcec000000,2
808586fcf4000000,2
808586fcfc000000,2
808586fd04000000,2
808586fd0c000000,2
808586fd14000000,2
808586fd1c000000,2
808586fd24000000,2
808586fd2c000000,2
808586fd34000000,2
808586fd3c000000,2
808586fd44000000,2
808586fd4c000000,2
808586fd54000000,2
808586fd5c000000,2
808586fd64000000,2
808586fd6c000000,2
808586fd74000000,2
808586fd7c000000,2
808586fd84000000,2
808586fd8c000000,2
808586fd94000000,2
808586fd9c000000,2
808586fda4000000,2
808586fdac000000,2
808586fdb4000000,2
808586fdbc000000,2
808586fdc4000000,2
808586fdcc000000,2
808586fdd4000000,2
808586fddc000000,1
808586fde4000000,1
808586fdec000000,2
808586fdf4000000,2
808586fdfc000000,1
808586fe04000000,1
808586fe0c000000,1
808586fe14000000,1
808586fe1c000000,1
808586fe24000000,1
808586fe2c000000,1
808586fe34000000,1
808586fe3c000000,1
808586fe44000000,1
808586fe4c000000,1
808586fe54000000,1
808586fe5c000000,1
808586fe64000000,1
808586fe6c000000,1
808586fe74000000,1
808586fe7c000000,1
808586fe84000000,1
808586fe8c000000,1
808586fe94000000,1
808586fe9c000000,1
808586fea4000000,1
808586feac000000,1
808586feb4000000,1
808586febc000000,1
808586fec4000000,1
808586fecc000000,1
808586fed4000000,1
808586fedc000000,1
808586fee4000000,1
808586feec000000,1
808586fef4000000,1
808586fefc000000,1
808586ff04000000,1
808586ff0c000000,1
808586ff14000000,1
808586ff1c000000,1
808586ff24000000,1
808586ff2c000000,1
808586ff34000000,1
808586ff3c000000,1
808586ff44000000,1
808586ff4c000000,1
808586ff54000000,1
808586ff5c000000,1
808586ff64000000,1
808586ff6c000000,1
808586ff74000000,1
808586ff7c000000,1
808586ff84000000,1
808586ff8c000000,1
808586ff94000000,1
808586ff9c000000,1
808586ffa4000000,1
808586ffac000000,1
808586ffb4000000,1
808586ffbc000000,1
808586ffc4000000,1
808586ffcc000000,1
808586ffd4000000,1
808586ffdc000000,1
808586ffe4000000,1
808586ffec000000,1
808586fff4000000,1
808586fffc000000,1
8085870004000000,2
808587000c000000,2
8085870014000000,2
808587001c000000,2
8085870024000000,2
808587002c000000,2
8085870034000000,2
808587003c000000,2
8085870044000000,1
808587004c000000,1
8085870054000000,1
808587005c000000,1
8085870064000000,1
808587006c000000,1
8085870074000000,1
808587007c000000,1
8085870084000000,1
808587008c000000,1
8085870094000000,1
808587009c000000,1
80858700a4000000,1
80858700ac000000,1
80858700b4000000,1
80858700bc000000,1
80858700c4000000,1
80858700cc000000,1
80858700d4000000,1
80858700dc000000,1
80858700e4000000,1
80858700ec000000,1
80858700f4000000,1
80858700fc000000,1
8085870104000000,1
808587010c000000,1
8085870114000000,1
808587011c000000,1
8085870124000000,1
808587012c000000,1
8085870134000000,1
808587013c000000,1
8085870144000000,1
808587014c000000,1
8085870154000000,1
808587015c000000,1
8085870164000000,1
808587016c000000,1
8085870174000000,1
808587017c000000,1
8085870184000000,1
808587018c000000,1
8085870194000000,1
808587019c000000,1
80858701a4000000,1
80858701ac000000,1
80858701b4000000,1
80858701bc000000,1
80858701c4000000,2
80858701cc000000,2
80858701d4000000,1
80858701dc000000,1
80858701e4000000,1
80858701ec000000,1
80858701f4000000,1
80858701fc000000,1
8085870204000000,1
808587020c000000,1
8085870214000000,1
808587021c000000,1
8085870224000000,1
808587022c000000,1
8085870234000000,1
8085870244000000,2
808587024c000000,2
8085870254000000,2
808587025c000000,3
8085870264000000,2
808587026c000000,2
8085870274000000,2
808587027c000000,2
8085870284000000,2
808587028c000000,2
8085870294000000,3
808587029c000000,2
80858702a4000000,2
80858702ac000000,3
80858702b4000000,3
80858702bc000000,3
80858702c4000000,3
80858702cc000000,3
80858702d4000000,3
80858702dc000000,3
80858702e4000000,3
80858702ec000000,3
80858702f4000000,3
80858702fc000000,3
8085870304000000,2
808587030c000000,2
8085870314000000,2
808587031c000000,2
8085870324000000,3
808587032c000000,3
8085870334000000,3
808587033c000000,2
8085870344000000,2
808587034c000000,2
8085870354000000,2
808587035c000000,2
8085870364000000,2
808587036c000000,2
8085870374000000,2
808587037c000000,2
8085870384000000,2
808587038c000000,2
8085870394000000,2
808587039c000000,2
80858703a4000000,2
80858703ac000000,2
80858703b4000000,2
80858703bc000000,1
80858703c4000000,1
80858703cc000000,1
80858703d4000000,1
80858703dc000000,1
80858703e4000000,1
80858703ec000000,1
80858703f4000000,1
80858703fc000000,1
8085870404000000,1
808587040c000000,2
8085870414000000,2
808587041c000000,1
8085870424000000,1
808587042c000000,2
8085870434000000,2
808587043c000000,2
8085870444000000,2
808587044c000000,2
8085870454000000,2
808587045c000000,2
8085870464000000,2
808587046c000000,2
8085870474000000,2
808587047c000000,2
8085870484000000,2
808587048c000000,2
8085870494000000,2
808587049c000000,2
80858704a4000000,2
80858704ac000000,2
80858704b4000000,2
80858704bc000000,2
80858704c4000000,2
80858704cc000000,2
80858704d4000000,2
80858704dc000000,2
80858704e4000000,2
80858704ec000000,2
80858704f4000000,2
80858704fc000000,2
8085870504000000,2
808587050c000000,2
8085870514000000,2
808587051c000000,2
8085870524000000,2
808587052c000000,2
8085870534000000,2
808587053c000000,2
8085870544000000,2
808587054c000000,2
8085870554000000,2
808587055c000000,2
8085870564000000,2
808587056c000000,2
8085870574000000,2
808587057c000000,2
8085870584000000,2
808587058c000000,2
8085870594000000,2
808587059c000000,2
80858705a4000000,2
80858705ac000000,2
80858705b4000000,2
80858705bc000000,2
80858705c4000000,2
80858705cc000000,2
80858705d4000000,2
80858705dc000000,2
80858705e4000000,2
80858705ec000000,2
80858705f4000000,2
80858705fc000000,2
8085870604000000,1
808587060c000000,1
8085870614000000,1
808587061c000000,1
8085870624000000,1
808587062c000000,1
8085870634000000,1
808587063c000000,1
8085870644000000,1
808587064c000000,1
8085870654000000,1
808587065c000000,1
8085870664000000,1
808587066c000000,1
8085870674000000,1
808587067c000000,1
8085870684000000,1
808587068c000000,1
8085870694000000,1
808587069c000000,1
80858706a4000000,1
80858706ac000000,1
80858706b4000000,1
80858706bc000000,1
80858706c4000000,1
80858706cc000000,1
80858706d4000000,1
80858706dc000000,1
80858706e4000000,1
80858706ec000000,1
80858706f4000000,1
80858706fc000000,1
8085870704000000,1
808587070c000000,1
8085870714000000,1
808587071c000000,1
8085870724000000,1
808587072c000000,1
8085870734000000,1
808587073c000000,1
8085870744000000,1
808587074c000000,1
8085870754000000,1
808587075c000000,1
8085870764000000,1
808587076c000000,1
8085870774000000,1
808587077c000000,1
8085870784000000,1
808587078c000000,1
8085870794000000,1
808587079c000000,1
80858707a4000000,1
80858707ac000000,1
80858707b4000000,1
80858707bc000000,1
80858707c4000000,1
80858707cc000000,1
80858707d4000000,1
80858707dc000000,1
80858707e4000000,1
80858707ec000000,1
80858707f4000000,1
80858707fc000000,1
8085870804000000,1
808587080c000000,1
8085870814000000,1
808587081c000000,1
8085870824000000,1
808587082c000000,1
8085870834000000,1
808587083c000000,1
8085870844000000,1
808587084c000000,1
8085870854000000,1
808587085c000000,1
8085870864000000,1
808587086c000000,1
8085870874000000,1
808587087c000000,1
8085870884000000,1
808587088c000000,1
8085870894000000,1
808587089c000000,1
80858708a4000000,1
80858708ac000000,1
80858708b4000000,1
80858708bc000000,1
80858708c4000000,1
80858708cc000000,1
80858708d4000000,1
80858708dc000000,1
80858708e4000000,1
80858708ec000000,1
80858708f4000000,1
80858708fc000000,1
8085870904000000,1
808587090c000000,1
8085870914000000,1
808587091c000000,1
8085870924000000,1
808587092c000000,1
8085870934000000,1
808587093c000000,1
8085870944000000,1
808587094c000000,1
8085870954000000,2
808587095c000000,2
8085870964000000,2
808587096c000000,2
8085870974000000,2
808587097c000000,2
8085870984000000,2
808587098c000000,2
8085870994000000,2
808587099c000000,2
80858709a4000000,1
80858709ac000000,1
80858709b4000000,1
80858709bc000000,1
80858709c4000000,1
80858709cc000000,1
80858709d4000000,1
80858709dc000000,1
80858709e4000000,2
80858709ec000000,2
80858709f4000000,2
80858709fc000000,2
8085870a04000000,1
8085870a0c000000,1
8085870a14000000,2
8085870a1c000000,2
8085870a24000000,2
8085870a2c000000,2
8085870a34000000,2
8085870a3c000000,2
8085870a44000000,2
8085870a4c000000,2
8085870a54000000,2
8085870a5c000000,2
8085870a64000000,1
8085870a6c000000,2
8085870a74000000,1
8085870a7c000000,1
8085870a84000000,1
8085870a8c000000,1
8085870a94000000,1
8085870a9c000000,1
8085870aa4000000,1
8085870abc000000,1
8085870ac4000000,1
8085870acc000000,1
8085870ad4000000,2
8085870adc000000,2
8085870ae4000000,2
8085870aec000000,2
8085870af4000000,2
8085870afc000000,2
8085870b04000000,2
8085870b0c000000,2
8085870b14000000,2
8085870b1c000000,2
8085870b24000000,3
8085870b2c000000,3
8085870b34000000,3
8085870b3c000000,3
8085870b44000000,3
8085870b4c000000,3
8085870b54000000,3
8085870b5c000000,3
8085870b64000000,2
8085870b6c000000,2
8085870b74000000,2
8085870b7c000000,2
8085870b84000000,2
8085870b8c000000,2
8085870b94000000,2
8085870b9c000000,2
8085870ba4000000,2
8085870bac000000,2
8085870bb4000000,2
8085870bbc000000,2
8085870bc4000000,2
8085870bcc000000,2
8085870bd4000000,2
8085870bdc000000,2
8085870be4000000,2
8085870bec000000,2
8085870bf4000000,2
8085870bfc000000,2
8085870c04000000,2
8085870c0c000000,2
8085870c14000000,2
8085870c1c000000,1
8085870c24000000,1
8085870c2c000000,1
8085870c34000000,1
8085870c3c000000,2
8085870c44000000,2
8085870c4c000000,2
8085870c54000000,2
8085870c5c000000,2
8085870c64000000,2
8085870c6c000000,2
8085870c74000000,2
8085870c7c000000,2
8085870c84000000,2
8085870c8c000000,2
8085870c94000000,2
8085870c9c000000,2
8085870ca4000000,2
8085870cac000000,3
8085870cb4000000,2
8085870cbc000000,2
8085870cc4000000,2
8085870ccc000000,1
8085870cd4000000,1
8085870cdc000000,1
8085870ce4000000,2
8085870cec000000,2
8085870cf4000000,2
8085870cfc000000,2
8085870d04000000,2
8085870d0c000000,2
8085870d14000000,1
8085870d1c000000,2
8085870d24000000,1
8085870d2c000000,1
8085870d34000000,1
8085870d3c000000,1
8085870d44000000,1
8085870d4c000000,1
8085870d54000000,1
8085870d5c000000,1
8085870d64000000,1
8085870d6c000000,1
8085870d74000000,2
8085870d7c000000,1
8085870d84000000,2
8085870d8c000000,2
8085870d94000000,2
8085870d9c000000,2
8085870da4000000,2
8085870dac000000,2
8085870db4000000,2
8085870dbc000000,2
8085870dc4000000,1
8085870dcc000000,1
8085870dd4000000,1
8085870ddc000000,1
8085870de4000000,2
8085870dec000000,2
8085870df4000000,2
8085870dfc000000,2
8085870e04000000,2
8085870e0c000000,2
8085870e14000000,2
8085870e1c000000,2
8085870e24000000,2
8085870e2c000000,2
8085870e34000000,2
8085870e3c000000,2
8085870e44000000,2
8085870e4c000000,2
8085870e54000000,2
8085870e5c000000,2
8085870e64000000,2
8085870e6c000000,2
8085870e74000000,2
8085870e7c000000,1
8085870e84000000,1
8085870e8c000000,1
8085870e94000000,1
8085870e9c000000,1
8085870ea4000000,1
8085870eac000000,1
8085870eb4000000,1
8085870ebc000000,1
8085870ec4000000,1
8085870ecc000000,1
8085870ed4000000,1
8085870edc000000,1
8085870ee4000000,2
8085870eec000000,1
8085870ef4000000,2
8085870efc000000,2
8085870f04000000,2
8085870f0c000000,2
8085870f14000000,2
8085870f1c000000,2
8085870f24000000,2
8085870f2c000000,1
8085870f34000000,2
8085870f3c000000,2
8085870f44000000,2
8085870f4c000000,2
8085870f54000000,2
8085870f5c000000,2
8085870f64000000,2
8085870f6c000000,2
8085870f74000000,2
8085870f7c000000,2
8085870f84000000,2
8085870f8c000000,2
8085870f94000000,2
8085870f9c000000,2
8085870fa4000000,2
8085870fac000000,2
8085870fb4000000,2
8085870fbc000000,2
8085870fc4000000,2
8085870fcc000000,2
8085870fd4000000,2
8085870fdc000000,2
8085870fe4000000,2
8085870fec000000,2
8085870ff4000000,2
8085870ffc000000,2
8085871004000000,2
808587100c000000,2
8085871014000000,2
808587101c000000,2
8085871024000000,2
808587102c000000,2
8085871034000000,2
808587103c000000,2
8085871044000000,2
808587104c000000,2
8085871054000000,2
808587105c000000,3
8085871064000000,3
808587106c000000,2
8085871074000000,3
808587107c000000,3
8085871084000000,3
808587108c000000,3
8085871094000000,3
808587109c000000,3
80858710a4000000,3
80858710ac000000,4
80858710b4000000,5
80858710bc000000,3
80858710c4000000,4
80858710cc000000,4
80858710d4000000,4
80858710dc000000,4
80858710e4000000,4
80858710ec000000,3
80858710f4000000,3
80858710fc000000,3
8085871104000000,3
808587110c000000,2
8085871114000000,4
808587111c000000,4
8085871124000000,4
808587112c000000,4
8085871134000000,4
808587113c000000,4
8085871144000000,4
808587114c000000,5
8085871154000000,5
808587115c000000,5
8085871164000000,4
808587116c000000,3
8085871174000000,2
808587117c000000,2
8085871184000000,2
808587118c000000,3
8085871194000000,2
808587119c000000,2
80858711a4000000,2
80858711ac000000,2
80858711b4000000,2
80858711bc000000,2
80858711c4000000,2
80858711cc000000,2
80858711d4000000,2
80858711dc000000,2
80858711e4000000,2
80858711ec000000,2
80858711f4000000,2
80858711fc000000,2
8085871204000000,3
808587120c000000,2
8085871214000000,3
808587121c000000,3
8085871224000000,3
808587122c000000,3
8085871234000000,4
808587123c000000,3
8085871244000000,2
808587124c000000,3
8085871254000000,4
808587125c000000,3
8085871264000000,2
808587126c000000,2
8085871274000000,2
808587127c000000,2
8085871284000000,1
808587128c000000,2
8085871294000000,2
808587129c000000,1
80858712a4000000,1
80858712ac000000,1
80858712b4000000,2
80858712bc000000,2
80858712c4000000,3
80858712cc000000,3
80858712d4000000,3
80858712dc000000,3
80858712e4000000,3
80858712ec000000,3
80858712f4000000,2
80858712fc000000,4
8085871304000000,4
808587130c000000,5
8085871314000000,5
808587131c000000,3
8085871324000000,4
808587132c000000,4
8085871334000000,4
808587133c000000,4
8085871344000000,5
808587134c000000,5
8085871354000000,5
808587135c000000,5
8085871364000000,6
808587136c000000,6
8085871374000000,6
808587137c000000,5
8085871384000000,6
808587138c000000,7
8085871394000000,6
808587139c000000,6
80858713a4000000,5
80858713ac000000,4
80858713b4000000,3
80858713bc000000,3
80858713c4000000,3
80858713cc000000,4
80858713d4000000,3
80858713dc000000,4
80858713e4000000,4
80858713ec000000,4
80858713f4000000,5
80858713fc000000,5
8085871404000000,5
808587140c000000,5
8085871414000000,5
808587141c000000,5
8085871424000000,5
808587142c000000,6
8085871434000000,5
808587143c000000,5
8085871444000000,7
808587144c000000,7
8085871454000000,6
808587145c000000,6
8085871464000000,6
808587146c000000,7
8085871474000000,7
808587147c000000,6
8085871484000000,6
808587148c000000,6
8085871494000000,6
808587149c000000,6
80858714a4000000,7
80858714ac000000,5
80858714b4000000,6
80858714bc000000,6
80858714c4000000,6
80858714cc000000,6
80858714d4000000,6
80858714dc000000,7
80858714e4000000,6
80858714ec000000,6
80858714f4000000,6
80858714fc000000,6
8085871504000000,7
808587150c000000,7
8085871514000000,7
808587151c000000,7
8085871524000000,8
808587152c000000,6
8085871534000000,8
808587153c000000,7
8085871544000000,8
808587154c000000,8
8085871554000000,8
808587155c000000,8
8085871564000000,7
808587156c000000,8
8085871574000000,8
808587157c000000,7
8085871584000000,7
808587158c000000,9
8085871594000000,8
808587159c000000,7
80858715a4000000,8
80858715ac000000,8
80858715b4000000,5
80858715bc000000,5
80858715c4000000,7
80858715cc000000,5
80858715d4000000,7
80858715dc000000,8
80858715e4000000,8
80858715ec000000,8
80858715f4000000,8
80858715fc000000,8
8085871604000000,8
808587160c000000,8
8085871614000000,8
808587161c000000,8
8085871624000000,8
808587162c000000,8
8085871634000000,8
808587163c000000,8
8085871644000000,8
808587164c000000,8
8085871654000000,8
808587165c000000,8
8085871664000000,8
808587166c000000,8
8085871674000000,8
808587167c000000,8
8085871684000000,7
808587168c000000,8
8085871694000000,7
808587169c000000,6
80858716a4000000,5
80858716ac000000,5
80858716b4000000,5
80858716bc000000,6
80858716c4000000,7
80858716cc000000,5
80858716d4000000,5
80858716dc000000,7
80858716e4000000,8
80858716ec000000,8
80858716f4000000,8
80858716fc000000,8
8085871704000000,8
808587170c000000,8
8085871714000000,8
808587171c000000,8
8085871724000000,7
808587172c000000,5
8085871734000000,5
808587173c000000,7
8085871744000000,6
808587174c000000,6
8085871754000000,5
808587175c000000,5
8085871764000000,5
808587176c000000,7
8085871774000000,8
808587177c000000,5
8085871784000000,6
808587178c000000,6
8085871794000000,8
808587179c000000,8
80858717a4000000,8
80858717ac000000,8
80858717b4000000,8
80858717bc000000,8
80858717c4000000,8
80858717cc000000,8
80858717d4000000,8
80858717dc000000,8
80858717e4000000,7
80858717ec000000,8
80858717f4000000,6
80858717fc000000,6
8085871804000000,6
808587180c000000,6
8085871814000000,5
808587181c000000,6
8085871824000000,6
808587182c000000,5
8085871834000000,5
808587183c000000,5
8085871844000000,5
808587184c000000,5
8085871854000000,4
808587185c000000,4
8085871864000000,4
808587186c000000,4
8085871874000000,4
808587187c000000,5
8085871884000000,5
808587188c000000,5
8085871894000000,5
808587189c000000,5
80858718a4000000,5
80858718ac000000,5
80858718b4000000,5
80858718bc000000,5
80858718c4000000,5
80858718cc000000,5
80858718d4000000,5
80858718dc000000,4
80858718e4000000,4
80858718ec000000,4
80858718f4000000,4
80858718fc000000,4
8085871904000000,4
808587190c000000,4
8085871914000000,4
808587191c000000,4
8085871924000000,4
808587192c000000,4
8085871934000000,4
808587193c000000,4
8085871944000000,4
808587194c000000,4
8085871954000000,4
808587195c000000,4
8085871964000000,4
808587196c000000,4
8085871974000000,4
808587197c000000,4
8085871984000000,4
808587198c000000,4
8085871994000000,4
808587199c000000,4
80858719a4000000,4
80858719ac000000,4
80858719b4000000,4
80858719bc000000,4
80858719c4000000,5
80858719cc000000,5
80858719d4000000,5
80858719dc000000,5
80858719e4000000,5
80858719ec000000,5
80858719f4000000,4
80858719fc000000,4
8085871a04000000,4
8085871a0c000000,3
8085871a14000000,3
8085871a1c000000,4
8085871a24000000,4
8085871a2c000000,4
8085871a34000000,3
8085871a3c000000,3
8085871a44000000,3
8085871a4c000000,3
8085871a54000000,3
8085871a5c000000,3
8085871a64000000,3
8085871a6c000000,3
8085871a74000000,3
8085871a7c000000,3
8085871a84000000,3
8085871a8c000000,3
8085871a94000000,3
8085871a9c000000,3
8085871aa4000000,2
8085871aac000000,2
8085871ab4000000,2
8085871abc000000,3
8085871ac4000000,2
8085871acc000000,2
8085871ad4000000,2
8085871adc000000,2
8085871ae4000000,3
8085871aec000000,3
8085871af4000000,3
8085871afc000000,3
8085871b04000000,3
8085871b0c000000,3
8085871b14000000,3
8085871b1c000000,3
8085871b24000000,2
8085871b2c000000,2
8085871b34000000,2
8085871b3c000000,2
8085871b44000000,2
8085871b4c000000,2
8085871b54000000,2
8085871b5c000000,2
8085871b64000000,2
8085871b6c000000,2
8085871b74000000,3
8085871b7c000000,2
8085871b84000000,3
8085871b8c000000,3
8085871b94000000,3
8085871b9c000000,3
8085871ba4000000,3
8085871bac000000,3
8085871bb4000000,3
8085871bbc000000,3
8085871bc4000000,3
8085871bcc000000,3
8085871bd4000000,4
8085871bdc000000,4
8085871be4000000,3
8085871bec000000,3
8085871bf4000000,3
8085871bfc000000,3
8085871c04000000,3
8085871c0c000000,3
8085871c14000000,3
8085871c1c000000,3
8085871c24000000,3
8085871c2c000000,3
8085871c34000000,3
8085871c3c000000,3
8085871c44000000,3
8085871c4c000000,4
8085871c54000000,4
8085871c5c000000,4
8085871c64000000,3
8085871c6c000000,3
8085871c74000000,3
8085871c7c000000,3
8085871c84000000,2
8085871c8c000000,2
8085871c94000000,2
8085871c9c000000,2
8085871ca4000000,2
8085871cac000000,2
8085871cb4000000,3
8085871cbc000000,3
8085871cc4000000,3
8085871ccc000000,3
8085871cd4000000,3
8085871cdc000000,3
8085871ce4000000,3
8085871cec000000,3
8085871cf4000000,3
8085871cfc000000,3
8085871d04000000,3
8085871d0c000000,3
8085871d14000000,3
8085871d1c000000,3
8085871d24000000,3
8085871d2c000000,3
8085871d34000000,3
8085871d3c000000,3
8085871d44000000,3
8085871d4c000000,3
8085871d54000000,3
8085871d5c000000,3
8085871d64000000,3
8085871d6c000000,3
8085871d74000000,3
8085871d7c000000,3
8085871d84000000,4
8085871d8c000000,4
8085871d94000000,4
8085871d9c000000,4
8085871da4000000,4
8085871dac000000,4
8085871db4000000,4
8085871dbc000000,4
8085871dc4000000,4
8085871dcc000000,3
8085871dd4000000,3
8085871ddc000000,4
8085871de4000000,4
8085871dec000000,4
8085871df4000000,4
8085871dfc000000,4
8085871e04000000,4
8085871e0c000000,4
8085871e14000000,4
8085871e1c000000,4
8085871e24000000,4
8085871e2c000000,4
8085871e34000000,4
8085871e3c000000,4
8085871e44000000,4
8085871e4c000000,4
8085871e54000000,4
8085871e5c000000,4
8085871e64000000,3
8085871e6c000000,4
8085871e74000000,4
8085871e7c000000,3
8085871e84000000,3
8085871e8c000000,3
8085871e94000000,3
8085871e9c000000,3
8085871ea4000000,3
8085871eac000000,3
8085871eb4000000,4
8085871ebc000000,3
8085871ec4000000,4
8085871ecc000000,4
8085871ed4000000,4
8085871edc000000,4
8085871ee4000000,4
8085871eec000000,3
8085871ef4000000,3
8085871efc000000,3
8085871f04000000,4
8085871f0c000000,4
8085871f14000000,5
8085871f1c000000,5
8085871f24000000,5
8085871f2c000000,5
8085871f34000000,5
8085871f3c000000,5
8085871f44000000,5
8085871f4c000000,5
8085871f54000000,5
8085871f5c000000,5
8085871f64000000,5
8085871f6c000000,5
8085871f74000000,4
8085871f7c000000,4
8085871f84000000,5
8085871f8c000000,4
8085871f94000000,4
8085871f9c000000,5
8085871fa4000000,5
8085871fac000000,5
8085871fb4000000,4
8085871fbc000000,5
8085871fc4000000,4
8085871fcc000000,4
8085871fd4000000,3
8085871fdc000000,3
8085871fe4000000,4
8085871fec000000,4
8085871ff4000000,4
8085871ffc000000,4
8085872004000000,4
808587200c000000,4
8085872014000000,4
808587201c000000,4
8085872024000000,4
808587202c000000,4
8085872034000000,4
808587203c000000,4
8085872044000000,4
808587204c000000,3
8085872054000000,3
808587205c000000,4
8085872064000000,3
808587206c000000,4
8085872074000000,4
808587207c000000,3
8085872084000000,3
808587208c000000,3
8085872094000000,3
808587209c000000,3
80858720a4000000,3
80858720ac000000,3
80858720b4000000,3
80858720bc000000,3
80858720c4000000,4
80858720cc000000,4
80858720d4000000,5
80858720dc000000,5
80858720e4000000,5
80858720ec000000,3
80858720f4000000,3
80858720fc000000,4
8085872104000000,4
808587210c000000,4
8085872114000000,5
808587211c000000,5
8085872124000000,5
808587212c000000,5
8085872134000000,5
808587213c000000,5
8085872144000000,5
808587214c000000,5
8085872154000000,5
808587215c000000,5
8085872164000000,5
808587216c000000,5
8085872174000000,4
808587217c000000,4
8085872184000000,4
808587218c000000,4
8085872194000000,4
808587219c000000,4
80858721a4000000,4
80858721ac000000,4
80858721b4000000,4
80858721bc000000,4
80858721c4000000,4
80858721cc000000,4
80858721d4000000,4
80858721dc000000,5
80858721e4000000,5
80858721ec000000,5
80858721f4000000,5
80858721fc000000,5
8085872204000000,5
808587220c000000,5
8085872214000000,5
808587221c000000,5
8085872224000000,4
808587222c000000,4
8085872234000000,4
808587223c000000,5
8085872244000000,5
808587224c000000,4
8085872254000000,4
808587225c000000,5
8085872264000000,5
808587226c000000,5
8085872274000000,5
808587227c000000,5
8085872284000000,5
808587228c000000,5
8085872294000000,5
808587229c000000,5
80858722a4000000,6
80858722ac000000,6
80858722b4000000,6
80858722bc000000,7
80858722c4000000,6
80858722cc000000,7
80858722d4000000,6
80858722dc000000,4
80858722e4000000,4
80858722ec000000,5
80858722f4000000,5
80858722fc000000,4
8085872304000000,4
808587230c000000,4
8085872314000000,4
808587231c000000,4
8085872324000000,4
808587232c000000,7
8085872334000000,7
808587233c000000,5
8085872344000000,5
808587234c000000,6
8085872354000000,5
808587235c000000,5
8085872364000000,4
808587236c000000,4
8085872374000000,4
808587237c000000,5
8085872384000000,5
808587238c000000,5
8085872394000000,5
808587239c000000,4
80858723a4000000,4
80858723ac000000,4
80858723b4000000,4
80858723bc000000,4
80858723c4000000,4
80858723cc000000,4
80858723d4000000,4
80858723dc000000,5
80858723e4000000,5
80858723ec000000,5
80858723f4000000,5
80858723fc000000,5
8085872404000000,5
808587240c000000,5
8085872414000000,5
808587241c000000,5
8085872424000000,5
808587242c000000,5
8085872434000000,5
808587243c000000,5
8085872444000000,5
808587244c000000,6
8085872454000000,6
808587245c000000,5
8085872464000000,5
808587246c000000,5
8085872474000000,5
808587247c000000,5
8085872484000000,5
808587248c000000,5
8085872494000000,5
808587249c000000,5
80858724a4000000,5
80858724ac000000,5
80858724b4000000,6
80858724bc000000,5
80858724c4000000,6
80858724cc000000,6
80858724d4000000,7
80858724dc000000,7
80858724e4000000,7
80858724ec000000,5
80858724f4000000,5
80858724fc000000,7
8085872504000000,7
808587250c000000,7
8085872514000000,8
808587251c000000,7
8085872524000000,7
808587252c000000,9
8085872534000000,9
808587253c000000,8
8085872544000000,8
808587254c000000,8
8085872554000000,7
808587255c000000,8
8085872564000000,9
808587256c000000,8
8085872574000000,7
808587257c000000,8
8085872584000000,8
808587258c000000,8
8085872594000000,7
808587259c000000,7
80858725a4000000,7
80858725ac000000,7
80858725b4000000,7
80858725bc000000,7
80858725c4000000,6
80858725cc000000,6
80858725d4000000,6
80858725dc000000,6
80858725e4000000,6
80858725ec000000,7
80858725f4000000,8
80858725fc000000,7
8085872604000000,6
808587260c000000,6
8085872614000000,5
808587261c000000,5
8085872624000000,5
808587262c000000,3
8085872634000000,4
808587263c000000,5
8085872644000000,5
808587264c000000,5
8085872654000000,5
808587265c000000,5
8085872664000000,5
808587266c000000,5
8085872674000000,6
808587267c000000,5
8085872684000000,5
808587268c000000,5
8085872694000000,5
808587269c000000,5
80858726a4000000,5
80858726ac000000,5
80858726b4000000,5
80858726bc000000,5
80858726c4000000,5
80858726cc000000,5
80858726d4000000,5
80858726dc000000,5
80858726e4000000,5
80858726ec000000,5
80858726f4000000,5
80858726fc000000,5
8085872704000000,5
808587270c000000,4
8085872714000000,4
808587271c000000,5
8085872724000000,5
808587272c000000,5
8085872734000000,4
808587273c000000,4
8085872744000000,4
808587274c000000,4
8085872754000000,3
808587275c000000,3
8085872764000000,3
808587276c000000,4
8085872774000000,4
808587277c000000,3
8085872784000000,2
808587278c000000,2
8085872794000000,2
808587279c000000,3
80858727a4000000,4
80858727ac000000,5
80858727b4000000,4
80858727bc000000,4
80858727c4000000,3
80858727cc000000,4
80858727d4000000,3
80858727dc000000,3
80858727e4000000,3
80858727ec000000,2
80858727f4000000,2
80858727fc000000,3
8085872804000000,3
808587280c000000,3
8085872814000000,4
808587281c000000,4
8085872824000000,4
808587282c000000,5
8085872834000000,5
808587283c000000,5
8085872844000000,6
808587284c000000,6
8085872854000000,6
808587285c000000,6
8085872864000000,3
808587286c000000,6
8085872874000000,3
808587287c000000,3
8085872884000000,2
808587288c000000,3
8085872894000000,2
808587289c000000,2
80858728a4000000,3
80858728ac000000,7
80858728b4000000,5
80858728bc000000,3
80858728c4000000,4
80858728cc000000,4
80858728d4000000,6
80858728dc000000,6
80858728e4000000,6
80858728ec000000,4
80858728f4000000,5
80858728fc000000,6
8085872904000000,6
808587290c000000,6
8085872914000000,7
808587291c000000,6
8085872924000000,7
808587292c000000,6
8085872934000000,6
808587293c000000,7
8085872944000000,7
808587294c000000,6
8085872954000000,7
808587295c000000,8
8085872964000000,7
808587296c000000,8
8085872974000000,7
808587297c000000,7
8085872984000000,7
808587298c000000,7
8085872994000000,7
808587299c000000,7
80858729a4000000,7
80858729ac000000,6
80858729b4000000,7
80858729bc000000,7
80858729c4000000,6
80858729cc000000,6
80858729d4000000,6
80858729dc000000,6
80858729e4000000,6
80858729ec000000,6
80858729f4000000,6
80858729fc000000,6
8085872a04000000,6
8085872a0c000000,5
8085872a14000000,6
8085872a1c000000,6
8085872a24000000,7
8085872a2c000000,7
8085872a34000000,7
8085872a3c000000,7
8085872a44000000,5
8085872a4c000000,6
8085872a54000000,5
8085872a5c000000,5
8085872a64000000,5
8085872a6c000000,5
8085872a74000000,5
8085872a7c000000,5
8085872a84000000,5
8085872a8c000000,5
8085872a94000000,5
8085872a9c000000,5
8085872aa4000000,6
8085872aac000000,5
8085872ab4000000,5
8085872abc000000,6
8085872ac4000000,6
8085872acc000000,6
8085872ad4000000,6
8085872adc000000,6
8085872ae4000000,5
8085872aec000000,5
8085872af4000000,5
8085872afc000000,5
8085872b04000000,6
8085872b0c000000,6
8085872b14000000,6
8085872b1c000000,5
8085872b24000000,6
8085872b2c000000,6
8085872b34000000,6
8085872b3c000000,6
8085872b44000000,6
8085872b4c000000,6
8085872b54000000,6
8085872b5c000000,7
8085872b64000000,7
8085872b6c000000,7
8085872b74000000,6
8085872b7c000000,7
8085872b84000000,7
8085872b8c000000,7
8085872b94000000,7
8085872b9c000000,7
8085872ba4000000,7
8085872bac000000,6
8085872bb4000000,7
8085872bbc000000,7
8085872bc4000000,7
8085872bcc000000,7
8085872bd4000000,7
8085872bdc000000,7
8085872be4000000,7
8085872bec000000,7
8085872bf4000000,6
8085872bfc000000,7
8085872c04000000,7
8085872c0c000000,7
8085872c14000000,7
8085872c1c000000,6
8085872c24000000,6
8085872c2c000000,6
8085872c34000000,6
8085872c3c000000,7
8085872c44000000,7
8085872c4c000000,8
8085872c54000000,8
8085872c5c000000,7
8085872c64000000,6
8085872c6c000000,7
8085872c74000000,6
8085872c7c000000,6
8085872c84000000,8
8085872c8c000000,8
8085872c94000000,8
8085872c9c000000,7
8085872ca4000000,8
8085872cac000000,8
8085872cb4000000,8
8085872cbc000000,8
8085872cc4000000,10
8085872ccc000000,9
8085872cd4000000,9
8085872cdc000000,10
8085872ce4000000,9
8085872cec000000,9
8085872cf4000000,7
8085872cfc000000,8
8085872d04000000,9
8085872d0c000000,10
8085872d14000000,10
8085872d1c000000,10
8085872d24000000,11
8085872d2c000000,11
8085872d34000000,11
8085872d3c000000,10
8085872d44000000,10
8085872d4c000000,10
8085872d54000000,9
8085872d5c000000,9
8085872d64000000,9
8085872d6c000000,10
8085872d74000000,11
8085872d7c000000,9
8085872d84000000,9
8085872d8c000000,9
8085872d94000000,8
8085872d9c000000,9
8085872da4000000,10
8085872dac000000,10
8085872db4000000,9
8085872dbc000000,8
8085872dc4000000,7
8085872dcc000000,7
8085872dd4000000,7
8085872ddc000000,6
8085872de4000000,6
8085872dec000000,7
8085872df4000000,8
8085872dfc000000,8
8085872e04000000,7
8085872e0c000000,6
8085872e14000000,7
8085872e1c000000,7
8085872e24000000,6
8085872e2c000000,7
8085872e34000000,6
8085872e3c000000,7
8085872e44000000,6
8085872e4c000000,6
8085872e54000000,5
8085872e5c000000,5
8085872e64000000,6
8085872e6c000000,5
8085872e74000000,6
8085872e7c000000,6
8085872e84000000,6
8085872e8c000000,5
8085872e94000000,6
8085872e9c000000,6
8085872ea4000000,6
8085872eac000000,6
8085872eb4000000,6
8085872ebc000000,6
8085872ec4000000,6
8085872ecc000000,6
8085872ed4000000,6
8085872edc000000,6
8085872ee4000000,5
8085872eec000000,5
8085872ef4000000,4
8085872efc000000,5
8085872f04000000,5
8085872f0c000000,6
8085872f14000000,5
8085872f1c000000,5
8085872f24000000,5
8085872f2c000000,6
8085872f34000000,5
8085872f3c000000,5
8085872f44000000,7
8085872f4c000000,5
8085872f54000000,8
8085872f5c000000,8
8085872f64000000,8
8085872f6c000000,8
8085872f74000000,8
8085872f7c000000,8
8085872f84000000,9
8085872f8c000000,8
8085872f94000000,8
8085872f9c000000,8
8085872fa4000000,7
8085872fac000000,6
8085872fb4000000,7
8085872fbc000000,7
8085872fc4000000,7
8085872fcc000000,7
8085872fd4000000,7
8085872fdc000000,7
8085872fe4000000,7
8085872fec000000,8
8085872ff4000000,8
8085872ffc000000,8
8085873004000000,9
808587300c000000,9
8085873014000000,9
808587301c000000,7
8085873024000000,7
808587302c000000,7
8085873034000000,9
808587303c000000,9
8085873044000000,9
808587304c000000,9
8085873054000000,8
808587305c000000,8
8085873064000000,7
808587306c000000,9
8085873074000000,8
808587307c000000,9
8085873084000000,9
808587308c000000,9
8085873094000000,9
808587309c000000,10
80858730a4000000,9
80858730ac000000,9
80858730b4000000,9
80858730bc000000,9
80858730c4000000,9
80858730cc000000,10
80858730d4000000,9
80858730dc000000,9
80858730e4000000,8
80858730ec000000,8
80858730f4000000,9
80858730fc000000,9
8085873104000000,9
808587310c000000,9
8085873114000000,8
808587311c000000,8
8085873124000000,8
808587312c000000,9
8085873134000000,9
808587313c000000,7
8085873144000000,8
808587314c000000,8
8085873154000000,8
808587315c000000,8
8085873164000000,8
808587316c000000,8
8085873174000000,7
808587317c000000,8
8085873184000000,9
808587318c000000,9
8085873194000000,8
808587319c000000,8
80858731a4000000,9
80858731ac000000,9
80858731b4000000,9
80858731bc000000,9
80858731c4000000,9
80858731cc000000,9
80858731d4000000,7
80858731dc000000,7
80858731e4000000,8
80858731ec000000,9
80858731f4000000,9
80858731fc000000,8
8085873204000000,8
808587320c000000,10
8085873214000000,10
808587321c000000,8
8085873224000000,8
808587322c000000,9
8085873234000000,11
808587323c000000,12
8085873244000000,11
808587324c000000,12
8085873254000000,13
808587325c000000,11
8085873264000000,10
808587326c000000,10
8085873274000000,10
808587327c000000,9
8085873284000000,10
808587328c000000,10
8085873294000000,11
808587329c000000,10
80858732a4000000,8
80858732ac000000,9
80858732b4000000,9
80858732bc000000,11
80858732c4000000,11
80858732cc000000,11
80858732d4000000,11
80858732dc000000,11
80858732e4000000,12
80858732ec000000,11
80858732f4000000,11
80858732fc000000,13
8085873304000000,13
808587330c000000,12
8085873314000000,12
808587331c000000,13
8085873324000000,14
808587332c000000,11
8085873334000000,12
808587333c000000,12
8085873344000000,12
808587334c000000,12
8085873354000000,12
808587335c000000,12
8085873364000000,12
808587336c000000,12
8085873374000000,12
808587337c000000,12
8085873384000000,11
808587338c000000,11
8085873394000000,11
808587339c000000,11
80858733a4000000,12
80858733ac000000,13
80858733b4000000,13
80858733bc000000,11
80858733c4000000,11
80858733cc000000,12
80858733d4000000,10
80858733dc000000,8
80858733e4000000,8
80858733ec000000,10
80858733f4000000,9
80858733fc000000,8
8085873404000000,10
808587340c000000,9
8085873414000000,10
808587341c000000,11
8085873424000000,10
808587342c000000,10
8085873434000000,11
808587343c000000,9
8085873444000000,10
808587344c000000,10
8085873454000000,11
808587345c000000,10
8085873464000000,11
808587346c000000,9
8085873474000000,11
808587347c000000,11
8085873484000000,11
808587348c000000,11
8085873494000000,11
808587349c000000,12
80858734a4000000,12
80858734ac000000,12
80858734b4000000,14
80858734bc000000,13
80858734c4000000,12
80858734cc000000,13
80858734d4000000,13
80858734dc000000,13
80858734e4000000,12
80858734ec000000,12
80858734f4000000,11
80858734fc000000,11
8085873504000000,11
808587350c000000,10
8085873514000000,12
808587351c000000,12
8085873524000000,14
808587352c000000,14
8085873534000000,14
808587353c000000,13
8085873544000000,13
808587354c000000,13
8085873554000000,13
808587355c000000,12
8085873564000000,12
808587356c000000,12
8085873574000000,11
808587357c000000,10
8085873584000000,9
808587358c000000,10
8085873594000000,10
808587359c000000,10
80858735a4000000,10
80858735ac000000,10
80858735b4000000,10
80858735bc000000,9
80858735c4000000,10
80858735cc000000,10
80858735d4000000,10
80858735dc000000,11
80858735e4000000,11
80858735ec000000,11
80858735f4000000,10
80858735fc000000,11
8085873604000000,10
808587360c000000,11
8085873614000000,12
808587361c000000,11
8085873624000000,12
808587362c000000,10
8085873634000000,10
808587363c000000,12
8085873644000000,12
808587364c000000,11
8085873654000000,11
808587365c000000,12
8085873664000000,12
808587366c000000,11
8085873674000000,11
808587367c000000,10
8085873684000000,11
808587368c000000,11
8085873694000000,11
808587369c000000,11
80858736a4000000,10
80858736ac000000,10
80858736b4000000,10
80858736bc000000,10
80858736c4000000,9
80858736cc000000,10
80858736d4000000,8
80858736dc000000,11
80858736e4000000,11
80858736ec000000,11
80858736f4000000,11
80858736fc000000,11
8085873704000000,10
808587370c000000,12
8085873714000000,10
808587371c000000,10
8085873724000000,9
808587372c000000,10
8085873734000000,10
808587373c000000,10
8085873744000000,10
808587374c000000,10
8085873754000000,10
808587375c000000,10
8085873764000000,10
808587376c000000,11
8085873774000000,11
808587377c000000,11
8085873784000000,11
808587378c000000,12
8085873794000000,12
808587379c000000,13
80858737a4000000,13
80858737ac000000,11
80858737b4000000,13
80858737bc000000,13
80858737c4000000,13
80858737cc000000,13
80858737d4000000,12
80858737dc000000,13
80858737e4000000,14
80858737ec000000,13
80858737f4000000,13
80858737fc000000,13
8085873804000000,12
808587380c000000,12
8085873814000000,13
808587381c000000,13
8085873824000000,13
808587382c000000,11
8085873834000000,13
808587383c000000,13
8085873844000000,12
808587384c000000,13
8085873854000000,12
808587385c000000,13
8085873864000000,13
808587386c000000,12
8085873874000000,13
808587387c000000,13
8085873884000000,11
808587388c000000,12
8085873894000000,10
808587389c000000,9
80858738a4000000,9
80858738ac000000,9
80858738b4000000,9
80858738bc000000,9
80858738c4000000,10
80858738cc000000,9
80858738d4000000,8
80858738dc000000,8
80858738e4000000,8
80858738ec000000,9
80858738f4000000,10
80858738fc000000,10
8085873904000000,10
808587390c000000,9
8085873914000000,8
808587391c000000,9
8085873924000000,8
808587392c000000,8
8085873934000000,9
808587393c000000,8
8085873944000000,7
808587394c000000,8
8085873954000000,8
808587395c000000,8
8085873964000000,8
808587396c000000,8
8085873974000000,10
808587397c000000,10
8085873984000000,10
808587398c000000,10
8085873994000000,10
808587399c000000,11
80858739a4000000,11
80858739ac000000,13
80858739b4000000,13
80858739bc000000,11
80858739c4000000,10
80858739cc000000,11
80858739d4000000,11
80858739dc000000,10
80858739e4000000,10
80858739ec000000,10
80858739f4000000,10
80858739fc000000,10
8085873a04000000,10
8085873a0c000000,10
8085873a14000000,11
8085873a1c000000,10
8085873a24000000,10
8085873a2c000000,10
8085873a34000000,11
8085873a3c000000,11
8085873a44000000,11
8085873a4c000000,11
8085873a54000000,10
8085873a5c000000,10
8085873a64000000,9
8085873a6c000000,10
8085873a74000000,10
8085873a7c000000,9
8085873a84000000,9
8085873a8c000000,9
8085873a94000000,9
8085873a9c000000,9
8085873aa4000000,9
8085873aac000000,8
8085873ab4000000,8
8085873abc000000,9
8085873ac4000000,9
8085873acc000000,8
8085873ad4000000,8
8085873adc000000,8
8085873ae4000000,9
8085873aec000000,8
8085873af4000000,9
8085873afc000000,9
8085873b04000000,8
8085873b0c000000,8
8085873b14000000,8
8085873b1c000000,7
8085873b24000000,7
8085873b2c000000,5
8085873b34000000,7
8085873b3c000000,7
8085873b44000000,7
8085873b4c000000,7
8085873b54000000,8
8085873b5c000000,8
8085873b64000000,8
8085873b6c000000,7
8085873b74000000,7
8085873b7c000000,7
8085873b84000000,7
8085873b8c000000,7
8085873b94000000,7
8085873b9c000000,7
8085873ba4000000,8
8085873bac000000,8
8085873bb4000000,9
8085873bbc000000,9
8085873bc4000000,9
8085873bcc000000,9
8085873bd4000000,9
8085873bdc000000,9
8085873be4000000,8
8085873bec000000,8
8085873bf4000000,8
8085873bfc000000,8
8085873c04000000,8
8085873c0c000000,8
8085873c14000000,7
8085873c1c000000,7
8085873c24000000,7
8085873c2c000000,7
8085873c34000000,7
8085873c3c000000,7
8085873c44000000,7
8085873c4c000000,7
8085873c54000000,7
8085873c5c000000,7
8085873c64000000,7
8085873c6c000000,7
8085873c74000000,7
8085873c7c000000,6
8085873c84000000,7
8085873c8c000000,6
8085873c94000000,7
8085873c9c000000,7
8085873ca4000000,7
8085873cac000000,7
8085873cb4000000,7
8085873cbc000000,7
8085873cc4000000,7
8085873ccc000000,7
8085873cd4000000,7
8085873cdc000000,6
8085873ce4000000,6
8085873cec000000,6
8085873cf4000000,6
8085873cfc000000,7
8085873d04000000,7
8085873d0c000000,7
8085873d14000000,6
8085873d1c000000,6
8085873d24000000,6
8085873d2c000000,7
8085873d34000000,6
8085873d3c000000,7
8085873d44000000,7
8085873d4c000000,6
8085873d54000000,6
8085873d5c000000,7
8085873d64000000,8
8085873d6c000000,8
8085873d74000000,8
8085873d7c000000,8
8085873d84000000,8
8085873d8c000000,8
8085873d94000000,8
8085873d9c000000,8
8085873da4000000,7
8085873dac000000,7
8085873db4000000,7
8085873dbc000000,7
8085873dc4000000,7
8085873dcc000000,7
8085873dd4000000,7
8085873ddc000000,7
8085873de4000000,7
8085873dec000000,7
8085873df4000000,8
8085873dfc000000,8
8085873e04000000,8
8085873e0c000000,7
8085873e14000000,7
8085873e1c000000,8
8085873e24000000,8
8085873e2c000000,8
8085873e34000000,7
8085873e3c000000,8
8085873e44000000,8
8085873e4c000000,7
8085873e54000000,8
8085873e5c000000,8
8085873e64000000,7
8085873e6c000000,7
8085873e74000000,7
8085873e7c000000,7
8085873e84000000,7
8085873e8c000000,7
8085873e94000000,8
8085873e9c000000,7
8085873ea4000000,8
8085873eac000000,8
8085873eb4000000,8
8085873ebc000000,8
8085873ec4000000,8
8085873ecc000000,8
8085873ed4000000,9
8085873edc000000,8
8085873ee4000000,8
8085873eec000000,8
8085873ef4000000,8
8085873efc000000,8
8085873f04000000,8
8085873f0c000000,9
8085873f14000000,9
8085873f1c000000,7
8085873f24000000,8
8085873f2c000000,9
8085873f34000000,9
8085873f3c000000,10
8085873f44000000,10
8085873f4c000000,9
8085873f54000000,10
8085873f5c000000,10
8085873f64000000,10
8085873f6c000000,11
8085873f74000000,10
8085873f7c000000,10
8085873f84000000,11
8085873f8c000000,9
8085873f94000000,7
8085873f9c000000,8
8085873fa4000000,9
8085873fac000000,9
8085873fb4000000,9
8085873fbc000000,8
8085873fc4000000,8
8085873fcc000000,8
8085873fd4000000,8
8085873fdc000000,9
8085873fe4000000,9
8085873fec000000,9
8085873ff4000000,9
8085873ffc000000,9
8085874004000000,9
808587400c000000,9
8085874014000000,10
808587401c000000,10
8085874024000000,13
808587402c000000,13
8085874034000000,13
808587403c000000,13
8085874044000000,12
808587404c000000,13
8085874054000000,15
808587405c000000,14
8085874064000000,14
808587406c000000,12
8085874074000000,11
808587407c000000,12
8085874084000000,12
808587408c000000,14
8085874094000000,12
808587409c000000,12
80858740a4000000,11
80858740ac000000,11
80858740b4000000,12
80858740bc000000,12
80858740c4000000,12
80858740cc000000,12
80858740d4000000,13
80858740dc000000,14
80858740e4000000,14
80858740ec000000,14
80858740f4000000,14
80858740fc000000,15
8085874104000000,16
808587410c000000,14
8085874114000000,15
808587411c000000,15
8085874124000000,14
808587412c000000,14
8085874134000000,14
808587413c000000,15
8085874144000000,15
808587414c000000,14
8085874154000000,13
808587415c000000,14
8085874164000000,12
808587416c000000,14
8085874174000000,12
808587417c000000,13
8085874184000000,13
808587418c000000,13
8085874194000000,14
808587419c000000,14
80858741a4000000,13
80858741ac000000,14
80858741b4000000,13
80858741bc000000,14
80858741c4000000,14
80858741cc000000,13
80858741d4000000,14
80858741dc000000,14
80858741e4000000,12
80858741ec000000,14
80858741f4000000,12
80858741fc000000,12
8085874204000000,12
808587420c000000,11
8085874214000000,13
808587421c000000,12
8085874224000000,13
808587422c000000,14
8085874234000000,13
808587423c000000,14
8085874244000000,13
808587424c000000,13
8085874254000000,14
808587425c000000,14
8085874264000000,13
808587426c000000,13
8085874274000000,11
808587427c000000,12
8085874284000000,13
808587428c000000,13
8085874294000000,13
808587429c000000,13
80858742a4000000,14
80858742ac000000,12
80858742b4000000,13
80858742bc000000,14
80858742c4000000,13
80858742cc000000,13
80858742d4000000,13
80858742dc000000,14
80858742e4000000,14
80858742ec000000,13
80858742f4000000,13
80858742fc000000,14
8085874304000000,13
808587430c000000,14
8085874314000000,14
808587431c000000,13
8085874324000000,14
808587432c000000,14
8085874334000000,14
808587433c000000,14
8085874344000000,15
808587434c000000,14
8085874354000000,14
808587435c000000,15
8085874364000000,15
808587436c000000,14
8085874374000000,14
808587437c000000,14
8085874384000000,14
808587438c000000,13
8085874394000000,12
808587439c000000,14
80858743a4000000,13
80858743ac000000,14
80858743b4000000,13
80858743bc000000,13
80858743c4000000,14
80858743cc000000,14
80858743d4000000,13
80858743dc000000,13
80858743e4000000,13
80858743ec000000,14
80858743f4000000,12
80858743fc000000,11
8085874404000000,13
808587440c000000,12
8085874414000000,12
808587441c000000,13
8085874424000000,13
808587442c000000,13
8085874434000000,12
808587443c000000,12
8085874444000000,13
808587444c000000,14
8085874454000000,14
808587445c000000,13
8085874464000000,13
808587446c000000,14
8085874474000000,14
808587447c000000,14
8085874484000000,16
808587448c000000,15
8085874494000000,16
808587449c000000,16
80858744a4000000,16
80858744ac000000,15
80858744b4000000,15
80858744bc000000,16
80858744c4000000,17
80858744cc000000,16
80858744d4000000,16
80858744dc000000,16
80858744e4000000,16
80858744ec000000,16
80858744f4000000,16
80858744fc000000,16
8085874504000000,16
808587450c000000,15
8085874514000000,15
808587451c000000,16
8085874524000000,16
808587452c000000,16
8085874534000000,18
808587453c000000,15
8085874544000000,18
808587454c000000,18
8085874554000000,18
808587455c000000,19
8085874564000000,18
808587456c000000,16
8085874574000000,17
808587457c000000,16
8085874584000000,16
808587458c000000,14
8085874594000000,15
808587459c000000,14
80858745a4000000,13
80858745ac000000,13
80858745b4000000,13
80858745bc000000,12
80858745c4000000,12
80858745cc000000,12
80858745d4000000,11
80858745dc000000,12
80858745e4000000,11
80858745ec000000,12
80858745f4000000,12
80858745fc000000,13
8085874604000000,13
808587460c000000,12
8085874614000000,12
808587461c000000,12
8085874624000000,12
808587462c000000,12
8085874634000000,12
808587463c000000,11
8085874644000000,11
808587464c000000,11
8085874654000000,13
808587465c000000,13
8085874664000000,12
808587466c000000,12
8085874674000000,11
808587467c000000,12
8085874684000000,13
808587468c000000,13
8085874694000000,14
808587469c000000,13
80858746a4000000,13
80858746ac000000,13
80858746b4000000,14
80858746bc000000,14
80858746c4000000,14
80858746cc000000,14
80858746d4000000,14
80858746dc000000,13
80858746e4000000,12
80858746ec000000,13
80858746f4000000,13
80858746fc000000,13
8085874704000000,13
808587470c000000,12
8085874714000000,12
808587471c000000,12
8085874724000000,12
808587472c000000,12
8085874734000000,12
808587473c000000,12
8085874744000000,12
808587474c000000,12
8085874754000000,10
808587475c000000,9
8085874764000000,9
808587476c000000,10
8085874774000000,11
808587477c000000,11
8085874784000000,12
808587478c000000,13
8085874794000000,12
808587479c000000,12
80858747a4000000,12
80858747ac000000,12
80858747b4000000,13
80858747bc000000,12
80858747c4000000,12
80858747cc000000,12
80858747d4000000,12
80858747dc000000,12
80858747e4000000,13
80858747ec000000,14
80858747f4000000,13
80858747fc000000,12
8085874804000000,12
808587480c000000,14
8085874814000000,12
808587481c000000,12
8085874824000000,12
808587482c000000,11
8085874834000000,12
808587483c000000,12
8085874844000000,13
808587484c000000,12
8085874854000000,13
808587485c000000,13
8085874864000000,13
808587486c000000,14
8085874874000000,12
808587487c000000,12
8085874884000000,12
808587488c000000,12
8085874894000000,12
808587489c000000,12
80858748a4000000,15
80858748ac000000,15
80858748b4000000,14
80858748bc000000,14
80858748c4000000,14
80858748cc000000,15
80858748d4000000,15
80858748dc000000,16
80858748e4000000,14
80858748ec000000,14
80858748f4000000,14
80858748fc000000,14
8085874904000000,12
808587490c000000,11
8085874914000000,11
808587491c000000,12
8085874924000000,15
808587492c000000,16
8085874934000000,14
808587493c000000,11
8085874944000000,11
808587494c000000,13
8085874954000000,11
808587495c000000,11
8085874964000000,10
808587496c000000,11
8085874974000000,10
808587497c000000,9
8085874984000000,10
808587498c000000,8
8085874994000000,8
808587499c000000,8
80858749a4000000,9
80858749ac000000,11
80858749b4000000,10
80858749bc000000,8
80858749c4000000,10
80858749cc000000,10
80858749d4000000,11
80858749dc000000,10
80858749e4000000,11
80858749ec000000,9
80858749f4000000,9
80858749fc000000,10
8085874a04000000,9
8085874a0c000000,9
8085874a14000000,9
8085874a1c000000,8
8085874a24000000,8
8085874a2c000000,9
8085874a34000000,9
8085874a3c000000,8
8085874a44000000,8
8085874a4c000000,9
8085874a54000000,9
8085874a5c000000,8
8085874a64000000,9
8085874a6c000000,9
8085874a74000000,10
8085874a7c000000,9
8085874a84000000,10
8085874a8c000000,10
8085874a94000000,11
8085874a9c000000,11
8085874aa4000000,12
8085874aac000000,13
8085874ab4000000,13
8085874abc000000,13
8085874ac4000000,12
8085874acc000000,13
8085874ad4000000,11
8085874adc000000,11
8085874ae4000000,10
8085874aec000000,11
8085874af4000000,9
8085874afc000000,9
8085874b04000000,9
8085874b0c000000,9
8085874b14000000,8
8085874b1c000000,10
8085874b24000000,10
8085874b2c000000,10
8085874b34000000,11
8085874b3c000000,10
8085874b44000000,11
8085874b4c000000,12
8085874b54000000,11
8085874b5c000000,12
8085874b64000000,12
8085874b6c000000,11
8085874b74000000,11
8085874b7c000000,12
8085874b84000000,11
8085874b8c000000,11
8085874b94000000,12
8085874b9c000000,11
8085874ba4000000,10
8085874bac000000,9
8085874bb4000000,9
8085874bbc000000,11
8085874bc4000000,11
8085874bcc000000,11
8085874bd4000000,11
8085874bdc000000,9
8085874be4000000,10
8085874bec000000,10
8085874bf4000000,10
8085874bfc000000,10
8085874c04000000,11
8085874c0c000000,10
8085874c14000000,10
8085874c1c000000,14
8085874c24000000,13
8085874c2c000000,13
8085874c34000000,12
8085874c3c000000,12
8085874c44000000,10
8085874c4c000000,12
8085874c54000000,11
8085874c5c000000,10
8085874c64000000,11
8085874c6c000000,10
8085874c74000000,9
8085874c7c000000,10
8085874c84000000,12
8085874c8c000000,11
8085874c94000000,11
8085874c9c000000,12
8085874ca4000000,11
8085874cac000000,12
8085874cb4000000,12
8085874cbc000000,11
8085874cc4000000,10
8085874ccc000000,12
8085874cd4000000,12
8085874cdc000000,12
8085874ce4000000,11
8085874cec000000,11
8085874cf4000000,10
8085874cfc000000,11
8085874d04000000,12
8085874d0c000000,13
8085874d14000000,12
8085874d1c000000,11
8085874d24000000,11
8085874d2c000000,13
8085874d34000000,12
8085874d3c000000,12
8085874d44000000,13
8085874d4c000000,12
8085874d54000000,14
8085874d5c000000,13
8085874d64000000,14
8085874d6c000000,13
8085874d74000000,13
8085874d7c000000,14
8085874d84000000,12
8085874d8c000000,13
8085874d94000000,13
8085874d9c000000,12
8085874da4000000,13
8085874dac000000,13
8085874db4000000,12
8085874dbc000000,12
8085874dc4000000,14
8085874dcc000000,14
8085874dd4000000,15
8085874ddc000000,15
8085874de4000000,14
8085874dec000000,14
8085874df4000000,14
8085874dfc000000,16
8085874e04000000,19
8085874e0c000000,17
8085874e14000000,18
8085874e1c000000,20
8085874e24000000,19
8085874e2c000000,21
8085874e34000000,17
8085874e3c000000,18
8085874e44000000,17
8085874e4c000000,17
8085874e54000000,18
8085874e5c000000,17
8085874e64000000,15
8085874e6c000000,17
8085874e74000000,16
8085874e7c000000,14
8085874e84000000,14
8085874e8c000000,15
8085874e94000000,15
8085874e9c000000,13
8085874ea4000000,14
8085874eac000000,13
8085874eb4000000,13
8085874ebc000000,14
8085874ec4000000,14
8085874ecc000000,14
8085874ed4000000,15
8085874edc000000,16
8085874ee4000000,16
8085874eec000000,16
8085874ef4000000,16
8085874efc000000,18
8085874f04000000,18
8085874f0c000000,16
8085874f14000000,18
8085874f1c000000,18
8085874f24000000,18
8085874f2c000000,16
8085874f34000000,15
8085874f3c000000,19
8085874f44000000,16
8085874f4c000000,16
8085874f54000000,16
8085874f5c000000,14
8085874f64000000,15
8085874f6c000000,16
8085874f74000000,15
8085874f7c000000,16
8085874f84000000,16
8085874f8c000000,19
8085874f94000000,18
8085874f9c000000,16
8085874fa4000000,16
8085874fac000000,17
8085874fb4000000,16
8085874fbc000000,17
8085874fc4000000,21
8085874fcc000000,19
8085874fd4000000,21
8085874fdc000000,22
8085874fe4000000,21
8085874fec000000,22
8085874ff4000000,20
8085874ffc000000,20
8085875004000000,21
808587500c000000,22
8085875014000000,23
808587501c000000,21
8085875024000000,24
808587502c000000,23
8085875034000000,24
808587503c000000,24
8085875044000000,22
808587504c000000,23
8085875054000000,23
808587505c000000,22
8085875064000000,23
808587506c000000,23
8085875074000000,23
808587507c000000,23
8085875084000000,24
808587508c000000,23
8085875094000000,21
808587509c000000,21
80858750a4000000,20
80858750ac000000,20
80858750b4000000,20
80858750bc000000,20
80858750c4000000,21
80858750cc000000,21
80858750d4000000,22
80858750dc000000,22
80858750e4000000,21
80858750ec000000,21
80858750f4000000,22
80858750fc000000,22
8085875104000000,23
808587510c000000,21
8085875114000000,21
808587511c000000,22
8085875124000000,22
808587512c000000,21
8085875134000000,21
808587513c000000,20
8085875144000000,21
808587514c000000,22
8085875154000000,21
808587515c000000,21
8085875164000000,21
808587516c000000,21
8085875174000000,22
808587517c000000,22
8085875184000000,22
808587518c000000,22
8085875194000000,22
808587519c000000,22
80858751a4000000,23
80858751ac000000,24
80858751b4000000,24
80858751bc000000,23
80858751c4000000,23
80858751cc000000,23
80858751d4000000,22
80858751dc000000,21
80858751e4000000,20
80858751ec000000,22
80858751f4000000,19
80858751fc000000,18
8085875204000000,18
808587520c000000,16
8085875214000000,17
808587521c000000,20
8085875224000000,22
808587522c000000,22
8085875234000000,22
808587523c000000,20
8085875244000000,16
808587524c000000,17
8085875254000000,15
808587525c000000,14
8085875264000000,13
808587526c000000,15
8085875274000000,13
808587527c000000,13
8085875284000000,13
808587528c000000,13
8085875294000000,15
808587529c000000,14
80858752a4000000,14
80858752ac000000,14
80858752b4000000,14
80858752bc000000,14
80858752c4000000,15
80858752cc000000,14
80858752d4000000,15
80858752dc000000,14
80858752e4000000,13
80858752ec000000,14
80858752f4000000,14
80858752fc000000,13
8085875304000000,14
808587530c000000,15
8085875314000000,15
808587531c000000,15
8085875324000000,14
808587532c000000,12
8085875334000000,13
808587533c000000,13
8085875344000000,13
808587534c000000,14
8085875354000000,14
808587535c000000,16
8085875364000000,17
808587536c000000,15
8085875374000000,18
808587537c000000,22
8085875384000000,24
808587538c000000,23
8085875394000000,22
808587539c000000,23
80858753a4000000,19
80858753ac000000,17
80858753b4000000,20
80858753bc000000,23
80858753c4000000,21
80858753cc000000,21
80858753d4000000,23
80858753dc000000,20
80858753e4000000,20
80858753ec000000,21
80858753f4000000,23
80858753fc000000,21
8085875404000000,23
808587540c000000,24
8085875414000000,24
808587541c000000,23
8085875424000000,24
808587542c000000,24
8085875434000000,26
808587543c000000,25
8085875444000000,26
808587544c000000,25
8085875454000000,26
808587545c000000,26
8085875464000000,25
808587546c000000,25
8085875474000000,23
808587547c000000,24
8085875484000000,23
808587548c000000,24
8085875494000000,23
808587549c000000,21
80858754a4000000,16
80858754ac000000,15
80858754b4000000,15
80858754bc000000,18
80858754c4000000,23
80858754cc000000,19
80858754d4000000,22
80858754dc000000,23
80858754e4000000,25
80858754ec000000,24
80858754f4000000,26
80858754fc000000,26
8085875504000000,27
808587550c000000,27
8085875514000000,24
808587551c000000,26
8085875524000000,24
808587552c000000,24
8085875534000000,24
808587553c000000,24
8085875544000000,23
808587554c000000,23
8085875554000000,24
808587555c000000,22
8085875564000000,22
808587556c000000,21
8085875574000000,23
808587557c000000,24
8085875584000000,25
808587558c000000,24
8085875594000000,23
808587559c000000,24
80858755a4000000,26
80858755ac000000,27
80858755b4000000,24
80858755bc000000,24
80858755c4000000,22
80858755cc000000,24
80858755d4000000,24
80858755dc000000,23
80858755e4000000,23
80858755ec000000,22
80858755f4000000,24
80858755fc000000,25
8085875604000000,27
808587560c000000,23
8085875614000000,26
808587561c000000,29
8085875624000000,28
808587562c000000,28
8085875634000000,26
808587563c000000,26
8085875644000000,25
808587564c000000,25
8085875654000000,25
808587565c000000,23
8085875664000000,23
808587566c000000,25
8085875674000000,24
808587567c000000,24
8085875684000000,25
808587568c000000,24
8085875694000000,23
808587569c000000,24
80858756a4000000,24
80858756ac000000,24
80858756b4000000,22
80858756bc000000,23
80858756c4000000,22
80858756cc000000,21
80858756d4000000,22
80858756dc000000,21
80858756e4000000,21
80858756ec000000,22
80858756f4000000,22
80858756fc000000,22
8085875704000000,25
808587570c000000,26
8085875714000000,22
808587571c000000,22
8085875724000000,23
808587572c000000,21
8085875734000000,22
808587573c000000,23
8085875744000000,20
808587574c000000,20
8085875754000000,20
808587575c000000,20
8085875764000000,23
808587576c000000,21
8085875774000000,25
808587577c000000,25
8085875784000000,24
808587578c000000,25
8085875794000000,23
808587579c000000,24
80858757a4000000,26
80858757ac000000,25
80858757b4000000,26
80858757bc000000,24
80858757c4000000,25
80858757cc000000,27
80858757d4000000,26
80858757dc000000,25
80858757e4000000,26
80858757ec000000,24
80858757f4000000,24
80858757fc000000,25
8085875804000000,25
808587580c000000,26
8085875814000000,26
808587581c000000,25
8085875824000000,25
808587582c000000,23
8085875834000000,24
808587583c000000,25
8085875844000000,25
808587584c000000,23
8085875854000000,23
808587585c000000,25
8085875864000000,24
808587586c000000,26
8085875874000000,24
808587587c000000,24
8085875884000000,23
808587588c000000,24
8085875894000000,21
808587589c000000,21
80858758a4000000,19
80858758ac000000,18
80858758b4000000,19
80858758bc000000,19
80858758c4000000,19
80858758cc000000,18
80858758d4000000,18
80858758dc000000,19
80858758e4000000,21
80858758ec000000,20
80858758f4000000,23
80858758fc000000,22
8085875904000000,21
808587590c000000,21
8085875914000000,20
808587591c000000,21
8085875924000000,19
808587592c000000,18
8085875934000000,19
808587593c000000,20
8085875944000000,20
808587594c000000,20
8085875954000000,18
808587595c000000,19
8085875964000000,18
808587596c000000,18
8085875974000000,19
808587597c000000,19
8085875984000000,21
808587598c000000,21
8085875994000000,21
808587599c000000,20
80858759a4000000,22
80858759ac000000,23
80858759b4000000,23
80858759bc000000,22
80858759c4000000,22
80858759cc000000,22
80858759d4000000,25
80858759dc000000,22
80858759e4000000,22
80858759ec000000,23
80858759f4000000,21
80858759fc000000,21
8085875a04000000,20
8085875a0c000000,21
8085875a14000000,21
8085875a1c000000,21
8085875a24000000,20
8085875a2c000000,20
8085875a34000000,20
8085875a3c000000,21
8085875a44000000,22
8085875a4c000000,22
8085875a54000000,21
8085875a5c000000,21
8085875a64000000,21
8085875a6c000000,21
8085875a74000000,21
8085875a7c000000,21
8085875a84000000,22
8085875a8c000000,20
8085875a94000000,20
8085875a9c000000,19
8085875aa4000000,20
8085875aac000000,20
8085875ab4000000,19
8085875abc000000,20
8085875ac4000000,20
8085875acc000000,18
8085875ad4000000,18
8085875adc000000,20
8085875ae4000000,23
8085875aec000000,22
8085875af4000000,20
8085875afc000000,21
8085875b04000000,21
8085875b0c000000,19
8085875b14000000,18
8085875b1c000000,21
8085875b24000000,19
8085875b2c000000,17
8085875b34000000,17
8085875b3c000000,19
8085875b44000000,17
8085875b4c000000,15
8085875b54000000,15
8085875b5c000000,17
8085875b64000000,17
8085875b6c000000,18
8085875b74000000,19
8085875b7c000000,14
8085875b84000000,14
8085875b8c000000,15
8085875b94000000,15
8085875b9c000000,16
8085875ba4000000,19
8085875bac000000,21
8085875bb4000000,20
8085875bbc000000,16
8085875bc4000000,17
8085875bcc000000,19
8085875bd4000000,19
8085875bdc000000,16
8085875be4000000,16
8085875bec000000,17
8085875bf4000000,17
8085875bfc000000,17
8085875c04000000,17
8085875c0c000000,17
8085875c14000000,16
8085875c1c000000,15
8085875c24000000,14
8085875c2c000000,12
8085875c34000000,14
8085875c3c000000,14
8085875c44000000,14
8085875c4c000000,15
8085875c54000000,14
8085875c5c000000,15
8085875c64000000,13
8085875c6c000000,14
8085875c74000000,14
8085875c7c000000,14
8085875c84000000,15
8085875c8c000000,15
8085875c94000000,16
8085875c9c000000,16
8085875ca4000000,16
8085875cac000000,14
8085875cb4000000,14
8085875cbc000000,16
8085875cc4000000,15
8085875ccc000000,14
8085875cd4000000,13
8085875cdc000000,16
8085875ce4000000,16
8085875cec000000,16
8085875cf4000000,15
8085875cfc000000,15
8085875d04000000,14
8085875d0c000000,12
8085875d14000000,14
8085875d1c000000,15
8085875d24000000,16
8085875d2c000000,14
8085875d34000000,15
8085875d3c000000,16
8085875d44000000,14
8085875d4c000000,14
8085875d54000000,11
8085875d5c000000,12
8085875d64000000,14
8085875d6c000000,13
8085875d74000000,12
8085875d7c000000,13
8085875d84000000,12
8085875d8c000000,11
8085875d94000000,13
8085875d9c000000,13
8085875da4000000,13
8085875dac000000,14
8085875db4000000,14
8085875dbc000000,14
8085875dc4000000,13
8085875dcc000000,13
8085875dd4000000,13
8085875ddc000000,13
8085875de4000000,12
8085875dec000000,12
8085875df4000000,12
8085875dfc000000,12
8085875e04000000,11
8085875e0c000000,12
8085875e14000000,11
8085875e1c000000,10
8085875e24000000,11
8085875e2c000000,11
8085875e34000000,11
8085875e3c000000,11
8085875e44000000,12
8085875e4c000000,11
8085875e54000000,13
8085875e5c000000,13
8085875e64000000,12
8085875e6c000000,12
8085875e74000000,12
8085875e7c000000,12
8085875e84000000,12
8085875e8c000000,13
8085875e94000000,14
8085875e9c000000,13
8085875ea4000000,14
8085875eac000000,17
8085875eb4000000,18
8085875ebc000000,15
8085875ec4000000,15
8085875ecc000000,17
8085875ed4000000,17
8085875edc000000,15
8085875ee4000000,15
8085875eec000000,14
8085875ef4000000,13
8085875efc000000,14
8085875f04000000,15
8085875f0c000000,13
8085875f14000000,15
8085875f1c000000,15
8085875f24000000,15
8085875f2c000000,17
8085875f34000000,16
8085875f3c000000,16
8085875f44000000,16
8085875f4c000000,17
8085875f54000000,16
8085875f5c000000,13
8085875f64000000,11
8085875f6c000000,13
8085875f74000000,12
8085875f7c000000,11
8085875f84000000,11
8085875f8c000000,9
8085875f94000000,10
8085875f9c000000,10
8085875fa4000000,11
8085875fac000000,12
8085875fb4000000,11
8085875fbc000000,11
8085875fc4000000,9
8085875fcc000000,11
8085875fd4000000,10
8085875fdc000000,9
8085875fe4000000,9
8085875fec000000,9
8085875ff4000000,9
8085875ffc000000,7
8085876004000000,6
808587600c000000,6
8085876014000000,6
808587601c000000,6
8085876024000000,4
808587602c000000,4
8085876034000000,4
808587603c000000,6
8085876044000000,6
808587604c000000,5
8085876054000000,5
808587605c000000,6
8085876064000000,6
808587606c000000,6
8085876074000000,7
808587607c000000,8
8085876084000000,10
808587608c000000,7
8085876094000000,8
808587609c000000,9
80858760a4000000,9
80858760ac000000,9
80858760b4000000,7
80858760bc000000,8
80858760c4000000,6
80858760cc000000,6
80858760d4000000,5
80858760dc000000,4
80858760e4000000,4
80858760ec000000,4
80858760f4000000,6
80858760fc000000,4
8085876104000000,4
808587610c000000,4
8085876114000000,4
808587611c000000,4
8085876124000000,4
808587612c000000,4
8085876134000000,4
808587613c000000,4
8085876144000000,3
808587614c000000,3
8085876154000000,3
808587615c000000,3
8085876164000000,2
808587616c000000,3
8085876174000000,2
808587617c000000,2
8085876184000000,2
808587618c000000,2
8085876194000000,3
808587619c000000,2
80858761a4000000,3
80858761ac000000,5
80858761b4000000,4
80858761bc000000,4
80858761c4000000,2
80858761cc000000,4
80858761d4000000,3
80858761dc000000,2
80858761e4000000,3
80858761ec000000,3
80858761f4000000,2
80858761fc000000,2
8085876204000000,2
808587620c000000,2
8085876214000000,1
808587621c000000,1
8085876224000000,1
808587622c000000,2
8085876234000000,1
808587623c000000,1
8085876244000000,1
808587624c000000,1
8085876254000000,1
808587625c000000,1
8085876264000000,1
808587626c000000,1
8085876274000000,1
808587627c000000,1
8085876284000000,1
808587628c000000,1
8085876294000000,1
808587629c000000,1
80858762a4000000,1
80858762ac000000,1
80858762b4000000,1
80858762bc000000,1
80858762c4000000,1
80858762cc000000,1
80858762d4000000,1
80858762dc000000,1
80858762e4000000,1
80858762ec000000,1
80858762f4000000,1
80858762fc000000,1
8085876304000000,1
808587630c000000,1
8085876314000000,2
808587631c000000,1
8085876324000000,1
808587632c000000,1
8085876334000000,1
808587633c000000,1
8085876344000000,2
808587634c000000,1
8085876354000000,3
808587635c000000,3
8085876364000000,3
808587636c000000,3
8085876374000000,3
808587637c000000,3
8085876384000000,3
808587638c000000,3
8085876394000000,2
808587639c000000,2
80858763a4000000,1
80858763ac000000,1
80858763b4000000,1
80858763bc000000,1
80858763c4000000,1
80858763cc000000,1
80858763d4000000,2
80858763dc000000,2
80858763e4000000,2
80858763ec000000,2
80858763f4000000,3
80858763fc000000,3
8085876404000000,2
808587640c000000,5
8085876414000000,4
808587641c000000,3
8085876424000000,4
808587642c000000,3
8085876434000000,4
808587643c000000,4
8085876444000000,3
808587644c000000,5
8085876454000000,4
808587645c000000,4
8085876464000000,3
808587646c000000,3
8085876474000000,3
808587647c000000,3
8085876484000000,3
808587648c000000,4
8085876494000000,4
808587649c000000,3
80858764a4000000,3
80858764ac000000,3
80858764b4000000,4
80858764bc000000,4
80858764c4000000,4
80858764cc000000,4
80858764d4000000,4
80858764dc000000,3
80858764e4000000,3
80858764ec000000,4
80858764f4000000,3
80858764fc000000,4
8085876504000000,4
808587650c000000,4
8085876514000000,3
808587651c000000,3
8085876524000000,3
808587652c000000,3
8085876534000000,3
808587653c000000,3
8085876544000000,3
808587654c000000,3
8085876554000000,3
808587655c000000,3
8085876564000000,5
808587656c000000,4
8085876574000000,5
808587657c000000,5
8085876584000000,5
808587658c000000,4
8085876594000000,5
808587659c000000,5
80858765a4000000,5
80858765ac000000,4
80858765b4000000,5
80858765bc000000,5
80858765c4000000,4
80858765cc000000,5
80858765d4000000,3
80858765dc000000,4
80858765e4000000,4
80858765ec000000,4
80858765f4000000,4
80858765fc000000,3
8085876604000000,4
808587660c000000,3
8085876614000000,5
808587661c000000,5
8085876624000000,7
808587662c000000,9
8085876634000000,7
808587663c000000,6
8085876644000000,5
808587664c000000,7
8085876654000000,7
808587665c000000,6
8085876664000000,3
808587666c000000,5
8085876674000000,3
808587667c000000,3
8085876684000000,2
808587668c000000,2
8085876694000000,2
808587669c000000,2
80858766a4000000,2
80858766ac000000,2
80858766b4000000,2
80858766bc000000,2
80858766c4000000,4
80858766cc000000,4
80858766d4000000,4
80858766dc000000,5
80858766e4000000,5
80858766ec000000,5
80858766f4000000,5
80858766fc000000,7
8085876704000000,7
808587670c000000,8
8085876714000000,7
808587671c000000,6
8085876724000000,6
808587672c000000,5
8085876734000000,6
808587673c000000,6
8085876744000000,7
808587674c000000,7
8085876754000000,11
808587675c000000,12
8085876764000000,10
808587676c000000,8
8085876774000000,10
808587677c000000,12
8085876784000000,11
808587678c000000,10
8085876794000000,10
808587679c000000,10
80858767a4000000,10
80858767ac000000,7
80858767b4000000,9
80858767bc000000,10
80858767c4000000,11
80858767cc000000,9
80858767d4000000,9
80858767dc000000,10
80858767e4000000,11
80858767ec000000,11
80858767f4000000,12
80858767fc000000,12
8085876804000000,12
808587680c000000,11
8085876814000000,12
808587681c000000,14
8085876824000000,13
808587682c000000,11
8085876834000000,12
808587683c000000,12
8085876844000000,9
808587684c000000,8
8085876854000000,9
808587685c000000,9
8085876864000000,9
808587686c000000,10
8085876874000000,10
808587687c000000,10
8085876884000000,9
808587688c000000,8
8085876894000000,8
808587689c000000,8
80858768a4000000,6
80858768ac000000,5
80858768b4000000,7
80858768bc000000,8
80858768c4000000,8
80858768cc000000,6
80858768d4000000,6
80858768dc000000,8
80858768e4000000,9
80858768ec000000,8
80858768f4000000,9
80858768fc000000,9
8085876904000000,8
808587690c000000,7
8085876914000000,7
808587691c000000,7
8085876924000000,7
808587692c000000,7
8085876934000000,6
808587693c000000,6
8085876944000000,6
808587694c000000,6
8085876954000000,6
808587695c000000,6
8085876964000000,6
808587696c000000,7
8085876974000000,7
808587697c000000,6
8085876984000000,9
808587698c000000,10
8085876994000000,10
808587699c000000,9
80858769a4000000,8
80858769ac000000,8
80858769b4000000,10
80858769bc000000,10
80858769c4000000,10
80858769cc000000,10
80858769d4000000,12
80858769dc000000,11
80858769e4000000,11
80858769ec000000,10
80858769f4000000,10
80858769fc000000,11
8085876a04000000,12
8085876a0c000000,12
8085876a14000000,11
8085876a1c000000,10
8085876a24000000,10
8085876a2c000000,8
8085876a34000000,7
8085876a3c000000,9
8085876a44000000,10
8085876a4c000000,7
8085876a54000000,7
8085876a5c000000,9
8085876a64000000,12
8085876a6c000000,12
8085876a74000000,13
8085876a7c000000,13
8085876a84000000,12
8085876a8c000000,10
8085876a94000000,10
8085876a9c000000,10
8085876aa4000000,11
8085876aac000000,8
8085876ab4000000,9
8085876abc000000,10
8085876ac4000000,10
8085876acc000000,10
8085876ad4000000,7
8085876adc000000,8
8085876ae4000000,8
8085876aec000000,10
8085876af4000000,9
8085876afc000000,8
8085876b04000000,7
8085876b0c000000,7
8085876b14000000,7
8085876b1c000000,8
8085876b24000000,8
8085876b2c000000,7
8085876b34000000,7
8085876b3c000000,7
8085876b44000000,5
8085876b4c000000,5
8085876b54000000,5
8085876b5c000000,5
8085876b64000000,5
8085876b6c000000,5
8085876b74000000,5
8085876b7c000000,5
8085876b84000000,6
8085876b8c000000,6
8085876b94000000,6
8085876b9c000000,6
8085876ba4000000,7
8085876bac000000,7
8085876bb4000000,7
8085876bbc000000,6
8085876bc4000000,6
8085876bcc000000,7
8085876bd4000000,6
8085876bdc000000,6
8085876be4000000,6
8085876bec000000,6
8085876bf4000000,6
8085876bfc000000,6
8085876c04000000,6
8085876c0c000000,6
8085876c14000000,6
8085876c1c000000,7
8085876c24000000,8
8085876c2c000000,8
8085876c34000000,8
8085876c3c000000,7
8085876c44000000,6
8085876c4c000000,6
8085876c54000000,6
8085876c5c000000,6
8085876c64000000,6
8085876c6c000000,6
8085876c74000000,6
8085876c7c000000,6
8085876c84000000,5
8085876c8c000000,6
8085876c94000000,5
8085876c9c000000,5
8085876ca4000000,5
8085876cac000000,5
8085876cb4000000,5
8085876cbc000000,5
8085876cc4000000,5
8085876ccc000000,5
8085876cd4000000,4
8085876cdc000000,4
8085876ce4000000,6
8085876cec000000,5
8085876cf4000000,6
8085876cfc000000,6
8085876d04000000,5
8085876d0c000000,3
8085876d14000000,4
8085876d1c000000,5
8085876d24000000,3
8085876d2c000000,3
8085876d34000000,3
8085876d3c000000,3
8085876d44000000,2
8085876d4c000000,2
8085876d54000000,1
8085876d5c000000,2
8085876d64000000,3
8085876d6c000000,3
8085876d74000000,4
8085876d7c000000,4
8085876d84000000,3
8085876d8c000000,3
8085876d94000000,4
8085876d9c000000,4
8085876da4000000,4
8085876dac000000,5
8085876db4000000,7
8085876dbc000000,5
8085876dc4000000,5
8085876dcc000000,5
8085876dd4000000,6
8085876ddc000000,5
8085876de4000000,5
8085876dec000000,4
8085876df4000000,2
8085876dfc000000,4
8085876e04000000,4
8085876e0c000000,4
8085876e14000000,4
8085876e1c000000,4
8085876e24000000,4
8085876e2c000000,4
8085876e34000000,4
8085876e3c000000,4
8085876e44000000,4
8085876e4c000000,4
8085876e54000000,6
8085876e5c000000,5
8085876e64000000,5
8085876e6c000000,5
8085876e74000000,5
8085876e7c000000,5
8085876e84000000,7
8085876e8c000000,7
8085876e94000000,8
8085876e9c000000,8
8085876ea4000000,7
8085876eac000000,7
8085876eb4000000,7
8085876ebc000000,7
8085876ec4000000,8
8085876ecc000000,7
8085876ed4000000,8
8085876edc000000,8
8085876ee4000000,6
8085876eec000000,8
8085876ef4000000,6
8085876efc000000,6
8085876f04000000,6
8085876f0c000000,5
8085876f14000000,5
8085876f1c000000,5
8085876f24000000,6
8085876f2c000000,7
8085876f34000000,6
8085876f3c000000,5
8085876f44000000,5
8085876f4c000000,4
8085876f54000000,3
8085876f5c000000,4
8085876f64000000,4
8085876f6c000000,4
8085876f74000000,4
8085876f7c000000,5
8085876f84000000,5
8085876f8c000000,5
8085876f94000000,5
8085876f9c000000,5
8085876fa4000000,5
8085876fac000000,5
8085876fb4000000,5
8085876fbc000000,5
8085876fc4000000,5
8085876fcc000000,5
8085876fd4000000,4
8085876fdc000000,4
8085876fe4000000,3
8085876fec000000,5
8085876ff4000000,4
8085876ffc000000,3
8085877004000000,3
808587700c000000,3
8085877014000000,3
808587701c000000,3
8085877024000000,3
808587702c000000,3
8085877034000000,3
808587703c000000,3
8085877044000000,3
808587704c000000,3
8085877054000000,3
808587705c000000,3
8085877064000000,3
808587706c000000,3
8085877074000000,3
808587707c000000,2
8085877084000000,1
808587708c000000,3
8085877094000000,1
808587709c000000,1
80858770a4000000,1
80858770ac000000,1
80858770b4000000,1
80858770bc000000,1
80858770c4000000,2
80858770cc000000,1
80858770d4000000,3
80858770dc000000,3
80858770e4000000,3
80858770ec000000,3
80858770f4000000,3
80858770fc000000,3
8085877104000000,3
808587710c000000,3
8085877114000000,3
808587711c000000,3
8085877124000000,3
808587712c000000,3
8085877134000000,3
808587713c000000,3
8085877144000000,3
808587714c000000,3
8085877154000000,3
808587715c000000,3
8085877164000000,3
808587716c000000,3
8085877174000000,3
808587717c000000,3
8085877184000000,3
808587718c000000,3
8085877194000000,3
808587719c000000,3
80858771a4000000,3
80858771ac000000,3
80858771b4000000,3
80858771bc000000,3
80858771c4000000,3
80858771cc000000,3
80858771d4000000,3
80858771dc000000,4
80858771e4000000,4
80858771ec000000,3
80858771f4000000,3
80858771fc000000,3
8085877204000000,3
808587720c000000,2
8085877214000000,3
808587721c000000,3
8085877224000000,3
808587722c000000,3
8085877234000000,3
808587723c000000,3
8085877244000000,2
808587724c000000,3
8085877254000000,2
808587725c000000,2
8085877264000000,2
808587726c000000,2
8085877274000000,2
808587727c000000,2
8085877284000000,2
808587728c000000,2
8085877294000000,2
808587729c000000,2
80858772a4000000,1
80858772ac000000,1
80858772b4000000,1
80858772bc000000,1
80858772c4000000,2
80858772cc000000,1
80858772d4000000,1
80858772dc000000,2
80858772e4000000,2
80858772ec000000,2
80858772f4000000,2
80858772fc000000,2
8085877304000000,2
808587730c000000,2
8085877314000000,2
808587731c000000,2
8085877324000000,2
808587732c000000,2
8085877334000000,2
808587733c000000,2
8085877344000000,2
808587734c000000,2
8085877354000000,2
808587735c000000,2
8085877364000000,2
808587736c000000,2
8085877374000000,2
808587737c000000,2
8085877384000000,2
808587738c000000,2
8085877394000000,2
808587739c000000,2
80858773a4000000,2
80858773ac000000,2
80858773b4000000,3
80858773bc000000,3
80858773c4000000,3
80858773cc000000,3
80858773d4000000,3
80858773dc000000,3
80858773e4000000,3
80858773ec000000,3
80858773f4000000,2
80858773fc000000,3
8085877404000000,2
808587740c000000,2
8085877414000000,2
808587741c000000,2
8085877424000000,2
808587742c000000,1
8085877434000000,2
808587743c000000,2
8085877444000000,2
808587744c000000,2
8085877454000000,2
808587745c000000,2
8085877464000000,2
808587746c000000,2
8085877474000000,2
808587747c000000,2
8085877484000000,2
808587748c000000,2
8085877494000000,2
808587749c000000,2
80858774a4000000,2
80858774ac000000,2
80858774b4000000,2
80858774bc000000,2
80858774c4000000,2
80858774cc000000,2
80858774d4000000,2
80858774dc000000,1
80858774e4000000,1
80858774ec000000,2
80858774f4000000,2
80858774fc000000,1
8085877504000000,1
808587751c000000,1
8085877524000000,1
808587752c000000,1
80858775ac000000,1
8085877684000000,1
808587768c000000,1
8085877694000000,1
808587769c000000,2
80858776a4000000,2
80858776ac000000,3
80858776b4000000,3
80858776bc000000,2
80858776c4000000,2
80858776cc000000,3
80858776d4000000,3
80858776dc000000,1
80858776e4000000,1
80858776ec000000,1
808587770c000000,1
8085877714000000,1
808587771c000000,1
8085877724000000,1
808587772c000000,1
8085877734000000,1
808587773c000000,1
8085877744000000,1
808587774c000000,1
8085877754000000,1
808587775c000000,1
8085877764000000,1
808587776c000000,1
8085877774000000,1
8085877984000000,1
808587798c000000,1
8085877994000000,1
80858779c4000000,1
80858779dc000000,1
80858779e4000000,1
80858779ec000000,1
80858779f4000000,1
80858779fc000000,1
8085877a04000000,1
8085877a0c000000,1
8085877a14000000,1
8085877a1c000000,1
8085877a24000000,1
8085877a2c000000,1
8085877a34000000,1
8085877a3c000000,1
8085877a44000000,1
8085877a4c000000,1
8085877a54000000,1
8085877a5c000000,1
8085877a64000000,1
8085877a6c000000,1
8085877a74000000,1
8085877a7c000000,1
8085877a84000000,2
8085877a8c000000,2
8085877a94000000,2
8085877a9c000000,3
8085877aa4000000,3
8085877aac000000,3
8085877ab4000000,3
8085877abc000000,3
8085877ac4000000,3
8085877acc000000,3
8085877ad4000000,3
8085877adc000000,3
8085877ae4000000,2
8085877aec000000,2
8085877af4000000,1
8085877afc000000,1
8085877b04000000,1
8085877b0c000000,1
8085877b14000000,3
8085877b1c000000,2
8085877b24000000,3
8085877b2c000000,4
8085877b34000000,3
8085877b3c000000,3
8085877b44000000,3
8085877b4c000000,3
8085877b54000000,3
8085877b5c000000,2
8085877b64000000,1
8085877b6c000000,2
8085877b74000000,1
8085877ba4000000,1
8085877bac000000,1
8085877bb4000000,1
8085877bbc000000,1
8085877bcc000000,1
8085877bd4000000,1
8085877c54000000,1
8085877c94000000,1
8085877c9c000000,1
8085877ca4000000,1
8085877cac000000,2
8085877cb4000000,1
8085877cbc000000,1
8085877cc4000000,1
8085877ccc000000,1
8085877cd4000000,1
8085877cdc000000,1
8085877ce4000000,1
8085877cec000000,1
8085877cf4000000,1
8085877cfc000000,1
8085877d04000000,1
8085877d0c000000,1
8085877d14000000,1
8085877d1c000000,1
8085877d24000000,1
8085877d2c000000,1
8085877d34000000,1
8085877d3c000000,1
8085877d44000000,1
8085877d4c000000,1
8085877d54000000,1
8085877d5c000000,1
8085877d64000000,1
8085877d6c000000,1
8085877d74000000,1
8085877dac000000,1
808587a00c000000,1
808587a05c000000,1
808587a064000000,1
808587a06c000000,1
808587a074000000,1
808587a07c000000,1
808587a084000000,1
808587a08c000000,1
808587a094000000,1
808587a09c000000,1
808587a0a4000000,1
808587a0ac000000,1
808587a0b4000000,1
808587a0bc000000,1
808587a0c4000000,1
808587a0cc000000,1
808587a0d4000000,1
808587a0dc000000,1
808587a0e4000000,1
808587a0ec000000,1
808587a0f4000000,1
808587a0fc000000,1
808587a114000000,1
808587a11c000000,1
808587a124000000,1
808587a12c000000,1
808587a134000000,1
808587a13c000000,1
808587a14c000000,1
808587a604000000,1
808587a60c000000,1
808587a614000000,1
808587a61c000000,1
808587a624000000,1
808587a62c000000,1
808587a634000000,1
808587a63c000000,1
808587a644000000,1
808587a64c000000,1
808587a654000000,1
808587a65c000000,1
808587a664000000,1
808587a66c000000,1
808587a674000000,1
808587a67c000000,1
808587a684000000,1
808587a68c000000,1
808587a694000000,1
808587a69c000000,1
808587a6b4000000,1
808587a6bc000000,1
808587a6c4000000,1
808587a6cc000000,1
808587a6d4000000,1
808587a6dc000000,1
808587a6e4000000,1
808587a6ec000000,1
808587a6f4000000,1
808587a6fc000000,1
808587a704000000,1
808587a70c000000,1
808587a714000000,1
808587a71c000000,1
808587a724000000,1
808587a72c000000,1
808587a734000000,1
808587a73c000000,1
808587a744000000,1
808587a74c000000,1
808587a754000000,1
808587a75c000000,1
808587a764000000,1
808587a76c000000,1
808587a774000000,1
808587a77c000000,1
808587a784000000,1
808587a78c000000,1
808587a794000000,1
808587a79c000000,1
808587a7a4000000,1
808587a7ac000000,1
808587a7b4000000,1
808587a7bc000000,1
808587a7c4000000,1
808587a7cc000000,1
808587a7d4000000,1
808587a7dc000000,1
808587a7e4000000,1
808587a7ec000000,1
808587a7f4000000,1
808587a7fc000000,1
808587a804000000,1
808587a80c000000,1
808587a814000000,1
808587a81c000000,1
808587a824000000,1
808587a82c000000,1
808587a834000000,1
808587a83c000000,1
808587a844000000,1
808587a84c000000,1
808587a854000000,1
808587a85c000000,1
808587a864000000,1
808587a86c000000,1
808587a874000000,1
808587a87c000000,1
808587a884000000,1
808587a88c000000,1
808587a894000000,1
808587a89c000000,1
808587a8a4000000,1
808587a8ac000000,1
808587a8b4000000,1
808587a8bc000000,1
808587a8c4000000,1
808587a8cc000000,1
808587a8d4000000,1
808587a8dc000000,1
808587a8e4000000,1
808587a8ec000000,1
808587a8f4000000,1
808587a8fc000000,1
808587a904000000,1
808587a90c000000,1
808587a914000000,1
808587a91c000000,1
808587a924000000,1
808587a93c000000,1
808587a944000000,1
808587a95c000000,1
808587a964000000,1
808587a96c000000,1
808587a974000000,1
808587a97c000000,1
808587a984000000,1
808587a98c000000,1
808587a994000000,1
808587a99c000000,1
808587a9a4000000,1
808587a9ac000000,1
808587a9b4000000,1
808587a9bc000000,1
808587a9c4000000,1
808587a9cc000000,1
808587a9d4000000,1
808587a9dc000000,1
808587a9e4000000,1
808587a9ec000000,1
808587a9f4000000,1
808587a9fc000000,1
808587aa04000000,1
808587aa0c000000,1
808587aa14000000,1
808587aa1c000000,1
808587aa24000000,1
808587aa2c000000,1
808587aa34000000,1
808587aa3c000000,1
808587aa44000000,1
808587aa4c000000,1
808587aa54000000,1
808587aa5c000000,1
808587aa64000000,1
808587aa6c000000,1
808587aa74000000,1
808587aa7c000000,1
808587aa84000000,1
808587aa8c000000,1
808587aa94000000,1
808587aa9c000000,1
808587aaa4000000,1
808587aaac000000,2
808587aab4000000,2
808587aabc000000,1
808587aac4000000,1
808587aacc000000,1
808587aadc000000,1
808587aae4000000,1
808587aaec000000,1
808587aaf4000000,1
808587aafc000000,1
808587ab04000000,1
808587ab1c000000,1
808587aba4000000,1
808587abac000000,1
808587abb4000000,1
808587abbc000000,1
808587abc4000000,1
808587abcc000000,1
808587abd4000000,1
808587abdc000000,1
808f7c2604000000,1
808f7c261c000000,1
808f7c2624000000,1
808f7c262c000000,1
808f7c2634000000,1
808f7c263c000000,1
808f7c278c000000,1
808f7c2794000000,1
808f7c27bc000000,1
808f7c27c4000000,1
808f7c27cc000000,1
808f7c27d4000000,1
808f7c27dc000000,1
808f7c27e4000000,1
808f7c27ec000000,1
808f7c27f4000000,1
808f7c27fc000000,1
808f7c2804000000,1
808f7c280c000000,1
808f7c2814000000,1
808f7c281c000000,1
808f7c2824000000,1
808f7c282c000000,1
808f7c2834000000,1
808f7c283c000000,1
808f7c2844000000,1
808f7c284c000000,1
808f7c2854000000,1
808f7c285c000000,1
808f7c2864000000,1
808f7c286c000000,1
808f7c2874000000,1
808f7c287c000000,1
808f7c2884000000,1
808f7c288c000000,1
808f7c2894000000,1
808f7c289c000000,1
808f7c28a4000000,1
808f7c28ac000000,1
808f7c28b4000000,1
808f7c28bc000000,1
808f7c28c4000000,1
808f7c28cc000000,1
808f7c28d4000000,1
808f7c28dc000000,1
808f7c28e4000000,1
808f7c28ec000000,1
808f7c28f4000000,1
808f7c28fc000000,1
808f7c2904000000,1
808f7c290c000000,1
808f7c2914000000,1
808f7c291c000000,1
808f7c2924000000,1
808f7c292c000000,1
808f7c2934000000,1
808f7c293c000000,1
808f7c2944000000,1
808f7c294c000000,1
808f7c2954000000,1
808f7c295c000000,1
808f7c2964000000,1
808f7c296c000000,1
808f7c2974000000,1
808f7c297c000000,1
808f7c2984000000,1
808f7c298c000000,1
808f7c2994000000,1
808f7c299c000000,1
808f7c29a4000000,1
808f7c29ac000000,1
808f7c29b4000000,1
808f7c29bc000000,1
808f7c29c4000000,1
808f7c29cc000000,1
808f7c29d4000000,1
808f7c29dc000000,1
808f7c29e4000000,1
808f7c29ec000000,1
808f7c29f4000000,1
808f7c29fc000000,1
808f7c2a04000000,1
808f7c2a0c000000,1
808f7c2a14000000,1
808f7c2a1c000000,1
808f7c2a24000000,1
808f7c2a2c000000,1
808f7c2a34000000,1
808f7c2a3c000000,1
808f7c2a44000000,1
808f7c2a4c000000,1
808f7c2a54000000,1
808f7c2a5c000000,1
808f7c2a64000000,1
808f7c2a6c000000,1
808f7c2a74000000,1
808f7c2a7c000000,1
808f7c2a84000000,2
808f7c2a8c000000,1
808f7c2a94000000,2
808f7c2a9c000000,2
808f7c2aa4000000,2
808f7c2aac000000,2
808f7c2ab4000000,2
808f7c2abc000000,2
808f7c2ac4000000,2
808f7c2acc000000,2
808f7c2ad4000000,2
808f7c2adc000000,2
808f7c2ae4000000,1
808f7c2aec000000,1
808f7c2af4000000,1
808f7c2afc000000,1
808f7c2b04000000,1
808f7c2b0c000000,1
808f7c2b14000000,1
808f7c2b1c000000,1
808f7c2b24000000,1
808f7c2b2c000000,2
808f7c2b34000000,1
808f7c2b3c000000,1
808f7c2b44000000,1
808f7c2b4c000000,1
808f7c2b54000000,1
808f7c2b5c000000,1
808f7c2b64000000,1
808f7c2b6c000000,1
808f7c2b74000000,1
808f7c2b7c000000,1
808f7c2b84000000,1
808f7c2b8c000000,1
808f7c2b94000000,1
808f7c2b9c000000,1
808f7c2ba4000000,1
808f7c2bac000000,1
808f7c2bb4000000,1
808f7c2bbc000000,1
808f7c2bc4000000,1
808f7c2bcc000000,1
808f7c2bd4000000,1
808f7c2bdc000000,1
808f7c2be4000000,1
808f7c2bec000000,1
808f7c2bf4000000,1
808f7c2bfc000000,1
808f7c2c04000000,1
808f7c2c0c000000,1
808f7c2c14000000,1
808f7c2c1c000000,1
808f7c2c24000000,1
808f7c2c2c000000,1
808f7c2c34000000,1
808f7c2c3c000000,1
808f7c2c44000000,1
808f7c2c4c000000,1
808f7c2c54000000,1
808f7c2c5c000000,1
808f7c2c64000000,1
808f7c2c6c000000,1
808f7c2c74000000,1
808f7c2c7c000000,1
808f7c2c84000000,1
808f7c2c8c000000,1
808f7c2c94000000,1
808f7c2c9c000000,1
808f7c2ca4000000,1
808f7c2cac000000,1
808f7c2cb4000000,1
808f7c2cbc000000,1
808f7c2cc4000000,1
808f7c2ccc000000,1
808f7c2cd4000000,1
808f7c2cdc000000,1
808f7c2ce4000000,1
808f7c2cec000000,1
808f7c2cf4000000,1
808f7c2cfc000000,1
808f7c2d04000000,1
808f7c2d0c000000,1
808f7c2d14000000,1
808f7c2d1c000000,1
808f7c2d24000000,1
808f7c2d2c000000,1
808f7c2d34000000,1
808f7c2d3c000000,1
808f7c2d44000000,1
808f7c2d4c000000,1
808f7c2d6c000000,1
808f7c2d74000000,1
808f7c2d84000000,1
808f7c2d8c000000,1
808f7c2d94000000,1
808f7c2d9c000000,1
808f7c2da4000000,1
808f7c2dac000000,1
808f7c2db4000000,1
808f7c2dbc000000,1
808f7c2dc4000000,1
808f7c2dcc000000,1
808f7c2dd4000000,1
808f7c2ddc000000,1
808f7c2de4000000,1
808f7c2dec000000,1
808f7c2e0c000000,1
808f7c2e44000000,1
808f7c2e54000000,1
808f7c2e5c000000,1
808f7c2e64000000,1
808f7c2e6c000000,1
808f7c2e74000000,1
808f7c2e7c000000,1
808f7c2e84000000,1
808f7c2e8c000000,1
808f7c2e94000000,1
808f7c2e9c000000,1
808f7c2ea4000000,1
808f7c2eac000000,1
808f7c2eb4000000,1
808f7c2ebc000000,1
808f7c2ec4000000,1
808f7c2ecc000000,1
808f7c2ed4000000,1
808f7c2edc000000,1
808f7c2ee4000000,1
808f7c2eec000000,1
808f7c2ef4000000,1
808f7c2efc000000,1
808f7c2f04000000,1
808f7c2f0c000000,1
808f7c2f14000000,1
808f7c2f1c000000,1
808f7c2f24000000,1
808f7c2f2c000000,1
808f7c2f34000000,1
808f7c2f3c000000,1
808f7c2f44000000,1
808f7c2f4c000000,1
808f7c2f54000000,1
808f7c2fac000000,1
808f7d8544000000,1
808f7d854c000000,1
808f7d8554000000,1
808f7d855c000000,1
808f7d8564000000,1
808f7d856c000000,1
808f7d857c000000,1
808f7d87dc000000,1
808f7d87e4000000,1
808f7d87f4000000,1
808f7d87fc000000,1
808f7d8804000000,1
808f7d880c000000,1
808f7d8814000000,1
808f7d881c000000,1
808f7d8824000000,1
808f7d882c000000,1
808f7d8834000000,1
808f7d883c000000,1
808f7d8844000000,1
808f7d884c000000,1
808f7d8854000000,2
808f7d885c000000,1
808f7d8864000000,1
808f7d886c000000,1
808f7d8874000000,1
808f7d887c000000,1
808f7d8884000000,1
808f7d888c000000,1
808f7d8894000000,1
808f7d88c4000000,1
808f7d88d4000000,2
808f7d88dc000000,2
808f7d88e4000000,2
808f7d88ec000000,1
808f7d88f4000000,1
808f7d88fc000000,2
808f7d8904000000,2
808f7d890c000000,2
808f7d8914000000,2
808f7d891c000000,2
808f7d8924000000,2
808f7d892c000000,1
808f7d8934000000,1
808f7d893c000000,2
808f7d8944000000,1
808f7d894c000000,1
808f7d8954000000,1
808f7d895c000000,1
808f7d8964000000,2
808f7d896c000000,2
808f7d8974000000,2
808f7d897c000000,2
808f7d8984000000,2
808f7d898c000000,2
808f7d8994000000,2
808f7d899c000000,2
808f7d89a4000000,2
808f7d89ac000000,2
808f7d89b4000000,2
808f7d89bc000000,2
808f7d89c4000000,2
808f7d89cc000000,1
808f7d89d4000000,1
808f7d89dc000000,2
808f7d89e4000000,2
808f7d89ec000000,2
808f7d89f4000000,2
808f7d89fc000000,2
808f7d8a04000000,2
808f7d8a0c000000,2
808f7d8a14000000,2
808f7d8a1c000000,2
808f7d8a24000000,2
808f7d8a2c000000,2
808f7d8a34000000,2
808f7d8a3c000000,2
808f7d8a44000000,2
808f7d8a4c000000,2
808f7d8a54000000,1
808f7d8a5c000000,1
808f7d8a64000000,3
808f7d8a6c000000,2
808f7d8a74000000,2
808f7d8a7c000000,3
808f7d8a84000000,3
808f7d8a8c000000,3
808f7d8a94000000,3
808f7d8a9c000000,4
808f7d8aa4000000,6
808f7d8aac000000,6
808f7d8ab4000000,5
808f7d8abc000000,4
808f7d8ac4000000,3
808f7d8acc000000,5
808f7d8ad4000000,5
808f7d8adc000000,3
808f7d8ae4000000,2
808f7d8aec000000,3
808f7d8af4000000,3
808f7d8afc000000,1
808f7d8b04000000,1
808f7d8b0c000000,1
808f7d8b14000000,1
808f7d8b1c000000,2
808f7d8b24000000,2
808f7d8b2c000000,4
808f7d8b34000000,5
808f7d8b3c000000,3
808f7d8b44000000,4
808f7d8b4c000000,4
808f7d8b54000000,4
808f7d8b5c000000,4
808f7d8b64000000,2
808f7d8b6c000000,2
808f7d8b74000000,1
808f7d8b7c000000,3
808f7d8b84000000,2
808f7d8b8c000000,2
808f7d8b94000000,1
808f7d8b9c000000,1
808f7d8ba4000000,1
808f7d8bac000000,1
808f7d8bb4000000,2
808f7d8bbc000000,1
808f7d8bc4000000,1
808f7d8bcc000000,2
808f7d8bd4000000,2
808f7d8bdc000000,2
808f7d8be4000000,1
808f7d8bec000000,1
808f7d8bf4000000,1
808f7d8bfc000000,1
808f7d8c04000000,1
808f7d8c0c000000,2
808f7d8c14000000,2
808f7d8c1c000000,2
808f7d8c24000000,2
808f7d8c2c000000,2
808f7d8c34000000,2
808f7d8c3c000000,2
808f7d8c44000000,3
808f7d8c4c000000,3
808f7d8c54000000,3
808f7d8c5c000000,3
808f7d8c64000000,3
808f7d8c6c000000,2
808f7d8c74000000,2
808f7d8c7c000000,3
808f7d8c84000000,3
808f7d8c8c000000,3
808f7d8c94000000,5
808f7d8c9c000000,5
808f7d8ca4000000,5
808f7d8cac000000,5
808f7d8cb4000000,5
808f7d8cbc000000,5
808f7d8cc4000000,5
808f7d8ccc000000,5
808f7d8cd4000000,5
808f7d8cdc000000,5
808f7d8ce4000000,5
808f7d8cec000000,5
808f7d8cf4000000,3
808f7d8cfc000000,4
808f7d8d04000000,3
808f7d8d0c000000,3
808f7d8d14000000,4
808f7d8d1c000000,5
808f7d8d24000000,5
808f7d8d2c000000,5
808f7d8d34000000,5
808f7d8d3c000000,5
808f7d8d44000000,4
808f7d8d4c000000,5
808f7d8d54000000,5
808f7d8d5c000000,4
808f7d8d64000000,3
808f7d8d6c000000,3
808f7d8d74000000,3
808f7d8d7c000000,3
808f7d8d84000000,4
808f7d8d8c000000,4
808f7d8d94000000,4
808f7d8d9c000000,3
808f7d8da4000000,3
808f7d8dac000000,3
808f7d8db4000000,3
808f7d8dbc000000,3
808f7d8dc4000000,2
808f7d8dcc000000,2
808f7d8dd4000000,2
808f7d8ddc000000,2
808f7d8de4000000,3
808f7d8dec000000,3
808f7d8df4000000,3
808f7d8dfc000000,2
808f7d8e04000000,2
808f7d8e0c000000,2
808f7d8e14000000,2
808f7d8e1c000000,2
808f7d8e24000000,1
808f7d8e2c000000,1
808f7d8e34000000,1
808f7d8e3c000000,2
808f7d8e44000000,2
808f7d8e4c000000,1
808f7d8e54000000,2
808f7d8e5c000000,1
808f7d8e64000000,1
808f7d8e6c000000,2
808f7d8e74000000,2
808f7d8e7c000000,2
808f7d8e84000000,2
808f7d8e8c000000,1
808f7d8e94000000,1
808f7d8e9c000000,2
808f7d8ea4000000,1
808f7d8eac000000,1
808f7d8eb4000000,1
808f7d8ebc000000,1
808f7d8ec4000000,1
808f7d8ecc000000,1
808f7d8ed4000000,1
808f7d8edc000000,1
808f7d8ee4000000,1
808f7d8eec000000,1
808f7d8ef4000000,1
808f7d8efc000000,1
808f7d8f04000000,1
808f7d8f1c000000,1
808f7d8f24000000,1
808f7d8f2c000000,1
808f7d8f7c000000,1
808f7d8f84000000,1
808f7d8f8c000000,1
808f7d8f94000000,1
808f7d8f9c000000,1
808f7d8fa4000000,1
808f7d8fac000000,1
808f7d8fb4000000,1
808f7d8fbc000000,1
808f7d8fc4000000,1
808f7d8fcc000000,1
808f7d8fd4000000,1
808f7d8fdc000000,1
808f7d8fe4000000,1
808f7d8fec000000,1
808f7d8ff4000000,1
808f7d8ffc000000,1
808f7d9004000000,1
808f7d900c000000,1
808f7d9014000000,1
808f7d901c000000,1
808f7d9024000000,1
808f7d902c000000,1
808f7d9034000000,1
808f7d903c000000,1
808f7d9044000000,1
808f7d904c000000,1
808f7d9054000000,1
808f7d905c000000,1
808f7d9064000000,1
808f7d906c000000,1
808f7d9074000000,1
808f7d907c000000,1
808f7d9084000000,1
808f7d908c000000,1
808f7d9094000000,1
808f7d909c000000,1
808f7d90a4000000,1
808f7d90ac000000,1
808f7d90b4000000,1
808f7d90bc000000,1
808f7d90c4000000,1
808f7d90cc000000,1
808f7d90d4000000,1
808f7d90dc000000,1
808f7d90e4000000,1
808f7d90ec000000,1
808f7d90f4000000,1
808f7d90fc000000,1
808f7d9104000000,1
808f7d910c000000,1
808f7d9114000000,1
808f7d911c000000,1
808f7d9124000000,1
808f7d912c000000,1
808f7d9134000000,1
808f7d913c000000,1
808f7d9144000000,1
808f7d914c000000,1
808f7d9154000000,1
808f7d915c000000,1
808f7d9164000000,1
808f7d916c000000,1
808f7d9174000000,1
808f7d917c000000,1
808f7d9184000000,1
808f7d918c000000,1
808f7d9194000000,1
808f7d919c000000,1
808f7d91a4000000,1
808f7d91ac000000,1
808f7d91b4000000,1
808f7d91bc000000,1
808f7d91c4000000,1
808f7d91cc000000,1
808f7d91d4000000,1
808f7d91dc000000,1
808f7d91e4000000,1
808f7d91ec000000,1
808f7d91f4000000,1
808f7d91fc000000,2
808f7d9204000000,2
808f7d920c000000,3
808f7d9214000000,2
808f7d921c000000,2
808f7d9224000000,1
808f7d922c000000,1
808f7d9234000000,1
808f7d923c000000,2
808f7d9244000000,3
808f7d924c000000,2
808f7d9254000000,3
808f7d925c000000,4
808f7d9264000000,4
808f7d926c000000,3
808f7d9274000000,4
808f7d927c000000,4
808f7d9284000000,4
808f7d928c000000,4
808f7d9294000000,4
808f7d929c000000,4
808f7d92a4000000,4
808f7d92ac000000,4
808f7d92b4000000,4
808f7d92bc000000,3
808f7d92c4000000,4
808f7d92cc000000,4
808f7d92d4000000,3
808f7d92dc000000,4
808f7d92e4000000,4
808f7d92ec000000,4
808f7d92f4000000,4
808f7d92fc000000,4
808f7d9304000000,4
808f7d930c000000,2
808f7d9314000000,4
808f7d931c000000,4
808f7d9324000000,4
808f7d932c000000,4
808f7d9334000000,4
808f7d933c000000,4
808f7d9344000000,4
808f7d934c000000,4
808f7d9354000000,4
808f7d935c000000,2
808f7d9364000000,1
808f7d936c000000,2
808f7d9374000000,1
808f7d937c000000,1
808f7d9384000000,1
808f7d938c000000,1
808f7d9394000000,1
808f7d939c000000,1
808f7d93a4000000,1
808f7d93ac000000,2
808f7d93b4000000,1
808f7d93bc000000,1
808f7d93c4000000,1
808f7d93cc000000,1
808f7d93d4000000,1
808f7d93dc000000,1
808f7d93e4000000,1
808f7d93ec000000,1
808f7d93f4000000,1
808f7d93fc000000,1
808f7d9404000000,1
808f7d940c000000,1
808f7d9414000000,1
808f7d941c000000,1
808f7d9424000000,1
808f7d942c000000,1
808f7d9434000000,1
808f7d943c000000,1
808f7d9444000000,1
808f7d944c000000,1
808f7d9454000000,1
808f7d945c000000,1
808f7d9464000000,1
808f7d946c000000,1
808f7d9474000000,1
808f7d947c000000,1
808f7d9484000000,1
808f7d948c000000,1
808f7d9494000000,1
808f7d949c000000,1
808f7d94a4000000,2
808f7d94ac000000,2
808f7d94b4000000,2
808f7d94bc000000,1
808f7d94c4000000,1
808f7d94cc000000,1
808f7d94d4000000,1
808f7d94dc000000,1
808f7d94e4000000,1
808f7d94ec000000,1
808f7d94f4000000,1
808f7d94fc000000,1
808f7d9504000000,1
808f7d950c000000,1
808f7d9514000000,1
808f7d951c000000,1
808f7d9524000000,1
808f7d952c000000,1
808f7d9534000000,1
808f7d953c000000,1
808f7d9544000000,1
808f7d954c000000,1
808f7d9554000000,1
808f7d955c000000,1
808f7d9564000000,1
808f7d956c000000,1
808f7d9574000000,1
808f7d957c000000,1
808f7d9584000000,1
808f7d958c000000,1
808f7d9594000000,1
808f7d959c000000,1
808f7d95a4000000,1
808f7d95ac000000,1
808f7d95b4000000,1
808f7d95bc000000,1
808f7d95c4000000,1
808f7d95cc000000,1
808f7d95d4000000,1
808f7d95dc000000,1
808f7d95e4000000,1
808f7d95ec000000,1
808f7d95f4000000,1
808f7d95fc000000,1
808f7d9604000000,1
808f7d960c000000,1
808f7d9614000000,1
808f7d961c000000,1
808f7d9624000000,1
808f7d962c000000,1
808f7d9634000000,1
808f7d963c000000,1
808f7d9644000000,1
808f7d964c000000,1
808f7d9654000000,1
808f7d965c000000,1
808f7d9664000000,1
808f7d966c000000,1
808f7d9674000000,1
808f7d967c000000,1
808f7d9684000000,1
808f7d968c000000,1
808f7d9694000000,1
808f7d969c000000,1
808f7d96a4000000,1
808f7d96ac000000,1
808f7d96b4000000,1
808f7d96bc000000,1
808f7d96c4000000,1
808f7d96cc000000,1
808f7d96d4000000,1
808f7d96dc000000,1
808f7d96e4000000,1
808f7d96ec000000,1
808f7d96f4000000,1
808f7d96fc000000,1
808f7d9704000000,1
808f7d970c000000,1
808f7d9714000000,1
808f7d971c000000,1
808f7d9724000000,1
808f7d972c000000,1
808f7d9734000000,1
808f7d973c000000,1
808f7d9744000000,1
808f7d974c000000,1
808f7d9754000000,1
808f7d975c000000,1
808f7d9764000000,1
808f7d976c000000,1
808f7d9774000000,1
808f7d977c000000,1
808f7d9784000000,1
808f7d978c000000,1
808f7d9794000000,1
808f7d979c000000,1
808f7d97a4000000,1
808f7d97ac000000,1
808f7d97b4000000,1
808f7d97bc000000,1
808f7d97c4000000,1
808f7d97cc000000,1
808f7d97d4000000,1
808f7d97dc000000,1
808f7d97e4000000,1
808f7d97ec000000,1
808f7d97f4000000,1
808f7d97fc000000,1
808f7d981c000000,1
808f7d9824000000,1
808f7d982c000000,1
808f7d9984000000,1
808f7d998c000000,1
808f7d9994000000,1
808f7d99c4000000,1
808f7d99cc000000,1
808f7d99d4000000,1
808f7d99dc000000,1
808f7d99e4000000,1
808f7d99ec000000,1
808f7d99f4000000,1
808f7d99fc000000,1
808f7d9a04000000,1
808f7d9a0c000000,1
808f7d9a14000000,1
808f7d9a1c000000,1
808f7d9a24000000,1
808f7d9a2c000000,1
808f7d9a34000000,1
808f7d9a3c000000,1
808f7d9a44000000,1
808f7d9a4c000000,1
808f7d9a54000000,1
808f7d9a5c000000,1
808f7d9a64000000,1
808f7d9a6c000000,1
808f7d9a74000000,1
808f7d9a7c000000,1
808f7d9a84000000,1
808f7d9a8c000000,1
808f7d9a94000000,1
808f7d9a9c000000,1
808f7d9aa4000000,1
808f7d9aac000000,1
808f7d9ab4000000,1
808f7d9abc000000,1
808f7d9ac4000000,1
808f7d9acc000000,1
808f7d9aec000000,1
808f7d9af4000000,1
808f7dbc24000000,1
808f7dbc2c000000,1
808f7dbc34000000,1
808f7dbc3c000000,1
808f7dbc44000000,1
808f7dbc4c000000,1
808f7dbc54000000,1
808f7dbcfc000000,1
808f7dbd04000000,1
808f7dbd0c000000,1
808f7dbd14000000,1
808f7dbd1c000000,1
808f7dbd3c000000,1
808f7dbd44000000,1
808f7dbd4c000000,1
808f7dbd54000000,1
808f7dbd5c000000,1
808f7dbd64000000,1
808f7dbd6c000000,1
808f7dbd74000000,1
808f7dbd7c000000,1
808f7dbd84000000,1
808f7dbd8c000000,1
808f7dbd94000000,1
808f7dbd9c000000,1
808f7dbda4000000,1
808f7dbdac000000,1
808f7dbdb4000000,1
808f7dbdbc000000,1
808f7dbdc4000000,1
808f7dbdcc000000,1
808f7dbdd4000000,1
808f7dbddc000000,1
808f7dbde4000000,1
808f7dbdec000000,1
808f7dbdf4000000,1
808f7dbdfc000000,1
808f7dbe04000000,1
808f7dbe0c000000,1
808f7dbe14000000,1
808f7dbe1c000000,1
808f7dbe24000000,1
808f7dbe2c000000,1
808f7dbe34000000,1
808f7dbe3c000000,1
808f7dbe44000000,1
808f7dbe4c000000,1
808f7dbe54000000,1
808f7dbe5c000000,1
808f7dbe64000000,1
808f7dbe6c000000,1
808f7dbe74000000,1
808f7dbe7c000000,1
808f7dbe84000000,1
808f7dbe8c000000,1
808f7dbe94000000,1
808f7dbe9c000000,1
808f7dbea4000000,1
808f7dbebc000000,1
808f7dbec4000000,1
808f7dbedc000000,1
808f7dbee4000000,1
808f7dbeec000000,1
808f7dbef4000000,1
808f7dbefc000000,1
808f7dbf04000000,1
808f7dbf0c000000,1
808f7dbf14000000,1
808f7dbf1c000000,1
808f7dbf24000000,1
808f7dbf2c000000,1
808f7dbf34000000,1
808f7dbf3c000000,1
808f7dbf44000000,1
808f7dbf4c000000,1
808f7dbf54000000,1
808f7dbf5c000000,1
808f7dbf64000000,1
808f7dbf6c000000,1
808f7dbf74000000,1
808f7dbf7c000000,1
808f7dbf84000000,1
808f7dbf8c000000,1
808f7dbf94000000,1
808f7dbf9c000000,1
808f7dbfa4000000,1
808f7dbfac000000,1
808f7dbfb4000000,1
808f7dbfbc000000,1
808f7dbfc4000000,1
808f7dbfcc000000,1
808f7dbfd4000000,1
808f7dbfdc000000,1
808f7dbfe4000000,1
808f7dbfec000000,1
808f7dbff4000000,1
808f7dbffc000000,1
808f7dc004000000,1
808f7dc00c000000,1
808f7dc014000000,1
808f7dc01c000000,1
808f7dc064000000,1
808f7dc06c000000,1
808f7dc074000000,1
808f7dc07c000000,1
808f7dc084000000,1
808f7dc08c000000,1
808f7dc09c000000,1
808f7dc0a4000000,1
808f7dc204000000,1
808f7dc20c000000,2
808f7dc214000000,1
808f7dc244000000,1
808f7dc254000000,1
808f7dc25c000000,2
808f7dc264000000,3
808f7dc26c000000,2
808f7dc274000000,3
808f7dc27c000000,3
808f7dc284000000,3
808f7dc28c000000,3
808f7dc294000000,3
808f7dc29c000000,3
808f7dc2a4000000,4
808f7dc2ac000000,6
808f7dc2b4000000,4
808f7dc2bc000000,4
808f7dc2c4000000,3
808f7dc2cc000000,4
808f7dc2d4000000,3
808f7dc2dc000000,3
808f7dc2e4000000,3
808f7dc2ec000000,3
808f7dc2f4000000,3
808f7dc2fc000000,3
808f7dc304000000,2
808f7dc30c000000,1
808f7dc314000000,2
808f7dc31c000000,3
808f7dc324000000,3
808f7dc32c000000,3
808f7dc334000000,3
808f7dc33c000000,2
808f7dc344000000,2
808f7dc34c000000,2
808f7dc354000000,2
808f7dc35c000000,1
808f7dc36c000000,1
808f7dd04c000000,1
808f7dd054000000,3
808f7dd05c000000,3
808f7dd064000000,3
808f7dd07c000000,3
808f7dd084000000,3
808f7dd08c000000,3
808f7dd094000000,3
808f7dd09c000000,3
808f7dd0a4000000,3
808f7dd0ac000000,3
808f7dd0b4000000,3
808f7dd0bc000000,3
808f7dd0c4000000,3
808f7dd0cc000000,3
808f7dd0d4000000,3
808f7dd0dc000000,3
808f7dd0e4000000,3
808f7dd0ec000000,3
808f7dd0f4000000,3
808f7dd0fc000000,3
808f7dd104000000,3
808f7dd10c000000,3
808f7dd114000000,3
808f7dd11c000000,3
808f7dd124000000,3
808f7dd12c000000,3
808f7dd134000000,3
808f7dd13c000000,3
808f7dd144000000,3
808f7dd14c000000,3
808f7dd154000000,3
808f7dd15c000000,3
808f7dd164000000,3
808f7dd16c000000,3
808f7dd174000000,3
808f7dd17c000000,2
808f7dd184000000,1
808f7dd19c000000,2
808f7dd1a4000000,2
808f7dd1ac000000,2
808f7dd1b4000000,1
808f7dd22c000000,1
808f7dd234000000,1
808f7dd24c000000,1
808f7dd254000000,1
808f7dd25c000000,1
808f7dd2b4000000,1
808f7dd2bc000000,1
808f7dd2c4000000,1
808f7dd2cc000000,1
808f7dd2d4000000,1
808f7dd2dc000000,1
808f7dd2e4000000,1
808f7dd2ec000000,1
808f7dd2f4000000,1
808f7dd2fc000000,1
808f7dd304000000,1
808f7dd30c000000,1
808f7dd314000000,1
808f7dd31c000000,1
808f7dd324000000,1
808f7dd32c000000,1
808f7dd334000000,1
808f7dd33c000000,1
808f7dd344000000,1
808f7dd34c000000,1
808f7dd354000000,1
808f7dd35c000000,1
808f7dd364000000,2
808f7dd36c000000,1
808f7dd374000000,1
808f7dd37c000000,2
808f7dd384000000,2
808f7dd38c000000,2
808f7dd394000000,2
808f7dd39c000000,2
808f7dd3a4000000,1
808f7dd3ac000000,1
808f7dd3b4000000,1
808f7dd3bc000000,1
808f7dd3c4000000,2
808f7dd3cc000000,1
808f7dd3d4000000,1
808f7dd3dc000000,3
808f7dd3e4000000,3
808f7dd3ec000000,3
808f7dd3f4000000,3
808f7dd3fc000000,3
808f7dd404000000,3
808f7dd40c000000,3
808f7dd414000000,3
808f7dd41c000000,3
808f7dd424000000,3
808f7dd42c000000,3
808f7dd434000000,3
808f7dd43c000000,3
808f7dd444000000,3
808f7dd44c000000,3
808f7dd454000000,2
808f7dd45c000000,2
808f7dd464000000,2
808f7dd46c000000,2
808f7dd474000000,2
808f7dd47c000000,2
808f7dd484000000,2
808f7dd48c000000,2
808f7dd494000000,2
808f7dd49c000000,2
808f7dd4a4000000,2
808f7dd4ac000000,1
808f7dd4b4000000,2
808f7dd4bc000000,2
808f7dd4c4000000,2
808f7dd4cc000000,2
808f7dd4d4000000,2
808f7dd4dc000000,2
808f7dd4e4000000,2
808f7dd4ec000000,2
808f7dd4f4000000,2
808f7dd4fc000000,2
808f7dd504000000,2
808f7dd50c000000,2
808f7dd514000000,2
808f7dd51c000000,2
808f7dd524000000,2
808f7dd52c000000,2
808f7dd534000000,2
808f7dd53c000000,2
808f7dd544000000,2
808f7dd54c000000,2
808f7dd554000000,2
808f7dd55c000000,2
808f7dd564000000,3
808f7dd56c000000,2
808f7dd574000000,2
808f7dd57c000000,2
808f7dd584000000,3
808f7dd58c000000,3
808f7dd594000000,3
808f7dd59c000000,2
808f7dd5a4000000,2
808f7dd5ac000000,2
808f7dd5b4000000,3
808f7dd5bc000000,3
808f7dd5c4000000,3
808f7dd5cc000000,3
808f7dd5d4000000,3
808f7dd5dc000000,3
808f7dd5e4000000,3
808f7dd5ec000000,3
808f7dd5f4000000,3
808f7dd5fc000000,3
808f7dd604000000,3
808f7dd60c000000,3
808f7dd614000000,3
808f7dd61c000000,3
808f7dd624000000,3
808f7dd62c000000,3
808f7dd634000000,3
808f7dd63c000000,3
808f7dd644000000,3
808f7dd64c000000,3
808f7dd654000000,3
808f7dd65c000000,3
808f7dd664000000,3
808f7dd66c000000,3
808f7dd674000000,3
808f7dd67c000000,3
808f7dd684000000,3
808f7dd68c000000,3
808f7dd694000000,3
808f7dd69c000000,3
808f7dd6a4000000,3
808f7dd6ac000000,3
808f7dd6b4000000,3
808f7dd6bc000000,3
808f7dd6c4000000,3
808f7dd6cc000000,3
808f7dd6d4000000,3
808f7dd6dc000000,3
808f7dd6e4000000,3
808f7dd6ec000000,3
808f7dd6f4000000,3
808f7dd6fc000000,3
808f7dd704000000,3
808f7dd70c000000,3
808f7dd714000000,3
808f7dd71c000000,3
808f7dd724000000,3
808f7dd72c000000,3
808f7dd734000000,3
808f7dd73c000000,3
808f7dd744000000,3
808f7dd74c000000,3
808f7dd754000000,3
808f7dd75c000000,3
808f7dd764000000,3
808f7dd76c000000,3
808f7dd774000000,3
808f7dd77c000000,3
808f7dd784000000,3
808f7dd78c000000,4
808f7dd794000000,3
808f7dd79c000000,3
808f7dd7a4000000,3
808f7dd7ac000000,3
808f7dd7b4000000,3
808f7dd7bc000000,3
808f7dd7c4000000,3
808f7dd7cc000000,3
808f7dd7d4000000,3
808f7dd7dc000000,4
808f7dd7e4000000,5
808f7dd7ec000000,4
808f7dd7f4000000,5
808f7dd7fc000000,5
808f7dd804000000,6
808f7dd80c000000,6
808f7dd814000000,6
808f7dd81c000000,6
808f7dd824000000,5
808f7dd82c000000,5
808f7dd834000000,6
808f7dd83c000000,6
808f7dd844000000,5
808f7dd84c000000,6
808f7dd854000000,5
808f7dd85c000000,5
808f7dd864000000,5
808f7dd86c000000,5
808f7dd874000000,6
808f7dd87c000000,6
808f7dd884000000,5
808f7dd88c000000,5
808f7dd894000000,5
808f7dd89c000000,5
808f7dd8a4000000,7
808f7dd8ac000000,7
808f7dd8b4000000,7
808f7dd8bc000000,6
808f7dd8c4000000,5
808f7dd8cc000000,8
808f7dd8d4000000,7
808f7dd8dc000000,4
808f7dd8e4000000,4
808f7dd8ec000000,4
808f7dd8f4000000,5
808f7dd8fc000000,5
808f7dd904000000,5
808f7dd90c000000,4
808f7dd914000000,4
808f7dd91c000000,4
808f7dd924000000,3
808f7dd92c000000,5
808f7dd934000000,4
808f7dd93c000000,3
808f7dd944000000,4
808f7dd94c000000,4
808f7dd954000000,4
808f7dd95c000000,4
808f7dd964000000,4
808f7dd96c000000,4
808f7dd974000000,5
808f7dd97c000000,5
808f7dd984000000,5
808f7dd98c000000,4
808f7dd994000000,4
808f7dd99c000000,5
808f7dd9a4000000,5
808f7dd9ac000000,6
808f7dd9b4000000,6
808f7dd9bc000000,5
808f7dd9c4000000,4
808f7dd9cc000000,5
808f7dd9d4000000,4
808f7dd9dc000000,3
808f7dd9e4000000,3
808f7dd9ec000000,3
808f7dd9f4000000,3
808f7dd9fc000000,3
808f7dda04000000,3
808f7dda0c000000,3
808f7dda14000000,3
808f7dda1c000000,3
808f7dda24000000,3
808f7dda2c000000,4
808f7dda34000000,4
808f7dda3c000000,3
808f7dda44000000,3
808f7dda4c000000,2
808f7dda54000000,1
808f7dda5c000000,2
808f7dda64000000,3
808f7dda6c000000,3
808f7dda74000000,3
808f7dda7c000000,3
808f7dda84000000,2
808f7dda8c000000,1
808f7dda94000000,1
808f7dda9c000000,1
808f7ddaec000000,1
808f7ddaf4000000,1
808f7ddafc000000,1
808f7ddb0c000000,1
808f7ddb54000000,2
808f7ddb5c000000,2
808f7ddb64000000,1
808f7ddb6c000000,1
808f7ddb74000000,1
808f7ddb7c000000,1
808f7ddb84000000,2
808f7ddb8c000000,3
808f7ddb94000000,2
808f7ddb9c000000,1
808f7ddba4000000,1
808f7ddbac000000,2
808f7ddbb4000000,2
808f7ddbbc000000,1
808f7ddbc4000000,3
808f7ddbcc000000,3
808f7ddbd4000000,5
808f7ddbdc000000,3
808f7ddbe4000000,3
808f7ddbec000000,3
808f7ddbf4000000,3
808f7ddbfc000000,3
808f7ddc04000000,5
808f7ddc0c000000,4
808f7ddc14000000,6
808f7ddc1c000000,5
808f7ddc24000000,6
808f7ddc2c000000,8
808f7ddc34000000,7
808f7ddc3c000000,6
808f7ddc44000000,6
808f7ddc4c000000,6
808f7ddc54000000,6
808f7ddc5c000000,5
808f7ddc64000000,5
808f7ddc6c000000,5
808f7ddc74000000,5
808f7ddc7c000000,5
808f7ddc84000000,4
808f7ddc8c000000,4
808f7ddc94000000,3
808f7ddc9c000000,3
808f7ddca4000000,2
808f7ddcac000000,2
808f7ddcb4000000,3
808f7ddcbc000000,3
808f7ddcc4000000,3
808f7ddccc000000,3
808f7ddcd4000000,3
808f7ddcdc000000,4
808f7ddce4000000,4
808f7ddcec000000,4
808f7ddcf4000000,5
808f7ddcfc000000,5
808f7ddd04000000,6
808f7ddd0c000000,7
808f7ddd14000000,7
808f7ddd1c000000,6
808f7ddd24000000,4
808f7ddd2c000000,4
808f7ddd34000000,4
808f7ddd3c000000,5
808f7ddd44000000,7
808f7ddd4c000000,6
808f7ddd54000000,6
808f7ddd5c000000,7
808f7ddd64000000,7
808f7ddd6c000000,7
808f7ddd74000000,7
808f7ddd7c000000,7
808f7ddd84000000,8
808f7ddd8c000000,7
808f7ddd94000000,8
808f7ddd9c000000,8
808f7ddda4000000,7
808f7dddac000000,7
808f7dddb4000000,7
808f7dddbc000000,8
808f7dddc4000000,8
808f7dddcc000000,8
808f7dddd4000000,8
808f7ddddc000000,8
808f7ddde4000000,8
808f7dddec000000,7
808f7dddf4000000,7
808f7dddfc000000,9
808f7dde04000000,9
808f7dde0c000000,9
808f7dde14000000,10
808f7dde1c000000,10
808f7dde24000000,11
808f7dde2c000000,13
808f7dde34000000,12
808f7dde3c000000,10
808f7dde44000000,11
808f7dde4c000000,11
808f7dde54000000,11
808f7dde5c000000,11
808f7dde64000000,9
808f7dde6c000000,10
808f7dde74000000,9
808f7dde7c000000,10
808f7dde84000000,10
808f7dde8c000000,10
808f7dde94000000,9
808f7dde9c000000,8
808f7ddea4000000,6
808f7ddeac000000,6
808f7ddeb4000000,5
808f7ddebc000000,6
808f7ddec4000000,7
808f7ddecc000000,5
808f7dded4000000,5
808f7ddedc000000,7
808f7ddee4000000,8
808f7ddeec000000,8
808f7ddef4000000,10
808f7ddefc000000,10
808f7ddf04000000,8
808f7ddf0c000000,8
808f7ddf14000000,8
808f7ddf1c000000,7
808f7ddf24000000,8
808f7ddf2c000000,8
808f7ddf34000000,8
808f7ddf3c000000,8
808f7ddf44000000,8
808f7ddf4c000000,7
808f7ddf54000000,7
808f7ddf5c000000,7
808f7ddf64000000,8
808f7ddf6c000000,8
808f7ddf74000000,9
808f7ddf7c000000,9
808f7ddf84000000,9
808f7ddf8c000000,9
808f7ddf94000000,10
808f7ddf9c000000,9
808f7ddfa4000000,10
808f7ddfac000000,10
808f7ddfb4000000,13
808f7ddfbc000000,11
808f7ddfc4000000,11
808f7ddfcc000000,13
808f7ddfd4000000,13
808f7ddfdc000000,11
808f7ddfe4000000,12
808f7ddfec000000,10
808f7ddff4000000,11
808f7ddffc000000,14
808f7de004000000,15
808f7de00c000000,13
808f7de014000000,17
808f7de01c000000,16
808f7de024000000,17
808f7de02c000000,17
808f7de034000000,16
808f7de03c000000,17
808f7de044000000,16
808f7de04c000000,16
808f7de054000000,15
808f7de05c000000,15
808f7de064000000,16
808f7de06c000000,15
808f7de074000000,13
808f7de07c000000,14
808f7de084000000,13
808f7de08c000000,14
808f7de094000000,12
808f7de09c000000,11
808f7de0a4000000,11
808f7de0ac000000,9
808f7de0b4000000,9
808f7de0bc000000,11
808f7de0c4000000,14
808f7de0cc000000,12
808f7de0d4000000,12
808f7de0dc000000,13
808f7de0e4000000,16
808f7de0ec000000,13
808f7de0f4000000,15
808f7de0fc000000,16
808f7de104000000,16
808f7de10c000000,16
808f7de114000000,16
808f7de11c000000,16
808f7de124000000,15
808f7de12c000000,14
808f7de134000000,15
808f7de13c000000,15
808f7de144000000,16
808f7de14c000000,15
808f7de154000000,17
808f7de15c000000,17
808f7de164000000,17
808f7de16c000000,17
808f7de174000000,17
808f7de17c000000,17
808f7de184000000,17
808f7de18c000000,17
808f7de194000000,17
808f7de19c000000,17
808f7de1a4000000,17
808f7de1ac000000,16
808f7de1b4000000,16
808f7de1bc000000,17
808f7de1c4000000,16
808f7de1cc000000,16
808f7de1d4000000,16
808f7de1dc000000,17
808f7de1e4000000,15
808f7de1ec000000,16
808f7de1f4000000,16
808f7de1fc000000,16
808f7de204000000,18
808f7de20c000000,19
808f7de214000000,18
808f7de21c000000,17
808f7de224000000,17
808f7de22c000000,17
808f7de234000000,17
808f7de23c000000,18
808f7de244000000,19
808f7de24c000000,18
808f7de254000000,19
808f7de25c000000,21
808f7de264000000,22
808f7de26c000000,20
808f7de274000000,19
808f7de27c000000,20
808f7de284000000,21
808f7de28c000000,22
808f7de294000000,22
808f7de29c000000,22
808f7de2a4000000,24
808f7de2ac000000,25
808f7de2b4000000,23
808f7de2bc000000,23
808f7de2c4000000,21
808f7de2cc000000,23
808f7de2d4000000,24
808f7de2dc000000,21
808f7de2e4000000,20
808f7de2ec000000,21
808f7de2f4000000,21
808f7de2fc000000,21
808f7de304000000,18
808f7de30c000000,19
808f7de314000000,20
808f7de31c000000,20
808f7de324000000,21
808f7de32c000000,23
808f7de334000000,23
808f7de33c000000,21
808f7de344000000,18
808f7de34c000000,20
808f7de354000000,20
808f7de35c000000,18
808f7de364000000,17
808f7de36c000000,19
808f7de374000000,19
808f7de37c000000,18
808f7de384000000,18
808f7de38c000000,18
808f7de394000000,19
808f7de39c000000,18
808f7de3a4000000,18
808f7de3ac000000,18
808f7de3b4000000,17
808f7de3bc000000,19
808f7de3c4000000,19
808f7de3cc000000,17
808f7de3d4000000,17
808f7de3dc000000,17
808f7de3e4000000,19
808f7de3ec000000,19
808f7de3f4000000,19
808f7de3fc000000,17
808f7de404000000,16
808f7de40c000000,16
808f7de414000000,14
808f7de41c000000,14
808f7de424000000,12
808f7de42c000000,12
808f7de434000000,12
808f7de43c000000,12
808f7de444000000,12
808f7de44c000000,12
808f7de454000000,13
808f7de45c000000,14
808f7de464000000,16
808f7de46c000000,14
808f7de474000000,17
808f7de47c000000,16
808f7de484000000,16
808f7de48c000000,16
808f7de494000000,16
808f7de49c000000,17
808f7de4a4000000,19
808f7de4ac000000,20
808f7de4b4000000,19
808f7de4bc000000,16
808f7de4c4000000,16
808f7de4cc000000,16
808f7de4d4000000,16
808f7de4dc000000,15
808f7de4e4000000,14
808f7de4ec000000,16
808f7de4f4000000,14
808f7de4fc000000,13
808f7de504000000,13
808f7de50c000000,13
808f7de514000000,13
808f7de51c000000,13
808f7de524000000,13
808f7de52c000000,15
808f7de534000000,14
808f7de53c000000,13
808f7de544000000,13
808f7de54c000000,13
808f7de554000000,13
808f7de55c000000,13
808f7de564000000,13
808f7de56c000000,13
808f7de574000000,13
808f7de57c000000,12
808f7de584000000,11
808f7de58c000000,10
808f7de594000000,11
808f7de59c000000,11
808f7de5a4000000,13
808f7de5ac000000,13
808f7de5b4000000,12
808f7de5bc000000,12
808f7de5c4000000,12
808f7de5cc000000,12
808f7de5d4000000,12
808f7de5dc000000,10
808f7de5e4000000,9
808f7de5ec000000,10
808f7de5f4000000,9
808f7de5fc000000,9
808f7de604000000,8
808f7de60c000000,9
808f7de614000000,8
808f7de61c000000,8
808f7de624000000,8
808f7de62c000000,9
808f7de634000000,8
808f7de63c000000,8
808f7de644000000,8
808f7de64c000000,8
808f7de654000000,8
808f7de65c000000,8
808f7de664000000,10
808f7de66c000000,9
808f7de674000000,9
808f7de67c000000,11
808f7de684000000,12
808f7de68c000000,12
808f7de694000000,12
808f7de69c000000,12
808f7de6a4000000,13
808f7de6ac000000,16
808f7de6b4000000,15
808f7de6bc000000,13
808f7de6c4000000,12
808f7de6cc000000,13
808f7de6d4000000,12
808f7de6dc000000,11
808f7de6e4000000,9
808f7de6ec000000,12
808f7de6f4000000,11
808f7de6fc000000,9
808f7de704000000,8
808f7de70c000000,8
808f7de714000000,9
808f7de71c000000,10
808f7de724000000,10
808f7de72c000000,11
808f7de734000000,10
808f7de73c000000,9
808f7de744000000,9
808f7de74c000000,9
808f7de754000000,9
808f7de75c000000,9
808f7de764000000,7
808f7de76c000000,9
808f7de774000000,7
808f7de77c000000,8
808f7de784000000,8
808f7de78c000000,7
808f7de794000000,8
808f7de79c000000,8
808f7de7a4000000,8
808f7de7ac000000,8
808f7de7b4000000,9
808f7de7bc000000,8
808f7de7c4000000,8
808f7de7cc000000,9
808f7de7d4000000,8
808f7de7dc000000,8
808f7de7e4000000,8
808f7de7ec000000,8
808f7de7f4000000,7
808f7de7fc000000,7
808f7de804000000,6
808f7de80c000000,8
808f7de814000000,7
808f7de81c000000,6
808f7de824000000,4
808f7de82c000000,3
808f7de834000000,5
808f7de83c000000,6
808f7de844000000,6
808f7de84c000000,6
808f7de854000000,6
808f7de85c000000,8
808f7de864000000,8
808f7de86c000000,8
808f7de874000000,8
808f7de87c000000,8
808f7de884000000,8
808f7de88c000000,6
808f7de894000000,6
808f7de89c000000,7
808f7de8a4000000,8
808f7de8ac000000,8
808f7de8b4000000,8
808f7de8bc000000,7
808f7de8c4000000,6
808f7de8cc000000,7
808f7de8d4000000,6
808f7de8dc000000,6
808f7de8e4000000,6
808f7de8ec000000,6
808f7de8f4000000,6
808f7de8fc000000,7
808f7de904000000,7
808f7de90c000000,5
808f7de914000000,6
808f7de91c000000,6
808f7de924000000,6
808f7de92c000000,6
808f7de934000000,6
808f7de93c000000,6
808f7de944000000,6
808f7de94c000000,6
808f7de954000000,6
808f7de95c000000,6
808f7de964000000,5
808f7de96c000000,6
808f7de974000000,5
808f7de97c000000,5
808f7de984000000,5
808f7de98c000000,3
808f7de994000000,6
808f7de99c000000,6
808f7de9a4000000,6
808f7de9ac000000,6
808f7de9b4000000,6
808f7de9bc000000,6
808f7de9c4000000,5
808f7de9cc000000,5
808f7de9d4000000,3
808f7de9dc000000,3
808f7de9e4000000,2
808f7de9ec000000,4
808f7de9f4000000,3
808f7de9fc000000,2
808f7dea04000000,1
808f7dea14000000,1
808f7dea1c000000,2
808f7dea24000000,3
808f7dea2c000000,4
808f7dea34000000,3
808f7dea3c000000,3
808f7dea44000000,2
808f7dea4c000000,3
808f7dea54000000,1
808f7dea5c000000,1
808f7dea94000000,1
808f7dea9c000000,1
808f7deaa4000000,1
808f7deaac000000,1
808f7deab4000000,1
808f7deabc000000,1
808f7deac4000000,1
808f7deacc000000,1
808f7dead4000000,1
808f7deadc000000,1
808f7deae4000000,2
808f7deaec000000,1
808f7deaf4000000,1
808f7deafc000000,1
808f7deb04000000,1
808f7deb0c000000,3
808f7deb14000000,2
808f7deb1c000000,2
808f7deb24000000,2
808f7deb2c000000,1
808f7deb34000000,2
808f7deb3c000000,2
808f7deb44000000,3
808f7deb4c000000,2
808f7deb54000000,3
808f7deb5c000000,3
808f7deb64000000,3
808f7deb6c000000,3
808f7deb74000000,3
808f7deb7c000000,4
808f7deb84000000,4
808f7deb8c000000,4
808f7deb94000000,4
808f7deb9c000000,4
808f7deba4000000,4
808f7debac000000,3
808f7debb4000000,4
808f7debbc000000,4
808f7debc4000000,4
808f7debcc000000,4
808f7debd4000000,4
808f7debdc000000,5
808f7debe4000000,6
808f7debec000000,4
808f7debf4000000,5
808f7debfc000000,6
808f7dec04000000,6
808f7dec0c000000,5
808f7dec14000000,6
808f7dec1c000000,6
808f7dec24000000,6
808f7dec2c000000,6
808f7dec34000000,5
808f7dec3c000000,6
808f7dec44000000,6
808f7dec4c000000,5
808f7dec54000000,5
808f7dec5c000000,4
808f7dec64000000,5
808f7dec6c000000,5
808f7dec74000000,5
808f7dec7c000000,4
808f7dec84000000,4
808f7dec8c000000,3
808f7dec94000000,3
808f7dec9c000000,3
808f7deca4000000,3
808f7decac000000,4
808f7decb4000000,3
808f7decbc000000,3
808f7decc4000000,3
808f7deccc000000,3
808f7decd4000000,3
808f7decdc000000,4
808f7dece4000000,4
808f7decec000000,4
808f7decf4000000,4
808f7decfc000000,4
808f7ded04000000,5
808f7ded0c000000,5
808f7ded14000000,4
808f7ded1c000000,4
808f7ded24000000,4
808f7ded2c000000,4
808f7ded34000000,4
808f7ded3c000000,4
808f7ded44000000,5
808f7ded4c000000,4
808f7ded54000000,5
808f7ded5c000000,5
808f7ded64000000,6
808f7ded6c000000,6
808f7ded74000000,6
808f7ded7c000000,6
808f7ded84000000,6
808f7ded8c000000,6
808f7ded94000000,6
808f7ded9c000000,6
808f7deda4000000,5
808f7dedac000000,5
808f7dedb4000000,5
808f7dedbc000000,6
808f7dedc4000000,6
808f7dedcc000000,5
808f7dedd4000000,5
808f7deddc000000,6
808f7dede4000000,6
808f7dedec000000,6
808f7dedf4000000,6
808f7dedfc000000,7
808f7dee04000000,7
808f7dee0c000000,7
808f7dee14000000,7
808f7dee1c000000,8
808f7dee24000000,9
808f7dee2c000000,10
808f7dee34000000,9
808f7dee3c000000,8
808f7dee44000000,8
808f7dee4c000000,8
808f7dee54000000,7
808f7dee5c000000,7
808f7dee64000000,7
808f7dee6c000000,7
808f7dee74000000,7
808f7dee7c000000,6
808f7dee84000000,6
808f7dee8c000000,6
808f7dee94000000,6
808f7dee9c000000,6
808f7deea4000000,6
808f7deeac000000,6
808f7deeb4000000,6
808f7deebc000000,6
808f7deec4000000,6
808f7deecc000000,6
808f7deed4000000,6
808f7deedc000000,6
808f7deee4000000,7
808f7deeec000000,6
808f7deef4000000,7
808f7deefc000000,7
808f7def04000000,9
808f7def0c000000,9
808f7def14000000,9
808f7def1c000000,9
808f7def24000000,8
808f7def2c000000,7
808f7def34000000,8
808f7def3c000000,8
808f7def44000000,9
808f7def4c000000,8
808f7def54000000,9
808f7def5c000000,9
808f7def64000000,9
808f7def6c000000,9
808f7def74000000,9
808f7def7c000000,10
808f7def84000000,12
808f7def8c000000,13
808f7def94000000,12
808f7def9c000000,10
808f7defa4000000,9
808f7defac000000,8
808f7defb4000000,10
808f7defbc000000,10
808f7defc4000000,11
808f7defcc000000,10
808f7defd4000000,12
808f7defdc000000,13
808f7defe4000000,13
808f7defec000000,12
808f7deff4000000,13
808f7deffc000000,13
808f7df004000000,13
808f7df00c000000,15
808f7df014000000,15
808f7df01c000000,13
808f7df024000000,13
808f7df02c000000,13
808f7df034000000,13
808f7df03c000000,13
808f7df044000000,15
808f7df04c000000,13
808f7df054000000,14
808f7df05c000000,14
808f7df064000000,15
808f7df06c000000,15
808f7df074000000,15
808f7df07c000000,15
808f7df084000000,18
808f7df08c000000,14
808f7df094000000,15
808f7df09c000000,17
808f7df0a4000000,18
808f7df0ac000000,20
808f7df0b4000000,19
808f7df0bc000000,18
808f7df0c4000000,15
808f7df0cc000000,17
808f7df0d4000000,13
808f7df0dc000000,13
808f7df0e4000000,14
808f7df0ec000000,14
808f7df0f4000000,14
808f7df0fc000000,14
808f7df104000000,13
808f7df10c000000,11
808f7df114000000,11
808f7df11c000000,12
808f7df124000000,13
808f7df12c000000,11
808f7df134000000,10
808f7df13c000000,10
808f7df144000000,10
808f7df14c000000,10
808f7df154000000,10
808f7df15c000000,10
808f7df164000000,10
808f7df16c000000,10
808f7df174000000,10
808f7df17c000000,10
808f7df184000000,9
808f7df18c000000,9
808f7df194000000,10
808f7df19c000000,10
808f7df1a4000000,11
808f7df1ac000000,13
808f7df1b4000000,13
808f7df1bc000000,11
808f7df1c4000000,11
808f7df1cc000000,11
808f7df1d4000000,12
808f7df1dc000000,11
808f7df1e4000000,9
808f7df1ec000000,10
808f7df1f4000000,8
808f7df1fc000000,7
808f7df204000000,7
808f7df20c000000,7
808f7df214000000,7
808f7df21c000000,8
808f7df224000000,8
808f7df22c000000,9
808f7df234000000,8
808f7df23c000000,8
808f7df244000000,6
808f7df24c000000,8
808f7df254000000,6
808f7df25c000000,6
808f7df264000000,6
808f7df26c000000,7
808f7df274000000,6
808f7df27c000000,6
808f7df284000000,6
808f7df28c000000,6
808f7df294000000,5
808f7df29c000000,6
808f7df2a4000000,6
808f7df2ac000000,5
808f7df2b4000000,5
808f7df2bc000000,5
808f7df2c4000000,5
808f7df2cc000000,5
808f7df2d4000000,5
808f7df2dc000000,5
808f7df2e4000000,5
808f7df2ec000000,5
808f7df2f4000000,5
808f7df2fc000000,6
808f7df304000000,6
808f7df30c000000,7
808f7df314000000,6
808f7df31c000000,5
808f7df324000000,5
808f7df32c000000,5
808f7df334000000,5
808f7df33c000000,5
808f7df344000000,5
808f7df34c000000,5
808f7df354000000,5
808f7df35c000000,5
808f7df364000000,8
808f7df36c000000,7
808f7df374000000,8
808f7df37c000000,9
808f7df384000000,8
808f7df38c000000,9
808f7df394000000,9
808f7df39c000000,9
808f7df3a4000000,8
808f7df3ac000000,8
808f7df3b4000000,8
808f7df3bc000000,9
808f7df3c4000000,9
808f7df3cc000000,9
808f7df3d4000000,9
808f7df3dc000000,9
808f7df3e4000000,9
808f7df3ec000000,9
808f7df3f4000000,9
808f7df3fc000000,9
808f7df404000000,9
808f7df40c000000,9
808f7df414000000,9
808f7df41c000000,9
808f7df424000000,10
808f7df42c000000,10
808f7df434000000,10
808f7df43c000000,10
808f7df444000000,10
808f7df44c000000,9
808f7df454000000,9
808f7df45c000000,9
808f7df464000000,9
808f7df46c000000,9
808f7df474000000,9
808f7df47c000000,8
808f7df484000000,8
808f7df48c000000,9
808f7df494000000,8
808f7df49c000000,7
808f7df4a4000000,5
808f7df4ac000000,4
808f7df4b4000000,4
808f7df4bc000000,7
808f7df4c4000000,7
808f7df4cc000000,6
808f7df4d4000000,5
808f7df4dc000000,6
808f7df4e4000000,7
808f7df4ec000000,8
808f7df4f4000000,9
808f7df4fc000000,8
808f7df504000000,7
808f7df50c000000,8
808f7df514000000,7
808f7df51c000000,7
808f7df524000000,7
808f7df52c000000,6
808f7df534000000,6
808f7df53c000000,6
808f7df544000000,6
808f7df54c000000,6
808f7df554000000,6
808f7df55c000000,7
808f7df564000000,9
808f7df56c000000,7
808f7df574000000,9
808f7df57c000000,10
808f7df584000000,11
808f7df58c000000,11
808f7df594000000,9
808f7df59c000000,9
808f7df5a4000000,8
808f7df5ac000000,10
808f7df5b4000000,9
808f7df5bc000000,8
808f7df5c4000000,10
808f7df5cc000000,10
808f7df5d4000000,10
808f7df5dc000000,11
808f7df5e4000000,12
808f7df5ec000000,11
808f7df5f4000000,11
808f7df5fc000000,14
808f7df604000000,18
808f7df60c000000,14
808f7df614000000,16
808f7df61c000000,19
808f7df624000000,19
808f7df62c000000,20
808f7df634000000,17
808f7df63c000000,16
808f7df644000000,17
808f7df64c000000,17
808f7df654000000,16
808f7df65c000000,13
808f7df664000000,13
808f7df66c000000,13
808f7df674000000,12
808f7df67c000000,10
808f7df684000000,10
808f7df68c000000,10
808f7df694000000,10
808f7df69c000000,10
808f7df6a4000000,9
808f7df6ac000000,9
808f7df6b4000000,9
808f7df6bc000000,9
808f7df6c4000000,9
808f7df6cc000000,9
808f7df6d4000000,11
808f7df6dc000000,11
808f7df6e4000000,13
808f7df6ec000000,10
808f7df6f4000000,12
808f7df6fc000000,15
808f7df704000000,17
808f7df70c000000,22
808f7df714000000,17
808f7df71c000000,16
808f7df724000000,14
808f7df72c000000,14
808f7df734000000,18
808f7df73c000000,16
808f7df744000000,17
808f7df74c000000,18
808f7df754000000,18
808f7df75c000000,20
808f7df764000000,24
808f7df76c000000,21
808f7df774000000,22
808f7df77c000000,25
808f7df784000000,24
808f7df78c000000,24
808f7df794000000,24
808f7df79c000000,23
808f7df7a4000000,21
808f7df7ac000000,20
808f7df7b4000000,20
808f7df7bc000000,24
808f7df7c4000000,23
808f7df7cc000000,21
808f7df7d4000000,23
808f7df7dc000000,25
808f7df7e4000000,27
808f7df7ec000000,24
808f7df7f4000000,24
808f7df7fc000000,26
808f7df804000000,26
808f7df80c000000,26
808f7df814000000,25
808f7df81c000000,25
808f7df824000000,25
808f7df82c000000,25
808f7df834000000,25
808f7df83c000000,25
808f7df844000000,23
808f7df84c000000,26
808f7df854000000,27
808f7df85c000000,26
808f7df864000000,27
808f7df86c000000,25
808f7df874000000,26
808f7df87c000000,28
808f7df884000000,29
808f7df88c000000,28
808f7df894000000,30
808f7df89c000000,29
808f7df8a4000000,30
808f7df8ac000000,28
808f7df8b4000000,30
808f7df8bc000000,30
808f7df8c4000000,29
808f7df8cc000000,29
808f7df8d4000000,27
808f7df8dc000000,27
808f7df8e4000000,27
808f7df8ec000000,28
808f7df8f4000000,28
808f7df8fc000000,29
808f7df904000000,28
808f7df90c000000,28
808f7df914000000,29
808f7df91c000000,29
808f7df924000000,27
808f7df92c000000,27
808f7df934000000,26
808f7df93c000000,28
808f7df944000000,27
808f7df94c000000,27
808f7df954000000,27
808f7df95c000000,25
808f7df964000000,26
808f7df96c000000,27
808f7df974000000,27
808f7df97c000000,27
808f7df984000000,26
808f7df98c000000,22
808f7df994000000,24
808f7df99c000000,27
808f7df9a4000000,28
808f7df9ac000000,27
808f7df9b4000000,27
808f7df9bc000000,26
808f7df9c4000000,25
808f7df9cc000000,26
808f7df9d4000000,25
808f7df9dc000000,23
808f7df9e4000000,22
808f7df9ec000000,24
808f7df9f4000000,22
808f7df9fc000000,20
808f7dfa04000000,20
808f7dfa0c000000,19
808f7dfa14000000,20
808f7dfa1c000000,21
808f7dfa24000000,22
808f7dfa2c000000,26
808f7dfa34000000,22
808f7dfa3c000000,20
808f7dfa44000000,19
808f7dfa4c000000,20
808f7dfa54000000,18
808f7dfa5c000000,18
808f7dfa64000000,19
808f7dfa6c000000,20
808f7dfa74000000,18
808f7dfa7c000000,18
808f7dfa84000000,18
808f7dfa8c000000,19
808f7dfa94000000,18
808f7dfa9c000000,15
808f7dfaa4000000,15
808f7dfaac000000,14
808f7dfab4000000,14
808f7dfabc000000,16
808f7dfac4000000,15
808f7dfacc000000,15
808f7dfad4000000,16
808f7dfadc000000,17
808f7dfae4000000,18
808f7dfaec000000,18
808f7dfaf4000000,18
808f7dfafc000000,18
808f7dfb04000000,18
808f7dfb0c000000,23
808f7dfb14000000,21
808f7dfb1c000000,18
808f7dfb24000000,18
808f7dfb2c000000,16
808f7dfb34000000,18
808f7dfb3c000000,18
808f7dfb44000000,21
808f7dfb4c000000,21
808f7dfb54000000,22
808f7dfb5c000000,25
808f7dfb64000000,23
808f7dfb6c000000,23
808f7dfb74000000,24
808f7dfb7c000000,25
808f7dfb84000000,26
808f7dfb8c000000,24
808f7dfb94000000,26
808f7dfb9c000000,25
808f7dfba4000000,24
808f7dfbac000000,24
808f7dfbb4000000,24
808f7dfbbc000000,24
808f7dfbc4000000,26
808f7dfbcc000000,25
808f7dfbd4000000,28
808f7dfbdc000000,28
808f7dfbe4000000,27
808f7dfbec000000,26
808f7dfbf4000000,24
808f7dfbfc000000,24
808f7dfc04000000,25
808f7dfc0c000000,24
808f7dfc14000000,23
808f7dfc1c000000,24
808f7dfc24000000,24
808f7dfc2c000000,24
808f7dfc34000000,23
808f7dfc3c000000,24
808f7dfc44000000,24
808f7dfc4c000000,23
808f7dfc54000000,24
808f7dfc5c000000,25
808f7dfc64000000,23
808f7dfc6c000000,23
808f7dfc74000000,24
808f7dfc7c000000,24
808f7dfc84000000,24
808f7dfc8c000000,23
808f7dfc94000000,24
808f7dfc9c000000,23
808f7dfca4000000,23
808f7dfcac000000,23
808f7dfcb4000000,21
808f7dfcbc000000,23
808f7dfcc4000000,24
808f7dfccc000000,23
808f7dfcd4000000,23
808f7dfcdc000000,26
808f7dfce4000000,26
808f7dfcec000000,24
808f7dfcf4000000,24
808f7dfcfc000000,24
808f7dfd04000000,23
808f7dfd0c000000,23
808f7dfd14000000,25
808f7dfd1c000000,25
808f7dfd24000000,24
808f7dfd2c000000,22
808f7dfd34000000,23
808f7dfd3c000000,24
808f7dfd44000000,24
808f7dfd4c000000,24
808f7dfd54000000,24
808f7dfd5c000000,24
808f7dfd64000000,23
808f7dfd6c000000,23
808f7dfd74000000,23
808f7dfd7c000000,22
808f7dfd84000000,22
808f7dfd8c000000,23
808f7dfd94000000,23
808f7dfd9c000000,22
808f7dfda4000000,22
808f7dfdac000000,23
808f7dfdb4000000,24
808f7dfdbc000000,22
808f7dfdc4000000,24
808f7dfdcc000000,24
808f7dfdd4000000,25
808f7dfddc000000,24
808f7dfde4000000,23
808f7dfdec000000,24
808f7dfdf4000000,23
808f7dfdfc000000,23
808f7dfe04000000,23
808f7dfe0c000000,23
808f7dfe14000000,20
808f7dfe1c000000,20
808f7dfe24000000,22
808f7dfe2c000000,22
808f7dfe34000000,22
808f7dfe3c000000,22
808f7dfe44000000,22
808f7dfe4c000000,23
808f7dfe54000000,24
808f7dfe5c000000,24
808f7dfe64000000,25
808f7dfe6c000000,23
808f7dfe74000000,24
808f7dfe7c000000,26
808f7dfe84000000,24
808f7dfe8c000000,24
808f7dfe94000000,25
808f7dfe9c000000,24
808f7dfea4000000,24
808f7dfeac000000,26
808f7dfeb4000000,26
808f7dfebc000000,26
808f7dfec4000000,26
808f7dfecc000000,26
808f7dfed4000000,26
808f7dfedc000000,26
808f7dfee4000000,25
808f7dfeec000000,26
808f7dfef4000000,25
808f7dfefc000000,24
808f7dff04000000,25
808f7dff0c000000,21
808f7dff14000000,24
808f7dff1c000000,24
808f7dff24000000,25
808f7dff2c000000,26
808f7dff34000000,26
808f7dff3c000000,24
808f7dff44000000,26
808f7dff4c000000,29
808f7dff54000000,27
808f7dff5c000000,24
808f7dff64000000,24
808f7dff6c000000,23
808f7dff74000000,22
808f7dff7c000000,24
808f7dff84000000,23
808f7dff8c000000,23
808f7dff94000000,24
808f7dff9c000000,23
808f7dffa4000000,22
808f7dffac000000,22
808f7dffb4000000,23
808f7dffbc000000,23
808f7dffc4000000,22
808f7dffcc000000,24
808f7dffd4000000,23
808f7dffdc000000,23
808f7dffe4000000,22
808f7dffec000000,23
808f7dfff4000000,21
808f7dfffc000000,22
808f7e0004000000,23
808f7e000c000000,23
808f7e0014000000,23
808f7e001c000000,24
808f7e0024000000,21
808f7e002c000000,22
808f7e0034000000,23
808f7e003c000000,22
808f7e0044000000,23
808f7e004c000000,23
808f7e0054000000,22
808f7e005c000000,23
808f7e0064000000,23
808f7e006c000000,23
808f7e0074000000,24
808f7e007c000000,22
808f7e0084000000,22
808f7e008c000000,25
808f7e0094000000,24
808f7e009c000000,23
808f7e00a4000000,21
808f7e00ac000000,22
808f7e00b4000000,22
808f7e00bc000000,21
808f7e00c4000000,22
808f7e00cc000000,22
808f7e00d4000000,21
808f7e00dc000000,23
808f7e00e4000000,25
808f7e00ec000000,25
808f7e00f4000000,26
808f7e00fc000000,25
808f7e0104000000,21
808f7e010c000000,21
808f7e0114000000,21
808f7e011c000000,22
808f7e0124000000,22
808f7e012c000000,22
808f7e0134000000,23
808f7e013c000000,22
808f7e0144000000,19
808f7e014c000000,23
808f7e0154000000,19
808f7e015c000000,18
808f7e0164000000,19
808f7e016c000000,18
808f7e0174000000,19
808f7e017c000000,20
808f7e0184000000,21
808f7e018c000000,22
808f7e0194000000,24
808f7e019c000000,22
808f7e01a4000000,21
808f7e01ac000000,21
808f7e01b4000000,24
808f7e01bc000000,24
808f7e01c4000000,23
808f7e01cc000000,25
808f7e01d4000000,23
808f7e01dc000000,23
808f7e01e4000000,24
808f7e01ec000000,24
808f7e01f4000000,23
808f7e01fc000000,25
808f7e0204000000,23
808f7e020c000000,21
808f7e0214000000,20
808f7e021c000000,22
808f7e0224000000,19
808f7e022c000000,19
808f7e0234000000,19
808f7e023c000000,19
808f7e0244000000,20
808f7e024c000000,22
808f7e0254000000,23
808f7e025c000000,22
808f7e0264000000,23
808f7e026c000000,20
808f7e0274000000,20
808f7e027c000000,21
808f7e0284000000,20
808f7e028c000000,23
808f7e0294000000,22
808f7e029c000000,22
808f7e02a4000000,24
808f7e02ac000000,24
808f7e02b4000000,25
808f7e02bc000000,24
808f7e02c4000000,24
808f7e02cc000000,25
808f7e02d4000000,24
808f7e02dc000000,24
808f7e02e4000000,24
808f7e02ec000000,23
808f7e02f4000000,23
808f7e02fc000000,23
808f7e0304000000,21
808f7e030c000000,24
808f7e0314000000,24
808f7e031c000000,23
808f7e0324000000,24
808f7e032c000000,25
808f7e0334000000,25
808f7e033c000000,25
808f7e0344000000,25
808f7e034c000000,25
808f7e0354000000,27
808f7e035c000000,25
808f7e0364000000,24
808f7e036c000000,24
808f7e0374000000,26
808f7e037c000000,25
808f7e0384000000,27
808f7e038c000000,22
808f7e0394000000,23
808f7e039c000000,24
808f7e03a4000000,24
808f7e03ac000000,23
808f7e03b4000000,22
808f7e03bc000000,23
808f7e03c4000000,20
808f7e03cc000000,20
808f7e03d4000000,19
808f7e03dc000000,21
808f7e03e4000000,19
808f7e03ec000000,21
808f7e03f4000000,21
808f7e03fc000000,19
808f7e0404000000,21
808f7e040c000000,21
808f7e0414000000,22
808f7e041c000000,23
808f7e0424000000,23
808f7e042c000000,22
808f7e0434000000,22
808f7e043c000000,23
808f7e0444000000,24
808f7e044c000000,23
808f7e0454000000,26
808f7e045c000000,26
808f7e0464000000,25
808f7e046c000000,22
808f7e0474000000,21
808f7e047c000000,26
808f7e0484000000,27
808f7e048c000000,25
808f7e0494000000,26
808f7e049c000000,24
808f7e04a4000000,25
808f7e04ac000000,27
808f7e04b4000000,25
808f7e04bc000000,26
808f7e04c4000000,27
808f7e04cc000000,26
808f7e04d4000000,28
808f7e04dc000000,25
808f7e04e4000000,25
808f7e04ec000000,25
808f7e04f4000000,26
808f7e04fc000000,26
808f7e0504000000,27
808f7e050c000000,27
808f7e0514000000,26
808f7e051c000000,24
808f7e0524000000,27
808f7e052c000000,30
808f7e0534000000,27
808f7e053c000000,27
808f7e0544000000,26
808f7e054c000000,27
808f7e0554000000,28
808f7e055c000000,26
808f7e0564000000,26
808f7e056c000000,26
808f7e0574000000,28
808f7e057c000000,27
808f7e0584000000,28
808f7e058c000000,26
808f7e0594000000,24
808f7e059c000000,27
808f7e05a4000000,26
808f7e05ac000000,26
808f7e05b4000000,25
808f7e05bc000000,27
808f7e05c4000000,25
808f7e05cc000000,23
808f7e05d4000000,24
808f7e05dc000000,25
808f7e05e4000000,29
808f7e05ec000000,27
808f7e05f4000000,27
808f7e05fc000000,25
808f7e0604000000,25
808f7e060c000000,28
808f7e0614000000,24
808f7e061c000000,23
808f7e0624000000,22
808f7e062c000000,22
808f7e0634000000,25
808f7e063c000000,25
808f7e0644000000,24
808f7e064c000000,24
808f7e0654000000,25
808f7e065c000000,24
808f7e0664000000,22
808f7e066c000000,24
808f7e0674000000,23
808f7e067c000000,23
808f7e0684000000,22
808f7e068c000000,23
808f7e0694000000,22
808f7e069c000000,22
808f7e06a4000000,24
808f7e06ac000000,23
808f7e06b4000000,23
808f7e06bc000000,23
808f7e06c4000000,24
808f7e06cc000000,24
808f7e06d4000000,22
808f7e06dc000000,23
808f7e06e4000000,25
808f7e06ec000000,23
808f7e06f4000000,24
808f7e06fc000000,25
808f7e0704000000,24
808f7e070c000000,23
808f7e0714000000,23
808f7e071c000000,24
808f7e0724000000,22
808f7e072c000000,23
808f7e0734000000,22
808f7e073c000000,22
808f7e0744000000,23
808f7e074c000000,22
808f7e0754000000,23
808f7e075c000000,23
808f7e0764000000,23
808f7e076c000000,23
808f7e0774000000,23
808f7e077c000000,23
808f7e0784000000,22
808f7e078c000000,21
808f7e0794000000,20
808f7e079c000000,23
808f7e07a4000000,24
808f7e07ac000000,24
808f7e07b4000000,23
808f7e07bc000000,23
808f7e07c4000000,23
808f7e07cc000000,23
808f7e07d4000000,22
808f7e07dc000000,22
808f7e07e4000000,24
808f7e07ec000000,22
808f7e07f4000000,23
808f7e07fc000000,24
808f7e0804000000,25
808f7e080c000000,25
808f7e0814000000,25
808f7e081c000000,24
808f7e0824000000,22
808f7e082c000000,21
808f7e0834000000,21
808f7e083c000000,23
808f7e0844000000,24
808f7e084c000000,23
808f7e0854000000,23
808f7e085c000000,24
808f7e0864000000,24
808f7e086c000000,24
808f7e0874000000,24
808f7e087c000000,24
808f7e0884000000,22
808f7e088c000000,24
808f7e0894000000,22
808f7e089c000000,22
808f7e08a4000000,22
808f7e08ac000000,25
808f7e08b4000000,24
808f7e08bc000000,21
808f7e08c4000000,22
808f7e08cc000000,23
808f7e08d4000000,23
808f7e08dc000000,24
808f7e08e4000000,23
808f7e08ec000000,25
808f7e08f4000000,24
808f7e08fc000000,23
808f7e0904000000,22
808f7e090c000000,20
808f7e0914000000,23
808f7e091c000000,23
808f7e0924000000,23
808f7e092c000000,23
808f7e0934000000,22
808f7e093c000000,23
808f7e0944000000,22
808f7e094c000000,22
808f7e0954000000,20
808f7e095c000000,21
808f7e0964000000,20
808f7e096c000000,22
808f7e0974000000,19
808f7e097c000000,19
808f7e0984000000,19
808f7e098c000000,19
808f7e0994000000,20
808f7e099c000000,18
808f7e09a4000000,20
808f7e09ac000000,21
808f7e09b4000000,19
808f7e09bc000000,19
808f7e09c4000000,19
808f7e09cc000000,20
808f7e09d4000000,20
808f7e09dc000000,19
808f7e09e4000000,20
808f7e09ec000000,19
808f7e09f4000000,21
808f7e09fc000000,19
808f7e0a04000000,19
808f7e0a0c000000,16
808f7e0a14000000,16
808f7e0a1c000000,20
808f7e0a24000000,20
808f7e0a2c000000,20
808f7e0a34000000,18
808f7e0a3c000000,18
808f7e0a44000000,15
808f7e0a4c000000,16
808f7e0a54000000,14
808f7e0a5c000000,15
808f7e0a64000000,15
808f7e0a6c000000,15
808f7e0a74000000,16
808f7e0a7c000000,17
808f7e0a84000000,16
808f7e0a8c000000,15
808f7e0a94000000,15
808f7e0a9c000000,16
808f7e0aa4000000,16
808f7e0aac000000,15
808f7e0ab4000000,13
808f7e0abc000000,13
808f7e0ac4000000,12
808f7e0acc000000,13
808f7e0ad4000000,12
808f7e0adc000000,12
808f7e0ae4000000,13
808f7e0aec000000,13
808f7e0af4000000,13
808f7e0afc000000,13
808f7e0b04000000,13
808f7e0b0c000000,13
808f7e0b14000000,12
808f7e0b1c000000,12
808f7e0b24000000,12
808f7e0b2c000000,12
808f7e0b34000000,13
808f7e0b3c000000,12
808f7e0b44000000,12
808f7e0b4c000000,12
808f7e0b54000000,11
808f7e0b5c000000,12
808f7e0b64000000,12
808f7e0b6c000000,11
808f7e0b74000000,13
808f7e0b7c000000,14
808f7e0b84000000,15
808f7e0b8c000000,16
808f7e0b94000000,16
808f7e0b9c000000,14
808f7e0ba4000000,15
808f7e0bac000000,15
808f7e0bb4000000,16
808f7e0bbc000000,17
808f7e0bc4000000,16
808f7e0bcc000000,20
808f7e0bd4000000,18
808f7e0bdc000000,19
808f7e0be4000000,20
808f7e0bec000000,18
808f7e0bf4000000,18
808f7e0bfc000000,18
808f7e0c04000000,18
808f7e0c0c000000,17
808f7e0c14000000,18
808f7e0c1c000000,19
808f7e0c24000000,21
808f7e0c2c000000,20
808f7e0c34000000,20
808f7e0c3c000000,20
808f7e0c44000000,19
808f7e0c4c000000,19
808f7e0c54000000,19
808f7e0c5c000000,18
808f7e0c64000000,17
808f7e0c6c000000,18
808f7e0c74000000,17
808f7e0c7c000000,16
808f7e0c84000000,14
808f7e0c8c000000,15
808f7e0c94000000,12
808f7e0c9c000000,11
808f7e0ca4000000,10
808f7e0cac000000,11
808f7e0cb4000000,11
808f7e0cbc000000,11
808f7e0cc4000000,12
808f7e0ccc000000,12
808f7e0cd4000000,13
808f7e0cdc000000,13
808f7e0ce4000000,15
808f7e0cec000000,13
808f7e0cf4000000,13
808f7e0cfc000000,14
808f7e0d04000000,16
808f7e0d0c000000,16
808f7e0d14000000,17
808f7e0d1c000000,15
808f7e0d24000000,14
808f7e0d2c000000,14
808f7e0d34000000,17
808f7e0d3c000000,16
808f7e0d44000000,16
808f7e0d4c000000,17
808f7e0d54000000,16
808f7e0d5c000000,16
808f7e0d64000000,16
808f7e0d6c000000,17
808f7e0d74000000,17
808f7e0d7c000000,16
808f7e0d84000000,16
808f7e0d8c000000,16
808f7e0d94000000,17
808f7e0d9c000000,18
808f7e0da4000000,18
808f7e0dac000000,18
808f7e0db4000000,18
808f7e0dbc000000,19
808f7e0dc4000000,19
808f7e0dcc000000,18
808f7e0dd4000000,20
808f7e0ddc000000,19
808f7e0de4000000,18
808f7e0dec000000,17
808f7e0df4000000,16
808f7e0dfc000000,19
808f7e0e04000000,17
808f7e0e0c000000,19
808f7e0e14000000,21
808f7e0e1c000000,20
808f7e0e24000000,20
808f7e0e2c000000,20
808f7e0e34000000,23
808f7e0e3c000000,21
808f7e0e44000000,23
808f7e0e4c000000,23
808f7e0e54000000,25
808f7e0e5c000000,23
808f7e0e64000000,22
808f7e0e6c000000,22
808f7e0e74000000,20
808f7e0e7c000000,20
808f7e0e84000000,21
808f7e0e8c000000,22
808f7e0e94000000,22
808f7e0e9c000000,22
808f7e0ea4000000,22
808f7e0eac000000,21
808f7e0eb4000000,23
808f7e0ebc000000,24
808f7e0ec4000000,23
808f7e0ecc000000,24
808f7e0ed4000000,23
808f7e0edc000000,24
808f7e0ee4000000,24
808f7e0eec000000,22
808f7e0ef4000000,24
808f7e0efc000000,24
808f7e0f04000000,24
808f7e0f0c000000,27
808f7e0f14000000,26
808f7e0f1c000000,23
808f7e0f24000000,25
808f7e0f2c000000,24
808f7e0f34000000,24
808f7e0f3c000000,25
808f7e0f44000000,27
808f7e0f4c000000,25
808f7e0f54000000,26
808f7e0f5c000000,27
808f7e0f64000000,26
808f7e0f6c000000,28
808f7e0f74000000,27
808f7e0f7c000000,25
808f7e0f84000000,28
808f7e0f8c000000,28
808f7e0f94000000,26
808f7e0f9c000000,27
808f7e0fa4000000,27
808f7e0fac000000,26
808f7e0fb4000000,25
808f7e0fbc000000,25
808f7e0fc4000000,24
808f7e0fcc000000,23
808f7e0fd4000000,21
808f7e0fdc000000,22
808f7e0fe4000000,25
808f7e0fec000000,27
808f7e0ff4000000,27
808f7e0ffc000000,28
808f7e1004000000,22
808f7e100c000000,23
808f7e1014000000,24
808f7e101c000000,23
808f7e1024000000,22
808f7e102c000000,22
808f7e1034000000,21
808f7e103c000000,20
808f7e1044000000,24
808f7e104c000000,22
808f7e1054000000,22
808f7e105c000000,22
808f7e1064000000,23
808f7e106c000000,25
808f7e1074000000,22
808f7e107c000000,22
808f7e1084000000,23
808f7e108c000000,26
808f7e1094000000,24
808f7e109c000000,25
808f7e10a4000000,25
808f7e10ac000000,27
808f7e10b4000000,24
808f7e10bc000000,26
808f7e10c4000000,24
808f7e10cc000000,25
808f7e10d4000000,25
808f7e10dc000000,25
808f7e10e4000000,24
808f7e10ec000000,25
808f7e10f4000000,26
808f7e10fc000000,23
808f7e1104000000,23
808f7e110c000000,24
808f7e1114000000,22
808f7e111c000000,23
808f7e1124000000,25
808f7e112c000000,25
808f7e1134000000,26
808f7e113c000000,24
808f7e1144000000,22
808f7e114c000000,22
808f7e1154000000,22
808f7e115c000000,21
808f7e1164000000,19
808f7e116c000000,21
808f7e1174000000,21
808f7e117c000000,20
808f7e1184000000,20
808f7e118c000000,22
808f7e1194000000,20
808f7e119c000000,21
808f7e11a4000000,21
808f7e11ac000000,23
808f7e11b4000000,18
808f7e11bc000000,19
808f7e11c4000000,18
808f7e11cc000000,19
808f7e11d4000000,20
808f7e11dc000000,21
808f7e11e4000000,21
808f7e11ec000000,21
808f7e11f4000000,20
808f7e11fc000000,20
808f7e1204000000,18
808f7e120c000000,15
808f7e1214000000,17
808f7e121c000000,20
808f7e1224000000,22
808f7e122c000000,21
808f7e1234000000,21
808f7e123c000000,21
808f7e1244000000,19
808f7e124c000000,18
808f7e1254000000,18
808f7e125c000000,18
808f7e1264000000,17
808f7e126c000000,17
808f7e1274000000,16
808f7e127c000000,16
808f7e1284000000,16
808f7e128c000000,18
808f7e1294000000,17
808f7e129c000000,16
808f7e12a4000000,16
808f7e12ac000000,17
808f7e12b4000000,18
808f7e12bc000000,18
808f7e12c4000000,17
808f7e12cc000000,16
808f7e12d4000000,16
808f7e12dc000000,17
808f7e12e4000000,17
808f7e12ec000000,15
808f7e12f4000000,18
808f7e12fc000000,18
808f7e1304000000,16
808f7e130c000000,19
808f7e1314000000,16
808f7e131c000000,16
808f7e1324000000,17
808f7e132c000000,16
808f7e1334000000,16
808f7e133c000000,16
808f7e1344000000,18
808f7e134c000000,16
808f7e1354000000,17
808f7e135c000000,17
808f7e1364000000,18
808f7e136c000000,18
808f7e1374000000,19
808f7e137c000000,20
808f7e1384000000,19
808f7e138c000000,21
808f7e1394000000,20
808f7e139c000000,20
808f7e13a4000000,19
808f7e13ac000000,17
808f7e13b4000000,18
808f7e13bc000000,21
808f7e13c4000000,20
808f7e13cc000000,20
808f7e13d4000000,20
808f7e13dc000000,20
808f7e13e4000000,21
808f7e13ec000000,20
808f7e13f4000000,21
808f7e13fc000000,21
808f7e1404000000,22
808f7e140c000000,21
808f7e1414000000,22
808f7e141c000000,23
808f7e1424000000,21
808f7e142c000000,21
808f7e1434000000,23
808f7e143c000000,22
808f7e1444000000,20
808f7e144c000000,20
808f7e1454000000,20
808f7e145c000000,20
808f7e1464000000,20
808f7e146c000000,21
808f7e1474000000,21
808f7e147c000000,20
808f7e1484000000,18
808f7e148c000000,19
808f7e1494000000,18
808f7e149c000000,19
808f7e14a4000000,17
808f7e14ac000000,17
808f7e14b4000000,15
808f7e14bc000000,19
808f7e14c4000000,18
808f7e14cc000000,17
808f7e14d4000000,17
808f7e14dc000000,18
808f7e14e4000000,19
808f7e14ec000000,19
808f7e14f4000000,19
808f7e14fc000000,19
808f7e1504000000,19
808f7e150c000000,20
808f7e1514000000,19
808f7e151c000000,19
808f7e1524000000,18
808f7e152c000000,17
808f7e1534000000,19
808f7e153c000000,18
808f7e1544000000,17
808f7e154c000000,19
808f7e1554000000,18
808f7e155c000000,19
808f7e1564000000,18
808f7e156c000000,19
808f7e1574000000,20
808f7e157c000000,18
808f7e1584000000,19
808f7e158c000000,20
808f7e1594000000,21
808f7e159c000000,20
808f7e15a4000000,20
808f7e15ac000000,21
808f7e15b4000000,21
808f7e15bc000000,19
808f7e15c4000000,21
808f7e15cc000000,21
808f7e15d4000000,22
808f7e15dc000000,22
808f7e15e4000000,22
808f7e15ec000000,20
808f7e15f4000000,20
808f7e15fc000000,20
808f7e1604000000,21
808f7e160c000000,20
808f7e1614000000,20
808f7e161c000000,22
808f7e1624000000,21
808f7e162c000000,21
808f7e1634000000,20
808f7e163c000000,21
808f7e1644000000,21
808f7e164c000000,22
808f7e1654000000,22
808f7e165c000000,21
808f7e1664000000,20
808f7e166c000000,20
808f7e1674000000,21
808f7e167c000000,22
808f7e1684000000,22
808f7e168c000000,21
808f7e1694000000,24
808f7e169c000000,23
808f7e16a4000000,22
808f7e16ac000000,22
808f7e16b4000000,23
808f7e16bc000000,24
808f7e16c4000000,24
808f7e16cc000000,25
808f7e16d4000000,25
808f7e16dc000000,25
808f7e16e4000000,21
808f7e16ec000000,23
808f7e16f4000000,21
808f7e16fc000000,21
808f7e1704000000,22
808f7e170c000000,22
808f7e1714000000,21
808f7e171c000000,20
808f7e1724000000,22
808f7e172c000000,25
808f7e1734000000,22
808f7e173c000000,21
808f7e1744000000,22
808f7e174c000000,24
808f7e1754000000,25
808f7e175c000000,24
808f7e1764000000,25
808f7e176c000000,23
808f7e1774000000,24
808f7e177c000000,23
808f7e1784000000,21
808f7e178c000000,22
808f7e1794000000,21
808f7e179c000000,23
808f7e17a4000000,22
808f7e17ac000000,22
808f7e17b4000000,20
808f7e17bc000000,20
808f7e17c4000000,19
808f7e17cc000000,19
808f7e17d4000000,21
808f7e17dc000000,20
808f7e17e4000000,22
808f7e17ec000000,22
808f7e17f4000000,23
808f7e17fc000000,22
808f7e1804000000,22
808f7e180c000000,22
808f7e1814000000,23
808f7e181c000000,23
808f7e1824000000,23
808f7e182c000000,22
808f7e1834000000,22
808f7e183c000000,23
808f7e1844000000,23
808f7e184c000000,22
808f7e1854000000,24
808f7e185c000000,25
808f7e1864000000,24
808f7e186c000000,23
808f7e1874000000,20
808f7e187c000000,22
808f7e1884000000,23
808f7e188c000000,25
808f7e1894000000,25
808f7e189c000000,28
808f7e18a4000000,29
808f7e18ac000000,29
808f7e18b4000000,29
808f7e18bc000000,29
808f7e18c4000000,29
808f7e18cc000000,31
808f7e18d4000000,30
808f7e18dc000000,30
808f7e18e4000000,28
808f7e18ec000000,26
808f7e18f4000000,26
808f7e18fc000000,25
808f7e1904000000,25
808f7e190c000000,26
808f7e1914000000,27
808f7e191c000000,28
808f7e1924000000,30
808f7e192c000000,31
808f7e1934000000,32
808f7e193c000000,32
808f7e1944000000,30
808f7e194c000000,30
808f7e1954000000,31
808f7e195c000000,27
808f7e1964000000,28
808f7e196c000000,27
808f7e1974000000,26
808f7e197c000000,25
808f7e1984000000,23
808f7e198c000000,23
808f7e1994000000,22
808f7e199c000000,25
808f7e19a4000000,25
808f7e19ac000000,27
808f7e19b4000000,23
808f7e19bc000000,24
808f7e19c4000000,22
808f7e19cc000000,23
808f7e19d4000000,23
808f7e19dc000000,23
808f7e19e4000000,23
808f7e19ec000000,21
808f7e19f4000000,25
808f7e19fc000000,27
808f7e1a04000000,27
808f7e1a0c000000,26
808f7e1a14000000,26
808f7e1a1c000000,25
808f7e1a24000000,24
808f7e1a2c000000,24
808f7e1a34000000,24
808f7e1a3c000000,24
808f7e1a44000000,25
808f7e1a4c000000,24
808f7e1a54000000,25
808f7e1a5c000000,27
808f7e1a64000000,24
808f7e1a6c000000,24
808f7e1a74000000,24
808f7e1a7c000000,24
808f7e1a84000000,25
808f7e1a8c000000,25
808f7e1a94000000,24
808f7e1a9c000000,23
808f7e1aa4000000,24
808f7e1aac000000,27
808f7e1ab4000000,26
808f7e1abc000000,25
808f7e1ac4000000,26
808f7e1acc000000,27
808f7e1ad4000000,29
808f7e1adc000000,29
808f7e1ae4000000,26
808f7e1aec000000,26
808f7e1af4000000,27
808f7e1afc000000,26
808f7e1b04000000,26
808f7e1b0c000000,27
808f7e1b14000000,27
808f7e1b1c000000,26
808f7e1b24000000,29
808f7e1b2c000000,27
808f7e1b34000000,26
808f7e1b3c000000,30
808f7e1b44000000,31
808f7e1b4c000000,29
808f7e1b54000000,29
808f7e1b5c000000,28
808f7e1b64000000,27
808f7e1b6c000000,27
808f7e1b74000000,27
808f7e1b7c000000,28
808f7e1b84000000,28
808f7e1b8c000000,29
808f7e1b94000000,29
808f7e1b9c000000,28
808f7e1ba4000000,29
808f7e1bac000000,27
808f7e1bb4000000,26
808f7e1bbc000000,31
808f7e1bc4000000,30
808f7e1bcc000000,25
808f7e1bd4000000,26
808f7e1bdc000000,27
808f7e1be4000000,27
808f7e1bec000000,28
808f7e1bf4000000,26
808f7e1bfc000000,27
808f7e1c04000000,28
808f7e1c0c000000,28
808f7e1c14000000,31
808f7e1c1c000000,30
808f7e1c24000000,29
808f7e1c2c000000,30
808f7e1c34000000,29
808f7e1c3c000000,30
808f7e1c44000000,28
808f7e1c4c000000,29
808f7e1c54000000,27
808f7e1c5c000000,28
808f7e1c64000000,27
808f7e1c6c000000,27
808f7e1c74000000,29
808f7e1c7c000000,29
808f7e1c84000000,28
808f7e1c8c000000,27
808f7e1c94000000,27
808f7e1c9c000000,28
808f7e1ca4000000,28
808f7e1cac000000,27
808f7e1cb4000000,27
808f7e1cbc000000,28
808f7e1cc4000000,27
808f7e1ccc000000,25
808f7e1cd4000000,25
808f7e1cdc000000,27
808f7e1ce4000000,27
808f7e1cec000000,26
808f7e1cf4000000,28
808f7e1cfc000000,28
808f7e1d04000000,27
808f7e1d0c000000,26
808f7e1d14000000,26
808f7e1d1c000000,26
808f7e1d24000000,27
808f7e1d2c000000,27
808f7e1d34000000,25
808f7e1d3c000000,25
808f7e1d44000000,26
808f7e1d4c000000,25
808f7e1d54000000,24
808f7e1d5c000000,25
808f7e1d64000000,26
808f7e1d6c000000,26
808f7e1d74000000,24
808f7e1d7c000000,26
808f7e1d84000000,24
808f7e1d8c000000,28
808f7e1d94000000,28
808f7e1d9c000000,23
808f7e1da4000000,25
808f7e1dac000000,25
808f7e1db4000000,29
808f7e1dbc000000,29
808f7e1dc4000000,31
808f7e1dcc000000,30
808f7e1dd4000000,31
808f7e1ddc000000,32
808f7e1de4000000,30
808f7e1dec000000,29
808f7e1df4000000,28
808f7e1dfc000000,29
808f7e1e04000000,29
808f7e1e0c000000,29
808f7e1e14000000,27
808f7e1e1c000000,30
808f7e1e24000000,27
808f7e1e2c000000,30
808f7e1e34000000,28
808f7e1e3c000000,27
808f7e1e44000000,28
808f7e1e4c000000,30
808f7e1e54000000,31
808f7e1e5c000000,29
808f7e1e64000000,31
808f7e1e6c000000,28
808f7e1e74000000,30
808f7e1e7c000000,31
808f7e1e84000000,31
808f7e1e8c000000,32
808f7e1e94000000,33
808f7e1e9c000000,32
808f7e1ea4000000,31
808f7e1eac000000,30
808f7e1eb4000000,30
808f7e1ebc000000,31
808f7e1ec4000000,32
808f7e1ecc000000,31
808f7e1ed4000000,28
808f7e1edc000000,29
808f7e1ee4000000,31
808f7e1eec000000,30
808f7e1ef4000000,30
808f7e1efc000000,31
808f7e1f04000000,31
808f7e1f0c000000,32
808f7e1f14000000,31
808f7e1f1c000000,32
808f7e1f24000000,29
808f7e1f2c000000,29
808f7e1f34000000,29
808f7e1f3c000000,30
808f7e1f44000000,31
808f7e1f4c000000,32
808f7e1f54000000,31
808f7e1f5c000000,31
808f7e1f64000000,33
808f7e1f6c000000,32
808f7e1f74000000,32
808f7e1f7c000000,32
808f7e1f84000000,31
808f7e1f8c000000,29
808f7e1f94000000,32
808f7e1f9c000000,32
808f7e1fa4000000,32
808f7e1fac000000,31
808f7e1fb4000000,31
808f7e1fbc000000,31
808f7e1fc4000000,30
808f7e1fcc000000,30
808f7e1fd4000000,31
808f7e1fdc000000,30
808f7e1fe4000000,30
808f7e1fec000000,28
808f7e1ff4000000,29
808f7e1ffc000000,31
808f7e2004000000,28
808f7e200c000000,26
808f7e2014000000,30
808f7e201c000000,29
808f7e2024000000,30
808f7e202c000000,29
808f7e2034000000,30
808f7e203c000000,30
808f7e2044000000,30
808f7e204c000000,31
808f7e2054000000,29
808f7e205c000000,28
808f7e2064000000,23
808f7e206c000000,27
808f7e2074000000,24
808f7e207c000000,22
808f7e2084000000,22
808f7e208c000000,22
808f7e2094000000,21
808f7e209c000000,23
808f7e20a4000000,21
808f7e20ac000000,22
808f7e20b4000000,20
808f7e20bc000000,21
808f7e20c4000000,23
808f7e20cc000000,22
808f7e20d4000000,22
808f7e20dc000000,23
808f7e20e4000000,23
808f7e20ec000000,22
808f7e20f4000000,24
808f7e20fc000000,27
808f7e2104000000,29
808f7e210c000000,29
808f7e2114000000,29
808f7e211c000000,28
808f7e2124000000,23
808f7e212c000000,23
808f7e2134000000,26
808f7e213c000000,26
808f7e2144000000,28
808f7e214c000000,27
808f7e2154000000,25
808f7e215c000000,27
808f7e2164000000,26
808f7e216c000000,30
808f7e2174000000,27
808f7e217c000000,27
808f7e2184000000,27
808f7e218c000000,28
808f7e2194000000,29
808f7e219c000000,27
808f7e21a4000000,28
808f7e21ac000000,28
808f7e21b4000000,29
808f7e21bc000000,28
808f7e21c4000000,31
808f7e21cc000000,29
808f7e21d4000000,31
808f7e21dc000000,31
808f7e21e4000000,30
808f7e21ec000000,28
808f7e21f4000000,29
808f7e21fc000000,30
808f7e2204000000,29
808f7e220c000000,29
808f7e2214000000,29
808f7e221c000000,29
808f7e2224000000,29
808f7e222c000000,29
808f7e2234000000,29
808f7e223c000000,29
808f7e2244000000,26
808f7e224c000000,26
808f7e2254000000,26
808f7e225c000000,25
808f7e2264000000,26
808f7e226c000000,28
808f7e2274000000,27
808f7e227c000000,24
808f7e2284000000,22
808f7e228c000000,22
808f7e2294000000,20
808f7e229c000000,20
808f7e22a4000000,21
808f7e22ac000000,21
808f7e22b4000000,21
808f7e22bc000000,20
808f7e22c4000000,20
808f7e22cc000000,20
808f7e22d4000000,21
808f7e22dc000000,22
808f7e22e4000000,24
808f7e22ec000000,24
808f7e22f4000000,24
808f7e22fc000000,23
808f7e2304000000,24
808f7e230c000000,24
808f7e2314000000,25
808f7e231c000000,25
808f7e2324000000,24
808f7e232c000000,23
808f7e2334000000,23
808f7e233c000000,24
808f7e2344000000,24
808f7e234c000000,22
808f7e2354000000,23
808f7e235c000000,23
808f7e2364000000,24
808f7e236c000000,24
808f7e2374000000,25
808f7e237c000000,24
808f7e2384000000,25
808f7e238c000000,23
808f7e2394000000,26
808f7e239c000000,26
808f7e23a4000000,27
808f7e23ac000000,26
808f7e23b4000000,27
808f7e23bc000000,27
808f7e23c4000000,26
808f7e23cc000000,27
808f7e23d4000000,29
808f7e23dc000000,26
808f7e23e4000000,25
808f7e23ec000000,23
808f7e23f4000000,24
808f7e23fc000000,24
808f7e2404000000,25
808f7e240c000000,21
808f7e2414000000,23
808f7e241c000000,23
808f7e2424000000,21
808f7e242c000000,19
808f7e2434000000,21
808f7e243c000000,21
808f7e2444000000,22
808f7e244c000000,21
808f7e2454000000,19
808f7e245c000000,19
808f7e2464000000,19
808f7e246c000000,19
808f7e2474000000,19
808f7e247c000000,20
808f7e2484000000,21
808f7e248c000000,18
808f7e2494000000,19
808f7e249c000000,22
808f7e24a4000000,22
808f7e24ac000000,20
808f7e24b4000000,20
808f7e24bc000000,20
808f7e24c4000000,18
808f7e24cc000000,17
808f7e24d4000000,17
808f7e24dc000000,18
808f7e24e4000000,19
808f7e24ec000000,19
808f7e24f4000000,19
808f7e24fc000000,19
808f7e2504000000,17
808f7e250c000000,17
808f7e2514000000,15
808f7e251c000000,16
808f7e2524000000,16
808f7e252c000000,17
808f7e2534000000,14
808f7e253c000000,16
808f7e2544000000,15
808f7e254c000000,15
808f7e2554000000,16
808f7e255c000000,17
808f7e2564000000,17
808f7e256c000000,16
808f7e2574000000,17
808f7e257c000000,17
808f7e2584000000,16
808f7e258c000000,15
808f7e2594000000,17
808f7e259c000000,18
808f7e25a4000000,18
808f7e25ac000000,19
808f7e25b4000000,19
808f7e25bc000000,18
808f7e25c4000000,17
808f7e25cc000000,17
808f7e25d4000000,18
808f7e25dc000000,18
808f7e25e4000000,16
808f7e25ec000000,17
808f7e25f4000000,16
808f7e25fc000000,17
808f7e2604000000,17
808f7e260c000000,16
808f7e2614000000,18
808f7e261c000000,18
808f7e2624000000,17
808f7e262c000000,14
808f7e2634000000,16
808f7e263c000000,17
808f7e2644000000,17
808f7e264c000000,17
808f7e2654000000,15
808f7e265c000000,16
808f7e2664000000,18
808f7e266c000000,16
808f7e2674000000,17
808f7e267c000000,18
808f7e2684000000,20
808f7e268c000000,20
808f7e2694000000,21
808f7e269c000000,21
808f7e26a4000000,25
808f7e26ac000000,24
808f7e26b4000000,26
808f7e26bc000000,22
808f7e26c4000000,22
808f7e26cc000000,23
808f7e26d4000000,21
808f7e26dc000000,21
808f7e26e4000000,19
808f7e26ec000000,19
808f7e26f4000000,18
808f7e26fc000000,18
808f7e2704000000,16
808f7e270c000000,16
808f7e2714000000,17
808f7e271c000000,18
808f7e2724000000,21
808f7e272c000000,21
808f7e2734000000,21
808f7e273c000000,20
808f7e2744000000,19
808f7e274c000000,20
808f7e2754000000,20
808f7e275c000000,19
808f7e2764000000,18
808f7e276c000000,16
808f7e2774000000,15
808f7e277c000000,16
808f7e2784000000,17
808f7e278c000000,16
808f7e2794000000,15
808f7e279c000000,14
808f7e27a4000000,16
808f7e27ac000000,17
808f7e27b4000000,16
808f7e27bc000000,15
808f7e27c4000000,15
808f7e27cc000000,16
808f7e27d4000000,14
808f7e27dc000000,15
808f7e27e4000000,15
808f7e27ec000000,15
808f7e27f4000000,16
808f7e27fc000000,13
808f7e2804000000,13
808f7e280c000000,14
808f7e2814000000,12
808f7e281c000000,12
808f7e2824000000,12
808f7e282c000000,12
808f7e2834000000,12
808f7e283c000000,12
808f7e2844000000,11
808f7e284c000000,12
808f7e2854000000,11
808f7e285c000000,14
808f7e2864000000,15
808f7e286c000000,13
808f7e2874000000,14
808f7e287c000000,14
808f7e2884000000,15
808f7e288c000000,14
808f7e2894000000,14
808f7e289c000000,14
808f7e28a4000000,17
808f7e28ac000000,16
808f7e28b4000000,16
808f7e28bc000000,15
808f7e28c4000000,13
808f7e28cc000000,13
808f7e28d4000000,12
808f7e28dc000000,12
808f7e28e4000000,12
808f7e28ec000000,13
808f7e28f4000000,14
808f7e28fc000000,12
808f7e2904000000,11
808f7e290c000000,11
808f7e2914000000,11
808f7e291c000000,12
808f7e2924000000,11
808f7e292c000000,11
808f7e2934000000,11
808f7e293c000000,10
808f7e2944000000,9
808f7e294c000000,8
808f7e2954000000,7
808f7e295c000000,8
808f7e2964000000,9
808f7e296c000000,10
808f7e2974000000,10
808f7e297c000000,11
808f7e2984000000,11
808f7e298c000000,12
808f7e2994000000,11
808f7e299c000000,11
808f7e29a4000000,11
808f7e29ac000000,11
808f7e29b4000000,12
808f7e29bc000000,12
808f7e29c4000000,11
808f7e29cc000000,12
808f7e29d4000000,11
808f7e29dc000000,12
808f7e29e4000000,12
808f7e29ec000000,12
808f7e29f4000000,12
808f7e29fc000000,11
808f7e2a04000000,11
808f7e2a0c000000,12
808f7e2a14000000,10
808f7e2a1c000000,10
808f7e2a24000000,11
808f7e2a2c000000,10
808f7e2a34000000,11
808f7e2a3c000000,10
808f7e2a44000000,12
808f7e2a4c000000,10
808f7e2a54000000,11
808f7e2a5c000000,10
808f7e2a64000000,10
808f7e2a6c000000,11
808f7e2a74000000,11
808f7e2a7c000000,10
808f7e2a84000000,9
808f7e2a8c000000,10
808f7e2a94000000,10
808f7e2a9c000000,8
808f7e2aa4000000,9
808f7e2aac000000,7
808f7e2ab4000000,8
808f7e2abc000000,10
808f7e2ac4000000,10
808f7e2acc000000,9
808f7e2ad4000000,9
808f7e2adc000000,10
808f7e2ae4000000,11
808f7e2aec000000,10
808f7e2af4000000,10
808f7e2afc000000,12
808f7e2b04000000,10
808f7e2b0c000000,10
808f7e2b14000000,10
808f7e2b1c000000,11
808f7e2b24000000,11
808f7e2b2c000000,9
808f7e2b34000000,8
808f7e2b3c000000,9
808f7e2b44000000,9
808f7e2b4c000000,9
808f7e2b54000000,9
808f7e2b5c000000,9
808f7e2b64000000,9
808f7e2b6c000000,9
808f7e2b74000000,11
808f7e2b7c000000,7
808f7e2b84000000,7
808f7e2b8c000000,8
808f7e2b94000000,8
808f7e2b9c000000,9
808f7e2ba4000000,10
808f7e2bac000000,9
808f7e2bb4000000,8
808f7e2bbc000000,8
808f7e2bc4000000,8
808f7e2bcc000000,8
808f7e2bd4000000,12
808f7e2bdc000000,7
808f7e2be4000000,7
808f7e2bec000000,7
808f7e2bf4000000,6
808f7e2bfc000000,6
808f7e2c04000000,4
808f7e2c0c000000,5
808f7e2c14000000,5
808f7e2c1c000000,5
808f7e2c24000000,6
808f7e2c2c000000,6
808f7e2c34000000,5
808f7e2c3c000000,4
808f7e2c44000000,6
808f7e2c4c000000,5
808f7e2c54000000,5
808f7e2c5c000000,6
808f7e2c64000000,6
808f7e2c6c000000,6
808f7e2c74000000,6
808f7e2c7c000000,6
808f7e2c84000000,6
808f7e2c8c000000,6
808f7e2c94000000,6
808f7e2c9c000000,7
808f7e2ca4000000,9
808f7e2cac000000,10
808f7e2cb4000000,9
808f7e2cbc000000,7
808f7e2cc4000000,6
808f7e2ccc000000,8
808f7e2cd4000000,8
808f7e2cdc000000,6
808f7e2ce4000000,6
808f7e2cec000000,6
808f7e2cf4000000,6
808f7e2cfc000000,6
808f7e2d04000000,5
808f7e2d0c000000,6
808f7e2d14000000,6
808f7e2d1c000000,6
808f7e2d24000000,6
808f7e2d2c000000,8
808f7e2d34000000,6
808f7e2d3c000000,6
808f7e2d44000000,5
808f7e2d4c000000,5
808f7e2d54000000,6
808f7e2d5c000000,6
808f7e2d64000000,6
808f7e2d6c000000,5
808f7e2d74000000,5
808f7e2d7c000000,6
808f7e2d84000000,6
808f7e2d8c000000,7
808f7e2d94000000,6
808f7e2d9c000000,7
808f7e2da4000000,5
808f7e2dac000000,5
808f7e2db4000000,5
808f7e2dbc000000,6
808f7e2dc4000000,6
808f7e2dcc000000,6
808f7e2dd4000000,6
808f7e2ddc000000,8
808f7e2de4000000,8
808f7e2dec000000,7
808f7e2df4000000,7
808f7e2dfc000000,8
808f7e2e04000000,9
808f7e2e0c000000,9
808f7e2e14000000,10
808f7e2e1c000000,11
808f7e2e24000000,11
808f7e2e2c000000,13
808f7e2e34000000,13
808f7e2e3c000000,12
808f7e2e44000000,11
808f7e2e4c000000,12
808f7e2e54000000,12
808f7e2e5c000000,9
808f7e2e64000000,9
808f7e2e6c000000,10
808f7e2e74000000,8
808f7e2e7c000000,7
808f7e2e84000000,7
808f7e2e8c000000,8
808f7e2e94000000,8
808f7e2e9c000000,7
808f7e2ea4000000,7
808f7e2eac000000,7
808f7e2eb4000000,8
808f7e2ebc000000,8
808f7e2ec4000000,9
808f7e2ecc000000,10
808f7e2ed4000000,10
808f7e2edc000000,9
808f7e2ee4000000,9
808f7e2eec000000,9
808f7e2ef4000000,9
808f7e2efc000000,12
808f7e2f04000000,14
808f7e2f0c000000,15
808f7e2f14000000,14
808f7e2f1c000000,13
808f7e2f24000000,11
808f7e2f2c000000,12
808f7e2f34000000,13
808f7e2f3c000000,14
808f7e2f44000000,15
808f7e2f4c000000,16
808f7e2f54000000,16
808f7e2f5c000000,16
808f7e2f64000000,15
808f7e2f6c000000,15
808f7e2f74000000,16
808f7e2f7c000000,16
808f7e2f84000000,17
808f7e2f8c000000,17
808f7e2f94000000,16
808f7e2f9c000000,17
808f7e2fa4000000,14
808f7e2fac000000,14
808f7e2fb4000000,14
808f7e2fbc000000,15
808f7e2fc4000000,15
808f7e2fcc000000,14
808f7e2fd4000000,13
808f7e2fdc000000,15
808f7e2fe4000000,16
808f7e2fec000000,17
808f7e2ff4000000,17
808f7e2ffc000000,17
808f7e3004000000,16
808f7e300c000000,14
808f7e3014000000,14
808f7e301c000000,15
808f7e3024000000,13
808f7e302c000000,11
808f7e3034000000,11
808f7e303c000000,14
808f7e3044000000,12
808f7e304c000000,15
808f7e3054000000,12
808f7e305c000000,12
808f7e3064000000,11
808f7e306c000000,11
808f7e3074000000,12
808f7e307c000000,12
808f7e3084000000,12
808f7e308c000000,12
808f7e3094000000,12
808f7e309c000000,13
808f7e30a4000000,13
808f7e30ac000000,11
808f7e30b4000000,12
808f7e30bc000000,11
808f7e30c4000000,10
808f7e30cc000000,11
808f7e30d4000000,9
808f7e30dc000000,9
808f7e30e4000000,9
808f7e30ec000000,11
808f7e30f4000000,11
808f7e30fc000000,10
808f7e3104000000,9
808f7e310c000000,9
808f7e3114000000,8
808f7e311c000000,8
808f7e3124000000,8
808f7e312c000000,9
808f7e3134000000,8
808f7e313c000000,8
808f7e3144000000,8
808f7e314c000000,8
808f7e3154000000,9
808f7e315c000000,10
808f7e3164000000,10
808f7e316c000000,8
808f7e3174000000,10
808f7e317c000000,11
808f7e3184000000,11
808f7e318c000000,10
808f7e3194000000,13
808f7e319c000000,12
808f7e31a4000000,13
808f7e31ac000000,12
808f7e31b4000000,14
808f7e31bc000000,13
808f7e31c4000000,11
808f7e31cc000000,12
808f7e31d4000000,13
808f7e31dc000000,12
808f7e31e4000000,11
808f7e31ec000000,12
808f7e31f4000000,10
808f7e31fc000000,9
808f7e3204000000,9
808f7e320c000000,8
808f7e3214000000,8
808f7e321c000000,9
808f7e3224000000,9
808f7e322c000000,9
808f7e3234000000,9
808f7e323c000000,6
808f7e3244000000,6
808f7e324c000000,8
808f7e3254000000,7
808f7e325c000000,7
808f7e3264000000,6
808f7e326c000000,6
808f7e3274000000,8
808f7e327c000000,6
808f7e3284000000,6
808f7e328c000000,6
808f7e3294000000,6
808f7e329c000000,6
808f7e32a4000000,6
808f7e32ac000000,6
808f7e32b4000000,5
808f7e32bc000000,6
808f7e32c4000000,5
808f7e32cc000000,5
808f7e32d4000000,5
808f7e32dc000000,5
808f7e32e4000000,5
808f7e32ec000000,6
808f7e32f4000000,6
808f7e32fc000000,6
808f7e3304000000,6
808f7e330c000000,10
808f7e3314000000,7
808f7e331c000000,5
808f7e3324000000,5
808f7e332c000000,5
808f7e3334000000,6
808f7e333c000000,7
808f7e3344000000,9
808f7e334c000000,8
808f7e3354000000,9
808f7e335c000000,9
808f7e3364000000,11
808f7e336c000000,11
808f7e3374000000,11
808f7e337c000000,11
808f7e3384000000,10
808f7e338c000000,10
808f7e3394000000,9
808f7e339c000000,10
808f7e33a4000000,10
808f7e33ac000000,9
808f7e33b4000000,9
808f7e33bc000000,10
808f7e33c4000000,10
808f7e33cc000000,10
808f7e33d4000000,10
808f7e33dc000000,10
808f7e33e4000000,10
808f7e33ec000000,10
808f7e33f4000000,10
808f7e33fc000000,10
808f7e3404000000,11
808f7e340c000000,11
808f7e3414000000,11
808f7e341c000000,11
808f7e3424000000,11
808f7e342c000000,12
808f7e3434000000,11
808f7e343c000000,11
808f7e3444000000,11
808f7e344c000000,10
808f7e3454000000,11
808f7e345c000000,11
808f7e3464000000,11
808f7e346c000000,11
808f7e3474000000,11
808f7e347c000000,11
808f7e3484000000,10
808f7e348c000000,11
808f7e3494000000,12
808f7e349c000000,11
808f7e34a4000000,9
808f7e34ac000000,9
808f7e34b4000000,10
808f7e34bc000000,10
808f7e34c4000000,11
808f7e34cc000000,10
808f7e34d4000000,10
808f7e34dc000000,11
808f7e34e4000000,11
808f7e34ec000000,11
808f7e34f4000000,11
808f7e34fc000000,11
808f7e3504000000,10
808f7e350c000000,10
808f7e3514000000,10
808f7e351c000000,11
808f7e3524000000,10
808f7e352c000000,10
808f7e3534000000,9
808f7e353c000000,9
808f7e3544000000,10
808f7e354c000000,9
808f7e3554000000,9
808f7e355c000000,11
808f7e3564000000,12
808f7e356c000000,10
808f7e3574000000,10
808f7e357c000000,12
808f7e3584000000,12
808f7e358c000000,11
808f7e3594000000,11
808f7e359c000000,10
808f7e35a4000000,10
808f7e35ac000000,10
808f7e35b4000000,10
808f7e35bc000000,10
808f7e35c4000000,11
808f7e35cc000000,11
808f7e35d4000000,12
808f7e35dc000000,12
808f7e35e4000000,9
808f7e35ec000000,10
808f7e35f4000000,10
808f7e35fc000000,9
808f7e3604000000,10
808f7e360c000000,9
808f7e3614000000,10
808f7e361c000000,11
808f7e3624000000,11
808f7e362c000000,11
808f7e3634000000,11
808f7e363c000000,10
808f7e3644000000,11
808f7e364c000000,12
808f7e3654000000,12
808f7e365c000000,11
808f7e3664000000,11
808f7e366c000000,10
808f7e3674000000,10
808f7e367c000000,12
808f7e3684000000,11
808f7e368c000000,11
808f7e3694000000,11
808f7e369c000000,12
808f7e36a4000000,11
808f7e36ac000000,10
808f7e36b4000000,9
808f7e36bc000000,10
808f7e36c4000000,10
808f7e36cc000000,10
808f7e36d4000000,9
808f7e36dc000000,11
808f7e36e4000000,12
808f7e36ec000000,11
808f7e36f4000000,11
808f7e36fc000000,11
808f7e3704000000,12
808f7e370c000000,12
808f7e3714000000,12
808f7e371c000000,11
808f7e3724000000,12
808f7e372c000000,10
808f7e3734000000,11
808f7e373c000000,11
808f7e3744000000,11
808f7e374c000000,11
808f7e3754000000,12
808f7e375c000000,11
808f7e3764000000,11
808f7e376c000000,11
808f7e3774000000,12
808f7e377c000000,11
808f7e3784000000,12
808f7e378c000000,15
808f7e3794000000,13
808f7e379c000000,12
808f7e37a4000000,12
808f7e37ac000000,12
808f7e37b4000000,12
808f7e37bc000000,12
808f7e37c4000000,14
808f7e37cc000000,11
808f7e37d4000000,13
808f7e37dc000000,15
808f7e37e4000000,15
808f7e37ec000000,15
808f7e37f4000000,15
808f7e37fc000000,15
808f7e3804000000,13
808f7e380c000000,14
808f7e3814000000,13
808f7e381c000000,13
808f7e3824000000,15
808f7e382c000000,15
808f7e3834000000,14
808f7e383c000000,13
808f7e3844000000,15
808f7e384c000000,14
808f7e3854000000,14
808f7e385c000000,14
808f7e3864000000,15
808f7e386c000000,14
808f7e3874000000,15
808f7e387c000000,15
808f7e3884000000,16
808f7e388c000000,14
808f7e3894000000,16
808f7e389c000000,17
808f7e38a4000000,14
808f7e38ac000000,14
808f7e38b4000000,14
808f7e38bc000000,15
808f7e38c4000000,17
808f7e38cc000000,16
808f7e38d4000000,18
808f7e38dc000000,16
808f7e38e4000000,15
808f7e38ec000000,16
808f7e38f4000000,15
808f7e38fc000000,13
808f7e3904000000,13
808f7e390c000000,14
808f7e3914000000,16
808f7e391c000000,14
808f7e3924000000,15
808f7e392c000000,18
808f7e3934000000,18
808f7e393c000000,17
808f7e3944000000,18
808f7e394c000000,19
808f7e3954000000,19
808f7e395c000000,18
808f7e3964000000,15
808f7e396c000000,16
808f7e3974000000,14
808f7e397c000000,13
808f7e3984000000,13
808f7e398c000000,15
808f7e3994000000,15
808f7e399c000000,13
808f7e39a4000000,13
808f7e39ac000000,12
808f7e39b4000000,13
808f7e39bc000000,12
808f7e39c4000000,11
808f7e39cc000000,14
808f7e39d4000000,11
808f7e39dc000000,11
808f7e39e4000000,11
808f7e39ec000000,12
808f7e39f4000000,13
808f7e39fc000000,12
808f7e3a04000000,12
808f7e3a0c000000,12
808f7e3a14000000,14
808f7e3a1c000000,14
808f7e3a24000000,15
808f7e3a2c000000,14
808f7e3a34000000,14
808f7e3a3c000000,14
808f7e3a44000000,15
808f7e3a4c000000,16
808f7e3a54000000,15
808f7e3a5c000000,15
808f7e3a64000000,15
808f7e3a6c000000,15
808f7e3a74000000,14
808f7e3a7c000000,14
808f7e3a84000000,12
808f7e3a8c000000,15
808f7e3a94000000,16
808f7e3a9c000000,13
808f7e3aa4000000,14
808f7e3aac000000,16
808f7e3ab4000000,13
808f7e3abc000000,13
808f7e3ac4000000,16
808f7e3acc000000,16
808f7e3ad4000000,16
808f7e3adc000000,16
808f7e3ae4000000,14
808f7e3aec000000,14
808f7e3af4000000,14
808f7e3afc000000,14
808f7e3b04000000,16
808f7e3b0c000000,18
808f7e3b14000000,16
808f7e3b1c000000,16
808f7e3b24000000,17
808f7e3b2c000000,17
808f7e3b34000000,19
808f7e3b3c000000,16
808f7e3b44000000,19
808f7e3b4c000000,19
808f7e3b54000000,20
808f7e3b5c000000,18
808f7e3b64000000,18
808f7e3b6c000000,17
808f7e3b74000000,19
808f7e3b7c000000,19
808f7e3b84000000,20
808f7e3b8c000000,19
808f7e3b94000000,17
808f7e3b9c000000,18
808f7e3ba4000000,18
808f7e3bac000000,16
808f7e3bb4000000,16
808f7e3bbc000000,17
808f7e3bc4000000,16
808f7e3bcc000000,15
808f7e3bd4000000,13
808f7e3bdc000000,15
808f7e3be4000000,18
808f7e3bec000000,17
808f7e3bf4000000,20
808f7e3bfc000000,18
808f7e3c04000000,19
808f7e3c0c000000,19
808f7e3c14000000,22
808f7e3c1c000000,21
808f7e3c24000000,20
808f7e3c2c000000,19
808f7e3c34000000,19
808f7e3c3c000000,22
808f7e3c44000000,23
808f7e3c4c000000,22
808f7e3c54000000,22
808f7e3c5c000000,24
808f7e3c64000000,22
808f7e3c6c000000,21
808f7e3c74000000,21
808f7e3c7c000000,20
808f7e3c84000000,20
808f7e3c8c000000,21
808f7e3c94000000,20
808f7e3c9c000000,19
808f7e3ca4000000,20
808f7e3cac000000,22
808f7e3cb4000000,22
808f7e3cbc000000,21
808f7e3cc4000000,20
808f7e3ccc000000,24
808f7e3cd4000000,22
808f7e3cdc000000,21
808f7e3ce4000000,21
808f7e3cec000000,20
808f7e3cf4000000,23
808f7e3cfc000000,22
808f7e3d04000000,20
808f7e3d0c000000,20
808f7e3d14000000,19
808f7e3d1c000000,18
808f7e3d24000000,20
808f7e3d2c000000,22
808f7e3d34000000,20
808f7e3d3c000000,20
808f7e3d44000000,21
808f7e3d4c000000,21
808f7e3d54000000,21
808f7e3d5c000000,22
808f7e3d64000000,21
808f7e3d6c000000,22
808f7e3d74000000,20
808f7e3d7c000000,20
808f7e3d84000000,21
808f7e3d8c000000,21
808f7e3d94000000,21
808f7e3d9c000000,20
808f7e3da4000000,21
808f7e3dac000000,22
808f7e3db4000000,20
808f7e3dbc000000,20
808f7e3dc4000000,19
808f7e3dcc000000,20
808f7e3dd4000000,18
808f7e3ddc000000,20
808f7e3de4000000,20
808f7e3dec000000,20
808f7e3df4000000,21
808f7e3dfc000000,21
808f7e3e04000000,20
808f7e3e0c000000,21
808f7e3e14000000,21
808f7e3e1c000000,21
808f7e3e24000000,20
808f7e3e2c000000,19
808f7e3e34000000,19
808f7e3e3c000000,21
808f7e3e44000000,20
808f7e3e4c000000,19
808f7e3e54000000,19
808f7e3e5c000000,18
808f7e3e64000000,20
808f7e3e6c000000,21
808f7e3e74000000,21
808f7e3e7c000000,18
808f7e3e84000000,19
808f7e3e8c000000,20
808f7e3e94000000,20
808f7e3e9c000000,19
808f7e3ea4000000,20
808f7e3eac000000,20
808f7e3eb4000000,19
808f7e3ebc000000,19
808f7e3ec4000000,21
808f7e3ecc000000,18
808f7e3ed4000000,18
808f7e3edc000000,17
808f7e3ee4000000,19
808f7e3eec000000,21
808f7e3ef4000000,20
808f7e3efc000000,18
808f7e3f04000000,17
808f7e3f0c000000,17
808f7e3f14000000,17
808f7e3f1c000000,18
808f7e3f24000000,18
808f7e3f2c000000,18
808f7e3f34000000,17
808f7e3f3c000000,16
808f7e3f44000000,15
808f7e3f4c000000,14
808f7e3f54000000,16
808f7e3f5c000000,15
808f7e3f64000000,16
808f7e3f6c000000,16
808f7e3f74000000,16
808f7e3f7c000000,16
808f7e3f84000000,18
808f7e3f8c000000,19
808f7e3f94000000,19
808f7e3f9c000000,16
808f7e3fa4000000,18
808f7e3fac000000,17
808f7e3fb4000000,19
808f7e3fbc000000,19
808f7e3fc4000000,19
808f7e3fcc000000,19
808f7e3fd4000000,19
808f7e3fdc000000,19
808f7e3fe4000000,20
808f7e3fec000000,20
808f7e3ff4000000,20
808f7e3ffc000000,19
808f7e4004000000,19
808f7e400c000000,18
808f7e4014000000,16
808f7e401c000000,17
808f7e4024000000,17
808f7e402c000000,16
808f7e4034000000,16
808f7e403c000000,16
808f7e4044000000,16
808f7e404c000000,15
808f7e4054000000,15
808f7e405c000000,16
808f7e4064000000,17
808f7e406c000000,17
808f7e4074000000,18
808f7e407c000000,18
808f7e4084000000,17
808f7e408c000000,14
808f7e4094000000,16
808f7e409c000000,16
808f7e40a4000000,15
808f7e40ac000000,16
808f7e40b4000000,16
808f7e40bc000000,15
808f7e40c4000000,14
808f7e40cc000000,15
808f7e40d4000000,13
808f7e40dc000000,14
808f7e40e4000000,15
808f7e40ec000000,14
808f7e40f4000000,15
808f7e40fc000000,14
808f7e4104000000,12
808f7e410c000000,13
808f7e4114000000,11
808f7e411c000000,12
808f7e4124000000,12
808f7e412c000000,13
808f7e4134000000,12
808f7e413c000000,12
808f7e4144000000,10
808f7e414c000000,11
808f7e4154000000,12
808f7e415c000000,11
808f7e4164000000,11
808f7e416c000000,11
808f7e4174000000,11
808f7e417c000000,11
808f7e4184000000,12
808f7e418c000000,12
808f7e4194000000,15
808f7e419c000000,12
808f7e41a4000000,15
808f7e41ac000000,13
808f7e41b4000000,17
808f7e41bc000000,16
808f7e41c4000000,17
808f7e41cc000000,17
808f7e41d4000000,17
808f7e41dc000000,17
808f7e41e4000000,17
808f7e41ec000000,16
808f7e41f4000000,14
808f7e41fc000000,15
808f7e4204000000,15
808f7e420c000000,13
808f7e4214000000,13
808f7e421c000000,13
808f7e4224000000,11
808f7e422c000000,12
808f7e4234000000,11
808f7e423c000000,11
808f7e4244000000,11
808f7e424c000000,11
808f7e4254000000,11
808f7e425c000000,12
808f7e4264000000,12
808f7e426c000000,13
808f7e4274000000,13
808f7e427c000000,13
808f7e4284000000,14
808f7e428c000000,13
808f7e4294000000,14
808f7e429c000000,13
808f7e42a4000000,14
808f7e42ac000000,13
808f7e42b4000000,13
808f7e42bc000000,14
808f7e42c4000000,11
808f7e42cc000000,10
808f7e42d4000000,9
808f7e42dc000000,8
808f7e42e4000000,9
808f7e42ec000000,11
808f7e42f4000000,12
808f7e42fc000000,9
808f7e4304000000,9
808f7e430c000000,8
808f7e4314000000,8
808f7e431c000000,8
808f7e4324000000,8
808f7e432c000000,8
808f7e4334000000,8
808f7e433c000000,8
808f7e4344000000,8
808f7e434c000000,8
808f7e4354000000,10
808f7e435c000000,10
808f7e4364000000,10
808f7e436c000000,8
808f7e4374000000,8
808f7e437c000000,10
808f7e4384000000,10
808f7e438c000000,13
808f7e4394000000,11
808f7e439c000000,9
808f7e43a4000000,10
808f7e43ac000000,10
808f7e43b4000000,10
808f7e43bc000000,11
808f7e43c4000000,11
808f7e43cc000000,11
808f7e43d4000000,12
808f7e43dc000000,11
808f7e43e4000000,11
808f7e43ec000000,10
808f7e43f4000000,12
808f7e43fc000000,12
808f7e4404000000,13
808f7e440c000000,13
808f7e4414000000,12
808f7e441c000000,13
808f7e4424000000,14
808f7e442c000000,14
808f7e4434000000,13
808f7e443c000000,13
808f7e4444000000,13
808f7e444c000000,13
808f7e4454000000,12
808f7e445c000000,13
808f7e4464000000,13
808f7e446c000000,12
808f7e4474000000,12
808f7e447c000000,12
808f7e4484000000,13
808f7e448c000000,13
808f7e4494000000,11
808f7e449c000000,12
808f7e44a4000000,10
808f7e44ac000000,10
808f7e44b4000000,10
808f7e44bc000000,11
808f7e44c4000000,10
808f7e44cc000000,10
808f7e44d4000000,10
808f7e44dc000000,10
808f7e44e4000000,12
808f7e44ec000000,12
808f7e44f4000000,12
808f7e44fc000000,12
808f7e4504000000,12
808f7e450c000000,12
808f7e4514000000,12
808f7e451c000000,13
808f7e4524000000,11
808f7e452c000000,10
808f7e4534000000,9
808f7e453c000000,11
808f7e4544000000,11
808f7e454c000000,11
808f7e4554000000,11
808f7e455c000000,11
808f7e4564000000,12
808f7e456c000000,12
808f7e4574000000,12
808f7e457c000000,11
808f7e4584000000,12
808f7e458c000000,12
808f7e4594000000,11
808f7e459c000000,11
808f7e45a4000000,12
808f7e45ac000000,12
808f7e45b4000000,12
808f7e45bc000000,11
808f7e45c4000000,12
808f7e45cc000000,13
808f7e45d4000000,13
808f7e45dc000000,12
808f7e45e4000000,12
808f7e45ec000000,13
808f7e45f4000000,12
808f7e45fc000000,11
808f7e4604000000,11
808f7e460c000000,12
808f7e4614000000,13
808f7e461c000000,12
808f7e4624000000,13
808f7e462c000000,12
808f7e4634000000,14
808f7e463c000000,14
808f7e4644000000,14
808f7e464c000000,16
808f7e4654000000,15
808f7e465c000000,14
808f7e4664000000,14
808f7e466c000000,13
808f7e4674000000,12
808f7e467c000000,13
808f7e4684000000,11
808f7e468c000000,12
808f7e4694000000,13
808f7e469c000000,13
808f7e46a4000000,15
808f7e46ac000000,13
808f7e46b4000000,13
808f7e46bc000000,14
808f7e46c4000000,15
808f7e46cc000000,15
808f7e46d4000000,15
808f7e46dc000000,14
808f7e46e4000000,15
808f7e46ec000000,15
808f7e46f4000000,14
808f7e46fc000000,14
808f7e4704000000,15
808f7e470c000000,15
808f7e4714000000,15
808f7e471c000000,15
808f7e4724000000,14
808f7e472c000000,15
808f7e4734000000,15
808f7e473c000000,14
808f7e4744000000,15
808f7e474c000000,16
808f7e4754000000,15
808f7e475c000000,14
808f7e4764000000,15
808f7e476c000000,14
808f7e4774000000,15
808f7e477c000000,14
808f7e4784000000,15
808f7e478c000000,15
808f7e4794000000,14
808f7e479c000000,14
808f7e47a4000000,15
808f7e47ac000000,16
808f7e47b4000000,15
808f7e47bc000000,14
808f7e47c4000000,14
808f7e47cc000000,13
808f7e47d4000000,13
808f7e47dc000000,14
808f7e47e4000000,14
808f7e47ec000000,14
808f7e47f4000000,14
808f7e47fc000000,14
808f7e4804000000,15
808f7e480c000000,16
808f7e4814000000,14
808f7e481c000000,15
808f7e4824000000,14
808f7e482c000000,14
808f7e4834000000,14
808f7e483c000000,15
808f7e4844000000,14
808f7e484c000000,15
808f7e4854000000,12
808f7e485c000000,12
808f7e4864000000,13
808f7e486c000000,14
808f7e4874000000,14
808f7e487c000000,13
808f7e4884000000,13
808f7e488c000000,11
808f7e4894000000,12
808f7e489c000000,13
808f7e48a4000000,13
808f7e48ac000000,11
808f7e48b4000000,12
808f7e48bc000000,13
808f7e48c4000000,11
808f7e48cc000000,12
808f7e48d4000000,10
808f7e48dc000000,10
808f7e48e4000000,11
808f7e48ec000000,11
808f7e48f4000000,11
808f7e48fc000000,12
808f7e4904000000,11
808f7e490c000000,12
808f7e4914000000,11
808f7e491c000000,11
808f7e4924000000,10
808f7e492c000000,11
808f7e4934000000,11
808f7e493c000000,11
808f7e4944000000,12
808f7e494c000000,11
808f7e4954000000,10
808f7e495c000000,11
808f7e4964000000,11
808f7e496c000000,10
808f7e4974000000,11
808f7e497c000000,11
808f7e4984000000,9
808f7e498c000000,9
808f7e4994000000,10
808f7e499c000000,11
808f7e49a4000000,12
808f7e49ac000000,13
808f7e49b4000000,13
808f7e49bc000000,11
808f7e49c4000000,12
808f7e49cc000000,13
808f7e49d4000000,12
808f7e49dc000000,10
808f7e49e4000000,10
808f7e49ec000000,11
808f7e49f4000000,8
808f7e49fc000000,11
808f7e4a04000000,9
808f7e4a0c000000,9
808f7e4a14000000,9
808f7e4a1c000000,8
808f7e4a24000000,9
808f7e4a2c000000,9
808f7e4a34000000,9
808f7e4a3c000000,8
808f7e4a44000000,8
808f7e4a4c000000,10
808f7e4a54000000,10
808f7e4a5c000000,9
808f7e4a64000000,10
808f7e4a6c000000,9
808f7e4a74000000,10
808f7e4a7c000000,11
808f7e4a84000000,12
808f7e4a8c000000,11
808f7e4a94000000,14
808f7e4a9c000000,13
808f7e4aa4000000,11
808f7e4aac000000,9
808f7e4ab4000000,10
808f7e4abc000000,12
808f7e4ac4000000,12
808f7e4acc000000,11
808f7e4ad4000000,12
808f7e4adc000000,12
808f7e4ae4000000,11
808f7e4aec000000,12
808f7e4af4000000,10
808f7e4afc000000,8
808f7e4b04000000,9
808f7e4b0c000000,10
808f7e4b14000000,11
808f7e4b1c000000,12
808f7e4b24000000,11
808f7e4b2c000000,12
808f7e4b34000000,12
808f7e4b3c000000,11
808f7e4b44000000,11
808f7e4b4c000000,11
808f7e4b54000000,11
808f7e4b5c000000,10
808f7e4b64000000,9
808f7e4b6c000000,10
808f7e4b74000000,10
808f7e4b7c000000,9
808f7e4b84000000,9
808f7e4b8c000000,11
808f7e4b94000000,10
808f7e4b9c000000,10
808f7e4ba4000000,10
808f7e4bac000000,10
808f7e4bb4000000,10
808f7e4bbc000000,10
808f7e4bc4000000,10
808f7e4bcc000000,10
808f7e4bd4000000,9
808f7e4bdc000000,12
808f7e4be4000000,12
808f7e4bec000000,12
808f7e4bf4000000,12
808f7e4bfc000000,10
808f7e4c04000000,10
808f7e4c0c000000,10
808f7e4c14000000,9
808f7e4c1c000000,10
808f7e4c24000000,9
808f7e4c2c000000,9
808f7e4c34000000,7
808f7e4c3c000000,9
808f7e4c44000000,9
808f7e4c4c000000,7
808f7e4c54000000,7
808f7e4c5c000000,9
808f7e4c64000000,10
808f7e4c6c000000,9
808f7e4c74000000,11
808f7e4c7c000000,11
808f7e4c84000000,9
808f7e4c8c000000,10
808f7e4c94000000,9
808f7e4c9c000000,9
808f7e4ca4000000,10
808f7e4cac000000,10
808f7e4cb4000000,10
808f7e4cbc000000,10
808f7e4cc4000000,9
808f7e4ccc000000,10
808f7e4cd4000000,9
808f7e4cdc000000,10
808f7e4ce4000000,9
808f7e4cec000000,9
808f7e4cf4000000,9
808f7e4cfc000000,7
808f7e4d04000000,6
808f7e4d0c000000,6
808f7e4d14000000,6
808f7e4d1c000000,7
808f7e4d24000000,9
808f7e4d2c000000,10
808f7e4d34000000,9
808f7e4d3c000000,8
808f7e4d44000000,7
808f7e4d4c000000,8
808f7e4d54000000,8
808f7e4d5c000000,7
808f7e4d64000000,6
808f7e4d6c000000,6
808f7e4d74000000,6
808f7e4d7c000000,6
808f7e4d84000000,6
808f7e4d8c000000,7
808f7e4d94000000,7
808f7e4d9c000000,6
808f7e4da4000000,6
808f7e4dac000000,6
808f7e4db4000000,6
808f7e4dbc000000,7
808f7e4dc4000000,7
808f7e4dcc000000,8
808f7e4dd4000000,8
808f7e4ddc000000,8
808f7e4de4000000,7
808f7e4dec000000,7
808f7e4df4000000,7
808f7e4dfc000000,8
808f7e4e04000000,8
808f7e4e0c000000,8
808f7e4e14000000,8
808f7e4e1c000000,8
808f7e4e24000000,8
808f7e4e2c000000,9
808f7e4e34000000,10
808f7e4e3c000000,8
808f7e4e44000000,9
808f7e4e4c000000,11
808f7e4e54000000,10
808f7e4e5c000000,9
808f7e4e64000000,8
808f7e4e6c000000,9
808f7e4e74000000,8
808f7e4e7c000000,8
808f7e4e84000000,9
808f7e4e8c000000,9
808f7e4e94000000,9
808f7e4e9c000000,8
808f7e4ea4000000,10
808f7e4eac000000,10
808f7e4eb4000000,11
808f7e4ebc000000,10
808f7e4ec4000000,11
808f7e4ecc000000,11
808f7e4ed4000000,11
808f7e4edc000000,11
808f7e4ee4000000,11
808f7e4eec000000,10
808f7e4ef4000000,8
808f7e4efc000000,9
808f7e4f04000000,11
808f7e4f0c000000,11
808f7e4f14000000,12
808f7e4f1c000000,10
808f7e4f24000000,12
808f7e4f2c000000,12
808f7e4f34000000,12
808f7e4f3c000000,12
808f7e4f44000000,11
808f7e4f4c000000,12
808f7e4f54000000,11
808f7e4f5c000000,10
808f7e4f64000000,12
808f7e4f6c000000,12
808f7e4f74000000,12
808f7e4f7c000000,12
808f7e4f84000000,12
808f7e4f8c000000,11
808f7e4f94000000,12
808f7e4f9c000000,12
808f7e4fa4000000,11
808f7e4fac000000,11
808f7e4fb4000000,10
808f7e4fbc000000,11
808f7e4fc4000000,10
808f7e4fcc000000,9
808f7e4fd4000000,9
808f7e4fdc000000,10
808f7e4fe4000000,10
808f7e4fec000000,11
808f7e4ff4000000,10
808f7e4ffc000000,11
808f7e5004000000,11
808f7e500c000000,10
808f7e5014000000,10
808f7e501c000000,11
808f7e5024000000,9
808f7e502c000000,10
808f7e5034000000,7
808f7e503c000000,8
808f7e5044000000,7
808f7e504c000000,7
808f7e5054000000,8
808f7e505c000000,8
808f7e5064000000,8
808f7e506c000000,9
808f7e5074000000,9
808f7e507c000000,8
808f7e5084000000,7
808f7e508c000000,7
808f7e5094000000,7
808f7e509c000000,7
808f7e50a4000000,7
808f7e50ac000000,6
808f7e50b4000000,6
808f7e50bc000000,6
808f7e50c4000000,7
808f7e50cc000000,7
808f7e50d4000000,7
808f7e50dc000000,7
808f7e50e4000000,7
808f7e50ec000000,7
808f7e50f4000000,8
808f7e50fc000000,8
808f7e5104000000,8
808f7e510c000000,9
808f7e5114000000,8
808f7e511c000000,8
808f7e5124000000,7
808f7e512c000000,6
808f7e5134000000,6
808f7e513c000000,8
808f7e5144000000,8
808f7e514c000000,7
808f7e5154000000,6
808f7e515c000000,6
808f7e5164000000,9
808f7e516c000000,9
808f7e5174000000,10
808f7e517c000000,10
808f7e5184000000,10
808f7e518c000000,9
808f7e5194000000,10
808f7e519c000000,10
808f7e51a4000000,10
808f7e51ac000000,8
808f7e51b4000000,10
808f7e51bc000000,10
808f7e51c4000000,9
808f7e51cc000000,9
808f7e51d4000000,9
808f7e51dc000000,8
808f7e51e4000000,8
808f7e51ec000000,8
808f7e51f4000000,8
808f7e51fc000000,8
808f7e5204000000,8
808f7e520c000000,7
808f7e5214000000,8
808f7e521c000000,8
808f7e5224000000,9
808f7e522c000000,10
808f7e5234000000,9
808f7e523c000000,9
808f7e5244000000,8
808f7e524c000000,8
808f7e5254000000,7
808f7e525c000000,7
808f7e5264000000,6
808f7e526c000000,7
808f7e5274000000,7
808f7e527c000000,7
808f7e5284000000,6
808f7e528c000000,7
808f7e5294000000,7
808f7e529c000000,7
808f7e52a4000000,7
808f7e52ac000000,8
808f7e52b4000000,7
808f7e52bc000000,7
808f7e52c4000000,7
808f7e52cc000000,7
808f7e52d4000000,8
808f7e52dc000000,8
808f7e52e4000000,7
808f7e52ec000000,7
808f7e52f4000000,7
808f7e52fc000000,7
808f7e5304000000,8
808f7e530c000000,8
808f7e5314000000,8
808f7e531c000000,8
808f7e5324000000,8
808f7e532c000000,8
808f7e5334000000,8
808f7e533c000000,8
808f7e5344000000,8
808f7e534c000000,7
808f7e5354000000,6
808f7e535c000000,6
808f7e5364000000,7
808f7e536c000000,8
808f7e5374000000,9
808f7e537c000000,7
808f7e5384000000,7
808f7e538c000000,6
808f7e5394000000,9
808f7e539c000000,10
808f7e53a4000000,8
808f7e53ac000000,7
808f7e53b4000000,8
808f7e53bc000000,9
808f7e53c4000000,9
808f7e53cc000000,9
808f7e53d4000000,10
808f7e53dc000000,9
808f7e53e4000000,7
808f7e53ec000000,8
808f7e53f4000000,6
808f7e53fc000000,6
808f7e5404000000,5
808f7e540c000000,5
808f7e5414000000,4
808f7e541c000000,4
808f7e5424000000,4
808f7e542c000000,4
808f7e5434000000,4
808f7e543c000000,4
808f7e5444000000,4
808f7e544c000000,4
808f7e5454000000,4
808f7e545c000000,4
808f7e5464000000,4
808f7e546c000000,4
808f7e5474000000,6
808f7e547c000000,6
808f7e5484000000,8
808f7e548c000000,6
808f7e5494000000,6
808f7e549c000000,6
808f7e54a4000000,6
808f7e54ac000000,6
808f7e54b4000000,5
808f7e54bc000000,6
808f7e54c4000000,5
808f7e54cc000000,4
808f7e54d4000000,4
808f7e54dc000000,5
808f7e54e4000000,5
808f7e54ec000000,4
808f7e54f4000000,5
808f7e54fc000000,4
808f7e5504000000,4
808f7e550c000000,4
808f7e5514000000,4
808f7e551c000000,4
808f7e5524000000,5
808f7e552c000000,4
808f7e5534000000,4
808f7e553c000000,5
808f7e5544000000,4
808f7e554c000000,3
808f7e5554000000,4
808f7e555c000000,3
808f7e5564000000,4
808f7e556c000000,4
808f7e5574000000,4
808f7e557c000000,4
808f7e5584000000,4
808f7e558c000000,3
808f7e5594000000,4
808f7e559c000000,4
808f7e55a4000000,4
808f7e55ac000000,4
808f7e55b4000000,4
808f7e55bc000000,4
808f7e55c4000000,4
808f7e55cc000000,4
808f7e55d4000000,4
808f7e55dc000000,4
808f7e55e4000000,3
808f7e55ec000000,4
808f7e55f4000000,3
808f7e55fc000000,3
808f7e5604000000,3
808f7e560c000000,3
808f7e5614000000,3
808f7e561c000000,3
808f7e5624000000,3
808f7e562c000000,3
808f7e5634000000,3
808f7e563c000000,3
808f7e5644000000,3
808f7e564c000000,3
808f7e5654000000,3
808f7e565c000000,3
808f7e5664000000,4
808f7e566c000000,3
808f7e5674000000,4
808f7e567c000000,4
808f7e5684000000,4
808f7e568c000000,4
808f7e5694000000,4
808f7e569c000000,4
808f7e56a4000000,4
808f7e56ac000000,4
808f7e56b4000000,4
808f7e56bc000000,4
808f7e56c4000000,4
808f7e56cc000000,6
808f7e56d4000000,6
808f7e56dc000000,5
808f7e56e4000000,4
808f7e56ec000000,4
808f7e56f4000000,4
808f7e56fc000000,3
808f7e5704000000,3
808f7e570c000000,3
808f7e5714000000,3
808f7e571c000000,3
808f7e5724000000,6
808f7e572c000000,6
808f7e5734000000,6
808f7e573c000000,4
808f7e5744000000,4
808f7e574c000000,5
808f7e5754000000,4
808f7e575c000000,4
808f7e5764000000,3
808f7e576c000000,3
808f7e5774000000,3
808f7e577c000000,3
808f7e5784000000,3
808f7e578c000000,3
808f7e5794000000,3
808f7e579c000000,3
808f7e57a4000000,3
808f7e57ac000000,3
808f7e57b4000000,3
808f7e57bc000000,3
808f7e57c4000000,3
808f7e57cc000000,3
808f7e57d4000000,3
808f7e57dc000000,3
808f7e57e4000000,3
808f7e57ec000000,3
808f7e57f4000000,3
808f7e57fc000000,3
808f7e5804000000,4
808f7e580c000000,5
808f7e5814000000,5
808f7e581c000000,4
808f7e5824000000,4
808f7e582c000000,4
808f7e5834000000,5
808f7e583c000000,5
808f7e5844000000,5
808f7e584c000000,5
808f7e5854000000,5
808f7e585c000000,5
808f7e5864000000,5
808f7e586c000000,5
808f7e5874000000,5
808f7e587c000000,5
808f7e5884000000,5
808f7e588c000000,5
808f7e5894000000,5
808f7e589c000000,5
808f7e58a4000000,3
808f7e58ac000000,4
808f7e58b4000000,4
808f7e58bc000000,5
808f7e58c4000000,5
808f7e58cc000000,4
808f7e58d4000000,5
808f7e58dc000000,5
808f7e58e4000000,5
808f7e58ec000000,5
808f7e58f4000000,5
808f7e58fc000000,5
808f7e5904000000,5
808f7e590c000000,5
808f7e5914000000,5
808f7e591c000000,5
808f7e5924000000,5
808f7e592c000000,5
808f7e5934000000,5
808f7e593c000000,5
808f7e5944000000,5
808f7e594c000000,5
808f7e5954000000,6
808f7e595c000000,6
808f7e5964000000,5
808f7e596c000000,5
808f7e5974000000,5
808f7e597c000000,5
808f7e5984000000,5
808f7e598c000000,6
808f7e5994000000,5
808f7e599c000000,5
808f7e59a4000000,5
808f7e59ac000000,5
808f7e59b4000000,5
808f7e59bc000000,5
808f7e59c4000000,4
808f7e59cc000000,5
808f7e59d4000000,3
808f7e59dc000000,3
808f7e59e4000000,4
808f7e59ec000000,3
808f7e59f4000000,5
808f7e59fc000000,4
808f7e5a04000000,7
808f7e5a0c000000,7
808f7e5a14000000,7
808f7e5a1c000000,6
808f7e5a24000000,7
808f7e5a2c000000,7
808f7e5a34000000,7
808f7e5a3c000000,8
808f7e5a44000000,8
808f7e5a4c000000,8
808f7e5a54000000,9
808f7e5a5c000000,7
808f7e5a64000000,7
808f7e5a6c000000,7
808f7e5a74000000,7
808f7e5a7c000000,7
808f7e5a84000000,8
808f7e5a8c000000,8
808f7e5a94000000,9
808f7e5a9c000000,9
808f7e5aa4000000,9
808f7e5aac000000,10
808f7e5ab4000000,9
808f7e5abc000000,9
808f7e5ac4000000,9
808f7e5acc000000,9
808f7e5ad4000000,10
808f7e5adc000000,10
808f7e5ae4000000,10
808f7e5aec000000,9
808f7e5af4000000,8
808f7e5afc000000,8
808f7e5b04000000,9
808f7e5b0c000000,9
808f7e5b14000000,9
808f7e5b1c000000,10
808f7e5b24000000,10
808f7e5b2c000000,10
808f7e5b34000000,10
808f7e5b3c000000,10
808f7e5b44000000,9
808f7e5b4c000000,9
808f7e5b54000000,10
808f7e5b5c000000,9
808f7e5b64000000,10
808f7e5b6c000000,10
808f7e5b74000000,10
808f7e5b7c000000,8
808f7e5b84000000,8
808f7e5b8c000000,8
808f7e5b94000000,7
808f7e5b9c000000,9
808f7e5ba4000000,9
808f7e5bac000000,9
808f7e5bb4000000,7
808f7e5bbc000000,8
808f7e5bc4000000,6
808f7e5bcc000000,7
808f7e5bd4000000,6
808f7e5bdc000000,6
808f7e5be4000000,6
808f7e5bec000000,6
808f7e5bf4000000,7
808f7e5bfc000000,7
808f7e5c04000000,7
808f7e5c0c000000,8
808f7e5c14000000,7
808f7e5c1c000000,7
808f7e5c24000000,7
808f7e5c2c000000,7
808f7e5c34000000,7
808f7e5c3c000000,7
808f7e5c44000000,7
808f7e5c4c000000,7
808f7e5c54000000,7
808f7e5c5c000000,7
808f7e5c64000000,8
808f7e5c6c000000,7
808f7e5c74000000,8
808f7e5c7c000000,8
808f7e5c84000000,8
808f7e5c8c000000,8
808f7e5c94000000,9
808f7e5c9c000000,8
808f7e5ca4000000,9
808f7e5cac000000,10
808f7e5cb4000000,8
808f7e5cbc000000,8
808f7e5cc4000000,9
808f7e5ccc000000,8
808f7e5cd4000000,8
808f7e5cdc000000,8
808f7e5ce4000000,7
808f7e5cec000000,8
808f7e5cf4000000,7
808f7e5cfc000000,7
808f7e5d04000000,8
808f7e5d0c000000,9
808f7e5d14000000,9
808f7e5d1c000000,8
808f7e5d24000000,8
808f7e5d2c000000,8
808f7e5d34000000,11
808f7e5d3c000000,9
808f7e5d44000000,10
808f7e5d4c000000,11
808f7e5d54000000,12
808f7e5d5c000000,11
808f7e5d64000000,10
808f7e5d6c000000,9
808f7e5d74000000,9
808f7e5d7c000000,10
808f7e5d84000000,8
808f7e5d8c000000,7
808f7e5d94000000,8
808f7e5d9c000000,8
808f7e5da4000000,8
808f7e5dac000000,8
808f7e5db4000000,7
808f7e5dbc000000,8
808f7e5dc4000000,8
808f7e5dcc000000,7
808f7e5dd4000000,7
808f7e5ddc000000,7
808f7e5de4000000,6
808f7e5dec000000,7
808f7e5df4000000,6
808f7e5dfc000000,5
808f7e5e04000000,5
808f7e5e0c000000,5
808f7e5e14000000,4
808f7e5e1c000000,5
808f7e5e24000000,5
808f7e5e2c000000,3
808f7e5e34000000,4
808f7e5e3c000000,4
808f7e5e44000000,4
808f7e5e4c000000,4
808f7e5e54000000,4
808f7e5e5c000000,4
808f7e5e64000000,4
808f7e5e6c000000,4
808f7e5e74000000,4
808f7e5e7c000000,5
808f7e5e84000000,6
808f7e5e8c000000,4
808f7e5e94000000,4
808f7e5e9c000000,7
808f7e5ea4000000,6
808f7e5eac000000,6
808f7e5eb4000000,4
808f7e5ebc000000,4
808f7e5ec4000000,4
808f7e5ecc000000,4
808f7e5ed4000000,4
808f7e5edc000000,4
808f7e5ee4000000,4
808f7e5eec000000,4
808f7e5ef4000000,4
808f7e5efc000000,4
808f7e5f04000000,4
808f7e5f0c000000,4
808f7e5f14000000,4
808f7e5f1c000000,4
808f7e5f24000000,4
808f7e5f2c000000,4
808f7e5f34000000,4
808f7e5f3c000000,4
808f7e5f44000000,5
808f7e5f4c000000,4
808f7e5f54000000,5
808f7e5f5c000000,5
808f7e5f64000000,5
808f7e5f6c000000,5
808f7e5f74000000,5
808f7e5f7c000000,5
808f7e5f84000000,5
808f7e5f8c000000,4
808f7e5f94000000,4
808f7e5f9c000000,5
808f7e5fa4000000,4
808f7e5fac000000,4
808f7e5fb4000000,4
808f7e5fbc000000,4
808f7e5fc4000000,3
808f7e5fcc000000,3
808f7e5fd4000000,3
808f7e5fdc000000,3
808f7e5fe4000000,4
808f7e5fec000000,4
808f7e5ff4000000,4
808f7e5ffc000000,4
808f7e6004000000,4
808f7e600c000000,4
808f7e6014000000,3
808f7e601c000000,4
808f7e6024000000,4
808f7e602c000000,6
808f7e6034000000,5
808f7e603c000000,4
808f7e6044000000,4
808f7e604c000000,5
808f7e6054000000,4
808f7e605c000000,4
808f7e6064000000,4
808f7e606c000000,4
808f7e6074000000,3
808f7e607c000000,3
808f7e6084000000,4
808f7e608c000000,4
808f7e6094000000,4
808f7e609c000000,4
808f7e60a4000000,5
808f7e60ac000000,5
808f7e60b4000000,5
808f7e60bc000000,5
808f7e60c4000000,4
808f7e60cc000000,5
808f7e60d4000000,5
808f7e60dc000000,4
808f7e60e4000000,4
808f7e60ec000000,4
808f7e60f4000000,4
808f7e60fc000000,4
808f7e6104000000,5
808f7e610c000000,5
808f7e6114000000,5
808f7e611c000000,4
808f7e6124000000,4
808f7e612c000000,4
808f7e6134000000,4
808f7e613c000000,4
808f7e6144000000,5
808f7e614c000000,3
808f7e6154000000,4
808f7e615c000000,4
808f7e6164000000,4
808f7e616c000000,5
808f7e6174000000,5
808f7e617c000000,4
808f7e6184000000,4
808f7e618c000000,4
808f7e6194000000,5
808f7e619c000000,5
808f7e61a4000000,5
808f7e61ac000000,5
808f7e61b4000000,5
808f7e61bc000000,5
808f7e61c4000000,5
808f7e61cc000000,5
808f7e61d4000000,6
808f7e61dc000000,5
808f7e61e4000000,4
808f7e61ec000000,4
808f7e61f4000000,3
808f7e61fc000000,3
808f7e6204000000,3
808f7e620c000000,4
808f7e6214000000,3
808f7e621c000000,2
808f7e6224000000,3
808f7e622c000000,4
808f7e6234000000,3
808f7e623c000000,2
808f7e6244000000,3
808f7e624c000000,2
808f7e6254000000,3
808f7e625c000000,3
808f7e6264000000,3
808f7e626c000000,3
808f7e6274000000,4
808f7e627c000000,4
808f7e6284000000,3
808f7e628c000000,3
808f7e6294000000,3
808f7e629c000000,4
808f7e62a4000000,4
808f7e62ac000000,4
808f7e62b4000000,3
808f7e62bc000000,3
808f7e62c4000000,3
808f7e62cc000000,3
808f7e62d4000000,3
808f7e62dc000000,3
808f7e62e4000000,3
808f7e62ec000000,3
808f7e62f4000000,3
808f7e62fc000000,3
808f7e6304000000,3
808f7e630c000000,4
808f7e6314000000,3
808f7e631c000000,3
808f7e6324000000,3
808f7e632c000000,3
808f7e6334000000,3
808f7e633c000000,3
808f7e6344000000,3
808f7e634c000000,3
808f7e6354000000,4
808f7e635c000000,4
808f7e6364000000,3
808f7e636c000000,4
808f7e6374000000,3
808f7e637c000000,3
808f7e6384000000,3
808f7e638c000000,4
808f7e6394000000,3
808f7e639c000000,3
808f7e63a4000000,3
808f7e63ac000000,3
808f7e63b4000000,3
808f7e63bc000000,3
808f7e63c4000000,4
808f7e63cc000000,3
808f7e63d4000000,4
808f7e63dc000000,4
808f7e63e4000000,4
808f7e63ec000000,4
808f7e63f4000000,4
808f7e63fc000000,4
808f7e6404000000,6
808f7e640c000000,6
808f7e6414000000,6
808f7e641c000000,7
808f7e6424000000,7
808f7e642c000000,8
808f7e6434000000,6
808f7e643c000000,6
808f7e6444000000,6
808f7e644c000000,6
808f7e6454000000,6
808f7e645c000000,6
808f7e6464000000,6
808f7e646c000000,6
808f7e6474000000,5
808f7e647c000000,4
808f7e6484000000,4
808f7e648c000000,6
808f7e6494000000,5
808f7e649c000000,4
808f7e64a4000000,4
808f7e64ac000000,3
808f7e64b4000000,4
808f7e64bc000000,5
808f7e64c4000000,5
808f7e64cc000000,5
808f7e64d4000000,7
808f7e64dc000000,7
808f7e64e4000000,7
808f7e64ec000000,6
808f7e64f4000000,6
808f7e64fc000000,7
808f7e6504000000,7
808f7e650c000000,7
808f7e6514000000,8
808f7e651c000000,7
808f7e6524000000,8
808f7e652c000000,8
808f7e6534000000,8
808f7e653c000000,8
808f7e6544000000,8
808f7e654c000000,8
808f7e6554000000,9
808f7e655c000000,9
808f7e6564000000,9
808f7e656c000000,8
808f7e6574000000,7
808f7e657c000000,9
808f7e6584000000,9
808f7e658c000000,10
808f7e6594000000,9
808f7e659c000000,8
808f7e65a4000000,7
808f7e65ac000000,7
808f7e65b4000000,6
808f7e65bc000000,6
808f7e65c4000000,8
808f7e65cc000000,7
808f7e65d4000000,8
808f7e65dc000000,9
808f7e65e4000000,10
808f7e65ec000000,9
808f7e65f4000000,10
808f7e65fc000000,12
808f7e6604000000,12
808f7e660c000000,11
808f7e6614000000,11
808f7e661c000000,12
808f7e6624000000,12
808f7e662c000000,11
808f7e6634000000,10
808f7e663c000000,11
808f7e6644000000,11
808f7e664c000000,9
808f7e6654000000,9
808f7e665c000000,8
808f7e6664000000,10
808f7e666c000000,11
808f7e6674000000,10
808f7e667c000000,9
808f7e6684000000,8
808f7e668c000000,7
808f7e6694000000,6
808f7e669c000000,7
808f7e66a4000000,5
808f7e66ac000000,4
808f7e66b4000000,3
808f7e66bc000000,5
808f7e66c4000000,5
808f7e66cc000000,4
808f7e66d4000000,5
808f7e66dc000000,6
808f7e66e4000000,6
808f7e66ec000000,7
808f7e66f4000000,7
808f7e66fc000000,8
808f7e6704000000,7
808f7e670c000000,7
808f7e6714000000,6
808f7e671c000000,6
808f7e6724000000,6
808f7e672c000000,5
808f7e6734000000,5
808f7e673c000000,5
808f7e6744000000,5
808f7e674c000000,5
808f7e6754000000,5
808f7e675c000000,5
808f7e6764000000,6
808f7e676c000000,5
808f7e6774000000,8
808f7e677c000000,8
808f7e6784000000,11
808f7e678c000000,11
808f7e6794000000,10
808f7e679c000000,9
808f7e67a4000000,10
808f7e67ac000000,9
808f7e67b4000000,9
808f7e67bc000000,10
808f7e67c4000000,10
808f7e67cc000000,9
808f7e67d4000000,11
808f7e67dc000000,12
808f7e67e4000000,14
808f7e67ec000000,11
808f7e67f4000000,12
808f7e67fc000000,14
808f7e6804000000,13
808f7e680c000000,13
808f7e6814000000,13
808f7e681c000000,12
808f7e6824000000,13
808f7e682c000000,13
808f7e6834000000,13
808f7e683c000000,13
808f7e6844000000,12
808f7e684c000000,12
808f7e6854000000,12
808f7e685c000000,12
808f7e6864000000,11
808f7e686c000000,12
808f7e6874000000,12
808f7e687c000000,11
808f7e6884000000,13
808f7e688c000000,13
808f7e6894000000,13
808f7e689c000000,13
808f7e68a4000000,12
808f7e68ac000000,12
808f7e68b4000000,14
808f7e68bc000000,13
808f7e68c4000000,14
808f7e68cc000000,14
808f7e68d4000000,13
808f7e68dc000000,13
808f7e68e4000000,14
808f7e68ec000000,13
808f7e68f4000000,13
808f7e68fc000000,12
808f7e6904000000,12
808f7e690c000000,14
808f7e6914000000,14
808f7e691c000000,13
808f7e6924000000,13
808f7e692c000000,14
808f7e6934000000,13
808f7e693c000000,14
808f7e6944000000,16
808f7e694c000000,15
808f7e6954000000,16
808f7e695c000000,16
808f7e6964000000,15
808f7e696c000000,15
808f7e6974000000,13
808f7e697c000000,14
808f7e6984000000,13
808f7e698c000000,15
808f7e6994000000,13
808f7e699c000000,12
808f7e69a4000000,14
808f7e69ac000000,13
808f7e69b4000000,12
808f7e69bc000000,14
808f7e69c4000000,14
808f7e69cc000000,13
808f7e69d4000000,14
808f7e69dc000000,15
808f7e69e4000000,15
808f7e69ec000000,15
808f7e69f4000000,14
808f7e69fc000000,14
808f7e6a04000000,15
808f7e6a0c000000,16
808f7e6a14000000,16
808f7e6a1c000000,15
808f7e6a24000000,15
808f7e6a2c000000,13
808f7e6a34000000,15
808f7e6a3c000000,16
808f7e6a44000000,15
808f7e6a4c000000,14
808f7e6a54000000,14
808f7e6a5c000000,15
808f7e6a64000000,15
808f7e6a6c000000,15
808f7e6a74000000,17
808f7e6a7c000000,16
808f7e6a84000000,17
808f7e6a8c000000,16
808f7e6a94000000,17
808f7e6a9c000000,18
808f7e6aa4000000,16
808f7e6aac000000,19
808f7e6ab4000000,16
808f7e6abc000000,15
808f7e6ac4000000,15
808f7e6acc000000,16
808f7e6ad4000000,15
808f7e6adc000000,16
808f7e6ae4000000,15
808f7e6aec000000,15
808f7e6af4000000,16
808f7e6afc000000,15
808f7e6b04000000,16
808f7e6b0c000000,14
808f7e6b14000000,15
808f7e6b1c000000,17
808f7e6b24000000,17
808f7e6b2c000000,15
808f7e6b34000000,17
808f7e6b3c000000,16
808f7e6b44000000,15
808f7e6b4c000000,16
808f7e6b54000000,17
808f7e6b5c000000,14
808f7e6b64000000,14
808f7e6b6c000000,13
808f7e6b74000000,13
808f7e6b7c000000,13
808f7e6b84000000,13
808f7e6b8c000000,14
808f7e6b94000000,15
808f7e6b9c000000,14
808f7e6ba4000000,15
808f7e6bac000000,15
808f7e6bb4000000,15
808f7e6bbc000000,15
808f7e6bc4000000,14
808f7e6bcc000000,14
808f7e6bd4000000,14
808f7e6bdc000000,14
808f7e6be4000000,16
808f7e6bec000000,14
808f7e6bf4000000,15
808f7e6bfc000000,15
808f7e6c04000000,15
808f7e6c0c000000,15
808f7e6c14000000,14
808f7e6c1c000000,16
808f7e6c24000000,14
808f7e6c2c000000,14
808f7e6c34000000,13
808f7e6c3c000000,14
808f7e6c44000000,13
808f7e6c4c000000,14
808f7e6c54000000,14
808f7e6c5c000000,14
808f7e6c64000000,14
808f7e6c6c000000,13
808f7e6c74000000,12
808f7e6c7c000000,13
808f7e6c84000000,13
808f7e6c8c000000,13
808f7e6c94000000,14
808f7e6c9c000000,13
808f7e6ca4000000,15
808f7e6cac000000,14
808f7e6cb4000000,16
808f7e6cbc000000,14
808f7e6cc4000000,16
808f7e6ccc000000,16
808f7e6cd4000000,17
808f7e6cdc000000,14
808f7e6ce4000000,15
808f7e6cec000000,13
808f7e6cf4000000,15
808f7e6cfc000000,13
808f7e6d04000000,14
808f7e6d0c000000,13
808f7e6d14000000,15
808f7e6d1c000000,15
808f7e6d24000000,16
808f7e6d2c000000,16
808f7e6d34000000,16
808f7e6d3c000000,16
808f7e6d44000000,15
808f7e6d4c000000,15
808f7e6d54000000,16
808f7e6d5c000000,16
808f7e6d64000000,15
808f7e6d6c000000,14
808f7e6d74000000,12
808f7e6d7c000000,12
808f7e6d84000000,13
808f7e6d8c000000,13
808f7e6d94000000,13
808f7e6d9c000000,12
808f7e6da4000000,11
808f7e6dac000000,13
808f7e6db4000000,12
808f7e6dbc000000,13
808f7e6dc4000000,13
808f7e6dcc000000,14
808f7e6dd4000000,14
808f7e6ddc000000,13
808f7e6de4000000,13
808f7e6dec000000,13
808f7e6df4000000,13
808f7e6dfc000000,13
808f7e6e04000000,13
808f7e6e0c000000,13
808f7e6e14000000,13
808f7e6e1c000000,13
808f7e6e24000000,13
808f7e6e2c000000,14
808f7e6e34000000,14
808f7e6e3c000000,14
808f7e6e44000000,14
808f7e6e4c000000,14
808f7e6e54000000,14
808f7e6e5c000000,14
808f7e6e64000000,14
808f7e6e6c000000,14
808f7e6e74000000,14
808f7e6e7c000000,14
808f7e6e84000000,15
808f7e6e8c000000,15
808f7e6e94000000,15
808f7e6e9c000000,14
808f7e6ea4000000,14
808f7e6eac000000,16
808f7e6eb4000000,14
808f7e6ebc000000,14
808f7e6ec4000000,14
808f7e6ecc000000,14
808f7e6ed4000000,14
808f7e6edc000000,14
808f7e6ee4000000,15
808f7e6eec000000,15
808f7e6ef4000000,15
808f7e6efc000000,15
808f7e6f04000000,14
808f7e6f0c000000,12
808f7e6f14000000,13
808f7e6f1c000000,14
808f7e6f24000000,14
808f7e6f2c000000,13
808f7e6f34000000,13
808f7e6f3c000000,12
808f7e6f44000000,12
808f7e6f4c000000,14
808f7e6f54000000,12
808f7e6f5c000000,11
808f7e6f64000000,10
808f7e6f6c000000,10
808f7e6f74000000,11
808f7e6f7c000000,11
808f7e6f84000000,11
808f7e6f8c000000,11
808f7e6f94000000,12
808f7e6f9c000000,12
808f7e6fa4000000,12
808f7e6fac000000,14
808f7e6fb4000000,14
808f7e6fbc000000,13
808f7e6fc4000000,13
808f7e6fcc000000,14
808f7e6fd4000000,13
808f7e6fdc000000,12
808f7e6fe4000000,11
808f7e6fec000000,12
808f7e6ff4000000,9
808f7e6ffc000000,9
808f7e7004000000,9
808f7e700c000000,8
808f7e7014000000,9
808f7e701c000000,9
808f7e7024000000,11
808f7e702c000000,12
808f7e7034000000,10
808f7e703c000000,9
808f7e7044000000,8
808f7e704c000000,9
808f7e7054000000,8
808f7e705c000000,7
808f7e7064000000,7
808f7e706c000000,8
808f7e7074000000,7
808f7e707c000000,7
808f7e7084000000,5
808f7e708c000000,6
808f7e7094000000,5
808f7e709c000000,5
808f7e70a4000000,6
808f7e70ac000000,6
808f7e70b4000000,6
808f7e70bc000000,6
808f7e70c4000000,5
808f7e70cc000000,6
808f7e70d4000000,6
808f7e70dc000000,6
808f7e70e4000000,6
808f7e70ec000000,6
808f7e70f4000000,7
808f7e70fc000000,7
808f7e7104000000,8
808f7e710c000000,9
808f7e7114000000,8
808f7e711c000000,7
808f7e7124000000,6
808f7e712c000000,7
808f7e7134000000,8
808f7e713c000000,8
808f7e7144000000,9
808f7e714c000000,10
808f7e7154000000,10
808f7e715c000000,10
808f7e7164000000,11
808f7e716c000000,11
808f7e7174000000,10
808f7e717c000000,12
808f7e7184000000,12
808f7e718c000000,12
808f7e7194000000,13
808f7e719c000000,12
808f7e71a4000000,11
808f7e71ac000000,8
808f7e71b4000000,11
808f7e71bc000000,12
808f7e71c4000000,13
808f7e71cc000000,13
808f7e71d4000000,13
808f7e71dc000000,13
808f7e71e4000000,13
808f7e71ec000000,13
808f7e71f4000000,13
808f7e71fc000000,13
808f7e7204000000,13
808f7e720c000000,13
808f7e7214000000,13
808f7e721c000000,13
808f7e7224000000,13
808f7e722c000000,13
808f7e7234000000,13
808f7e723c000000,13
808f7e7244000000,14
808f7e724c000000,14
808f7e7254000000,15
808f7e725c000000,14
808f7e7264000000,14
808f7e726c000000,14
808f7e7274000000,13
808f7e727c000000,14
808f7e7284000000,13
808f7e728c000000,14
808f7e7294000000,15
808f7e729c000000,14
808f7e72a4000000,15
808f7e72ac000000,15
808f7e72b4000000,16
808f7e72bc000000,14
808f7e72c4000000,15
808f7e72cc000000,15
808f7e72d4000000,15
808f7e72dc000000,15
808f7e72e4000000,14
808f7e72ec000000,14
808f7e72f4000000,14
808f7e72fc000000,15
808f7e7304000000,13
808f7e730c000000,12
808f7e7314000000,12
808f7e731c000000,13
808f7e7324000000,12
808f7e732c000000,13
808f7e7334000000,12
808f7e733c000000,12
808f7e7344000000,11
808f7e734c000000,11
808f7e7354000000,11
808f7e735c000000,11
808f7e7364000000,11
808f7e736c000000,12
808f7e7374000000,11
808f7e737c000000,11
808f7e7384000000,10
808f7e738c000000,8
808f7e7394000000,10
808f7e739c000000,10
808f7e73a4000000,11
808f7e73ac000000,14
808f7e73b4000000,14
808f7e73bc000000,10
808f7e73c4000000,10
808f7e73cc000000,13
808f7e73d4000000,12
808f7e73dc000000,10
808f7e73e4000000,9
808f7e73ec000000,9
808f7e73f4000000,9
808f7e73fc000000,10
808f7e7404000000,10
808f7e740c000000,10
808f7e7414000000,10
808f7e741c000000,10
808f7e7424000000,12
808f7e742c000000,12
808f7e7434000000,13
808f7e743c000000,11
808f7e7444000000,12
808f7e744c000000,13
808f7e7454000000,11
808f7e745c000000,13
808f7e7464000000,12
808f7e746c000000,10
808f7e7474000000,10
808f7e747c000000,11
808f7e7484000000,12
808f7e748c000000,13
808f7e7494000000,13
808f7e749c000000,12
808f7e74a4000000,12
808f7e74ac000000,12
808f7e74b4000000,13
808f7e74bc000000,13
808f7e74c4000000,13
808f7e74cc000000,13
808f7e74d4000000,13
808f7e74dc000000,13
808f7e74e4000000,14
808f7e74ec000000,13
808f7e74f4000000,12
808f7e74fc000000,13
808f7e7504000000,12
808f7e750c000000,10
808f7e7514000000,12
808f7e751c000000,13
808f7e7524000000,14
808f7e752c000000,13
808f7e7534000000,13
808f7e753c000000,13
808f7e7544000000,12
808f7e754c000000,13
808f7e7554000000,14
808f7e755c000000,11
808f7e7564000000,10
808f7e756c000000,11
808f7e7574000000,10
808f7e757c000000,9
808f7e7584000000,9
808f7e758c000000,10
808f7e7594000000,10
808f7e759c000000,10
808f7e75a4000000,10
808f7e75ac000000,11
808f7e75b4000000,12
808f7e75bc000000,11
808f7e75c4000000,10
808f7e75cc000000,13
808f7e75d4000000,12
808f7e75dc000000,10
808f7e75e4000000,8
808f7e75ec000000,10
808f7e75f4000000,8
808f7e75fc000000,7
808f7e7604000000,7
808f7e760c000000,8
808f7e7614000000,6
808f7e761c000000,7
808f7e7624000000,5
808f7e762c000000,6
808f7e7634000000,6
808f7e763c000000,6
808f7e7644000000,8
808f7e764c000000,7
808f7e7654000000,8
808f7e765c000000,9
808f7e7664000000,9
808f7e766c000000,8
808f7e7674000000,8
808f7e767c000000,10
808f7e7684000000,11
808f7e768c000000,9
808f7e7694000000,8
808f7e769c000000,12
808f7e76a4000000,10
808f7e76ac000000,10
808f7e76b4000000,9
808f7e76bc000000,8
808f7e76c4000000,7
808f7e76cc000000,7
808f7e76d4000000,7
808f7e76dc000000,8
808f7e76e4000000,8
808f7e76ec000000,8
808f7e76f4000000,8
808f7e76fc000000,8
808f7e7704000000,8
808f7e770c000000,8
808f7e7714000000,8
808f7e771c000000,8
808f7e7724000000,8
808f7e772c000000,8
808f7e7734000000,8
808f7e773c000000,8
808f7e7744000000,8
808f7e774c000000,7
808f7e7754000000,6
808f7e775c000000,6
808f7e7764000000,7
808f7e776c000000,8
808f7e7774000000,8
808f7e777c000000,7
808f7e7784000000,7
808f7e778c000000,6
808f7e7794000000,6
808f7e779c000000,7
808f7e77a4000000,7
808f7e77ac000000,7
808f7e77b4000000,7
808f7e77bc000000,7
808f7e77c4000000,6
808f7e77cc000000,6
808f7e77d4000000,6
808f7e77dc000000,6
808f7e77e4000000,6
808f7e77ec000000,6
808f7e77f4000000,6
808f7e77fc000000,6
808f7e7804000000,6
808f7e780c000000,4
808f7e7814000000,5
808f7e781c000000,7
808f7e7824000000,6
808f7e782c000000,7
808f7e7834000000,6
808f7e783c000000,6
808f7e7844000000,4
808f7e784c000000,6
808f7e7854000000,4
808f7e785c000000,3
808f7e7864000000,3
808f7e786c000000,3
808f7e7874000000,4
808f7e787c000000,3
808f7e7884000000,3
808f7e788c000000,3
808f7e7894000000,3
808f7e789c000000,3
808f7e78a4000000,3
808f7e78ac000000,3
808f7e78b4000000,3
808f7e78bc000000,3
808f7e78c4000000,4
808f7e78cc000000,4
808f7e78d4000000,4
808f7e78dc000000,4
808f7e78e4000000,4
808f7e78ec000000,3
808f7e78f4000000,3
808f7e78fc000000,3
808f7e7904000000,5
808f7e790c000000,5
808f7e7914000000,5
808f7e791c000000,4
808f7e7924000000,4
808f7e792c000000,4
808f7e7934000000,4
808f7e793c000000,4
808f7e7944000000,5
808f7e794c000000,5
808f7e7954000000,5
808f7e795c000000,5
808f7e7964000000,5
808f7e796c000000,5
808f7e7974000000,5
808f7e797c000000,5
808f7e7984000000,4
808f7e798c000000,4
808f7e7994000000,5
808f7e799c000000,4
808f7e79a4000000,5
808f7e79ac000000,5
808f7e79b4000000,6
808f7e79bc000000,5
808f7e79c4000000,6
808f7e79cc000000,6
808f7e79d4000000,7
808f7e79dc000000,6
808f7e79e4000000,6
808f7e79ec000000,5
808f7e79f4000000,5
808f7e79fc000000,5
808f7e7a04000000,6
808f7e7a0c000000,5
808f7e7a14000000,5
808f7e7a1c000000,5
808f7e7a24000000,4
808f7e7a2c000000,4
808f7e7a34000000,4
808f7e7a3c000000,6
808f7e7a44000000,5
808f7e7a4c000000,5
808f7e7a54000000,5
808f7e7a5c000000,5
808f7e7a64000000,5
808f7e7a6c000000,5
808f7e7a74000000,5
808f7e7a7c000000,5
808f7e7a84000000,7
808f7e7a8c000000,5
808f7e7a94000000,7
808f7e7a9c000000,7
808f7e7aa4000000,8
808f7e7aac000000,8
808f7e7ab4000000,8
808f7e7abc000000,8
808f7e7ac4000000,8
808f7e7acc000000,8
808f7e7ad4000000,8
808f7e7adc000000,7
808f7e7ae4000000,5
808f7e7aec000000,6
808f7e7af4000000,5
808f7e7afc000000,5
808f7e7b04000000,6
808f7e7b0c000000,4
808f7e7b14000000,4
808f7e7b1c000000,5
808f7e7b24000000,6
808f7e7b2c000000,7
808f7e7b34000000,5
808f7e7b3c000000,3
808f7e7b44000000,4
808f7e7b4c000000,3
808f7e7b54000000,4
808f7e7b5c000000,4
808f7e7b64000000,4
808f7e7b6c000000,4
808f7e7b74000000,4
808f7e7b7c000000,4
808f7e7b84000000,4
808f7e7b8c000000,3
808f7e7b94000000,4
808f7e7b9c000000,4
808f7e7ba4000000,4
808f7e7bac000000,5
808f7e7bb4000000,5
808f7e7bbc000000,4
808f7e7bc4000000,3
808f7e7bcc000000,4
808f7e7bd4000000,4
808f7e7bdc000000,5
808f7e7be4000000,5
808f7e7bec000000,3
808f7e7bf4000000,4
808f7e7bfc000000,5
808f7e7c04000000,6
808f7e7c0c000000,5
808f7e7c14000000,4
808f7e7c1c000000,5
808f7e7c24000000,5
808f7e7c2c000000,5
808f7e7c34000000,4
808f7e7c3c000000,4
808f7e7c44000000,4
808f7e7c4c000000,4
808f7e7c54000000,4
808f7e7c5c000000,3
808f7e7c64000000,5
808f7e7c6c000000,4
808f7e7c74000000,4
808f7e7c7c000000,4
808f7e7c84000000,4
808f7e7c8c000000,4
808f7e7c94000000,4
808f7e7c9c000000,4
808f7e7ca4000000,4
808f7e7cac000000,4
808f7e7cb4000000,3
808f7e7cbc000000,4
808f7e7cc4000000,3
808f7e7ccc000000,3
808f7e7cd4000000,3
808f7e7cdc000000,3
808f7e7ce4000000,4
808f7e7cec000000,3
808f7e7cf4000000,4
808f7e7cfc000000,4
808f7e7d04000000,3
808f7e7d0c000000,3
808f7e7d14000000,3
808f7e7d1c000000,4
808f7e7d24000000,3
808f7e7d2c000000,3
808f7e7d34000000,3
808f7e7d3c000000,4
808f7e7d44000000,4
808f7e7d4c000000,4
808f7e7d54000000,4
808f7e7d5c000000,3
808f7e7d64000000,3
808f7e7d6c000000,3
808f7e7d74000000,4
808f7e7d7c000000,4
808f7e7d84000000,4
808f7e7d8c000000,4
808f7e7d94000000,4
808f7e7d9c000000,4
808f7e7da4000000,4
808f7e7dac000000,4
808f7e7db4000000,4
808f7e7dbc000000,4
808f7e7dc4000000,4
808f7e7dcc000000,4
808f7e7dd4000000,5
808f7e7ddc000000,4
808f7e7de4000000,4
808f7e7dec000000,4
808f7e7df4000000,4
808f7e7dfc000000,4
808f7e7e04000000,4
808f7e7e0c000000,4
808f7e7e14000000,3
808f7e7e1c000000,3
808f7e7e24000000,3
808f7e7e2c000000,3
808f7e7e34000000,3
808f7e7e3c000000,3
808f7e7e44000000,4
808f7e7e4c000000,4
808f7e7e54000000,4
808f7e7e5c000000,4
808f7e7e64000000,4
808f7e7e6c000000,4
808f7e7e74000000,4
808f7e7e7c000000,5
808f7e7e84000000,5
808f7e7e8c000000,4
808f7e7e94000000,4
808f7e7e9c000000,4
808f7e7ea4000000,4
808f7e7eac000000,5
808f7e7eb4000000,4
808f7e7ebc000000,4
808f7e7ec4000000,4
808f7e7ecc000000,4
808f7e7ed4000000,4
808f7e7edc000000,4
808f7e7ee4000000,4
808f7e7eec000000,4
808f7e7ef4000000,4
808f7e7efc000000,4
808f7e7f04000000,4
808f7e7f0c000000,4
808f7e7f14000000,4
808f7e7f1c000000,4
808f7e7f24000000,4
808f7e7f2c000000,4
808f7e7f34000000,4
808f7e7f3c000000,4
808f7e7f44000000,4
808f7e7f4c000000,4
808f7e7f54000000,3
808f7e7f5c000000,3
808f7e7f64000000,4
808f7e7f6c000000,4
808f7e7f74000000,4
808f7e7f7c000000,4
808f7e7f84000000,3
808f7e7f8c000000,3
808f7e7f94000000,3
808f7e7f9c000000,3
808f7e7fa4000000,4
808f7e7fac000000,4
808f7e7fb4000000,3
808f7e7fbc000000,3
808f7e7fc4000000,3
808f7e7fcc000000,3
808f7e7fd4000000,3
808f7e7fdc000000,3
808f7e7fe4000000,3
808f7e7fec000000,3
808f7e7ff4000000,3
808f7e7ffc000000,3
808f7e8004000000,2
808f7e800c000000,3
808f7e8014000000,2
808f7e801c000000,2
808f7e8024000000,2
808f7e802c000000,2
808f7e8034000000,2
808f7e803c000000,2
808f7e8044000000,2
808f7e804c000000,2
808f7e8054000000,2
808f7e805c000000,3
808f7e8064000000,3
808f7e806c000000,3
808f7e8074000000,3
808f7e807c000000,3
808f7e8084000000,3
808f7e808c000000,3
808f7e8094000000,3
808f7e809c000000,3
808f7e80a4000000,3
808f7e80ac000000,3
808f7e80b4000000,3
808f7e80bc000000,3
808f7e80c4000000,3
808f7e80cc000000,3
808f7e80d4000000,4
808f7e80dc000000,3
808f7e80e4000000,3
808f7e80ec000000,3
808f7e80f4000000,3
808f7e80fc000000,3
808f7e8104000000,2
808f7e810c000000,2
808f7e8114000000,2
808f7e811c000000,2
808f7e8124000000,3
808f7e812c000000,4
808f7e8134000000,3
808f7e813c000000,3
808f7e8144000000,3
808f7e814c000000,3
808f7e8154000000,3
808f7e815c000000,3
808f7e8164000000,2
808f7e816c000000,2
808f7e8174000000,2
808f7e817c000000,1
808f7e8184000000,1
808f7e818c000000,1
808f7e8194000000,1
808f7e819c000000,2
808f7e81a4000000,2
808f7e81ac000000,2
808f7e81b4000000,2
808f7e81bc000000,2
808f7e81c4000000,1
808f7e81cc000000,2
808f7e81d4000000,1
808f7e81dc000000,1
808f7e81e4000000,1
808f7e81ec000000,1
808f7e81f4000000,1
808f7e81fc000000,1
808f7e8204000000,1
808f7e820c000000,1
808f7e8214000000,1
808f7e821c000000,1
808f7e8224000000,1
808f7e822c000000,1
808f7e8234000000,1
808f7e823c000000,1
808f7e8244000000,1
808f7e824c000000,1
808f7e8254000000,1
808f7e825c000000,1
808f7e8264000000,1
808f7e826c000000,1
808f7e8274000000,1
808f7e827c000000,1
808f7e8284000000,1
808f7e828c000000,1
808f7e8294000000,1
808f7e829c000000,1
808f7e82a4000000,1
808f7e82ac000000,1
808f7e82b4000000,1
808f7e82bc000000,1
808f7e82c4000000,1
808f7e82cc000000,1
808f7e82d4000000,1
808f7e82dc000000,1
808f7e82e4000000,1
808f7e82ec000000,1
808f7e82f4000000,1
808f7e82fc000000,1
808f7e8304000000,1
808f7e830c000000,1
808f7e8314000000,1
808f7e831c000000,1
808f7e8324000000,1
808f7e832c000000,1
808f7e8334000000,1
808f7e833c000000,1
808f7e8344000000,1
808f7e834c000000,1
808f7e8354000000,1
808f7e835c000000,1
808f7e8364000000,1
808f7e836c000000,1
808f7e8374000000,1
808f7e837c000000,1
808f7e8384000000,1
808f7e838c000000,1
808f7e8394000000,1
808f7e839c000000,1
808f7e83a4000000,1
808f7e83ac000000,1
808f7e83b4000000,1
808f7e83bc000000,1
808f7e83c4000000,1
808f7e83cc000000,1
808f7e83d4000000,1
808f7e83dc000000,1
808f7e83e4000000,1
808f7e83ec000000,1
808f7e83f4000000,1
808f7e83fc000000,3
808f7e8404000000,3
808f7e840c000000,1
808f7e8414000000,1
808f7e841c000000,3
808f7e8424000000,3
808f7e842c000000,3
808f7e8434000000,1
808f7e843c000000,1
808f7e8444000000,1
808f7e844c000000,1
808f7e8454000000,1
808f7e845c000000,1
808f7e8464000000,1
808f7e846c000000,1
808f7e8474000000,1
808f7e847c000000,1
808f7e8484000000,1
808f7e848c000000,1
808f7e8494000000,1
808f7e849c000000,1
808f7e84a4000000,1
808f7e84ac000000,1
808f7e84b4000000,1
808f7e84bc000000,1
808f7e84c4000000,1
808f7e84cc000000,1
808f7e84d4000000,1
808f7e84dc000000,1
808f7e84e4000000,1
808f7e84ec000000,1
808f7e84f4000000,1
808f7e84fc000000,1
808f7e8504000000,1
808f7e850c000000,1
808f7e8514000000,1
808f7e851c000000,1
808f7e8524000000,1
808f7e852c000000,1
808f7e8534000000,1
808f7e853c000000,1
808f7e8544000000,1
808f7e854c000000,1
808f7e8554000000,1
808f7e855c000000,1
808f7e8564000000,2
808f7e856c000000,1
808f7e8574000000,2
808f7e857c000000,2
808f7e8584000000,3
808f7e858c000000,3
808f7e8594000000,3
808f7e859c000000,2
808f7e85a4000000,1
808f7e85ac000000,1
808f7e85b4000000,1
808f7e85bc000000,1
808f7e85c4000000,2
808f7e85cc000000,1
808f7e85d4000000,3
808f7e85dc000000,3
808f7e85e4000000,4
808f7e85ec000000,4
808f7e85f4000000,4
808f7e85fc000000,5
808f7e8604000000,5
808f7e860c000000,4
808f7e8614000000,4
808f7e861c000000,5
808f7e8624000000,4
808f7e862c000000,4
808f7e8634000000,4
808f7e863c000000,4
808f7e8644000000,4
808f7e864c000000,4
808f7e8654000000,4
808f7e865c000000,4
808f7e8664000000,4
808f7e866c000000,4
808f7e8674000000,3
808f7e867c000000,4
808f7e8684000000,4
808f7e868c000000,4
808f7e8694000000,4
808f7e869c000000,3
808f7e86a4000000,3
808f7e86ac000000,3
808f7e86b4000000,3
808f7e86bc000000,3
808f7e86c4000000,4
808f7e86cc000000,3
808f7e86d4000000,4
808f7e86dc000000,4
808f7e86e4000000,4
808f7e86ec000000,4
808f7e86f4000000,4
808f7e86fc000000,4
808f7e8704000000,4
808f7e870c000000,4
808f7e8714000000,4
808f7e871c000000,4
808f7e8724000000,4
808f7e872c000000,4
808f7e8734000000,4
808f7e873c000000,4
808f7e8744000000,4
808f7e874c000000,4
808f7e8754000000,4
808f7e875c000000,4
808f7e8764000000,4
808f7e876c000000,4
808f7e8774000000,4
808f7e877c000000,4
808f7e8784000000,4
808f7e878c000000,3
808f7e8794000000,4
808f7e879c000000,4
808f7e87a4000000,4
808f7e87ac000000,4
808f7e87b4000000,4
808f7e87bc000000,4
808f7e87c4000000,3
808f7e87cc000000,4
808f7e87d4000000,4
808f7e87dc000000,4
808f7e87e4000000,4
808f7e87ec000000,3
808f7e87f4000000,3
808f7e87fc000000,3
808f7e8804000000,4
808f7e880c000000,4
808f7e8814000000,5
808f7e881c000000,5
808f7e8824000000,5
808f7e882c000000,4
808f7e8834000000,5
808f7e883c000000,5
808f7e8844000000,4
808f7e884c000000,5
808f7e8854000000,4
808f7e885c000000,4
808f7e8864000000,4
808f7e886c000000,4
808f7e8874000000,4
808f7e887c000000,4
808f7e8884000000,4
808f7e888c000000,4
808f7e8894000000,5
808f7e889c000000,5
808f7e88a4000000,5
808f7e88ac000000,5
808f7e88b4000000,4
808f7e88bc000000,5
808f7e88c4000000,5
808f7e88cc000000,5
808f7e88d4000000,5
808f7e88dc000000,5
808f7e88e4000000,5
808f7e88ec000000,5
808f7e88f4000000,5
808f7e88fc000000,4
808f7e8904000000,4
808f7e890c000000,4
808f7e8914000000,5
808f7e891c000000,5
808f7e8924000000,5
808f7e892c000000,5
808f7e8934000000,5
808f7e893c000000,5
808f7e8944000000,5
808f7e894c000000,5
808f7e8954000000,5
808f7e895c000000,4
808f7e8964000000,4
808f7e896c000000,4
808f7e8974000000,4
808f7e897c000000,3
808f7e8984000000,4
808f7e898c000000,4
808f7e8994000000,4
808f7e899c000000,4
808f7e89a4000000,5
808f7e89ac000000,5
808f7e89b4000000,5
808f7e89bc000000,4
808f7e89c4000000,4
808f7e89cc000000,4
808f7e89d4000000,4
808f7e89dc000000,4
808f7e89e4000000,4
808f7e89ec000000,4
808f7e89f4000000,4
808f7e89fc000000,4
808f7e8a04000000,3
808f7e8a0c000000,3
808f7e8a14000000,3
808f7e8a1c000000,3
808f7e8a24000000,3
808f7e8a2c000000,3
808f7e8a34000000,1
808f7e8a3c000000,2
808f7e8a44000000,2
808f7e8a4c000000,1
808f7e8a54000000,1
808f7e8a5c000000,1
808f7e8a64000000,2
808f7e8a6c000000,2
808f7e8a74000000,3
808f7e8a7c000000,3
808f7e8a84000000,4
808f7e8a8c000000,1
808f7e8a94000000,3
808f7e8a9c000000,4
808f7e8aa4000000,4
808f7e8aac000000,4
808f7e8ab4000000,3
808f7e8abc000000,3
808f7e8ac4000000,2
808f7e8acc000000,2
808f7e8ad4000000,2
808f7e8adc000000,1
808f7e8ae4000000,1
808f7e8aec000000,1
808f7e8af4000000,1
808f7e8afc000000,1
808f7e8b04000000,1
808f7e8b0c000000,1
808f7e8b14000000,1
808f7e8b1c000000,1
808f7e8b24000000,1
808f7e8b2c000000,1
808f7e8b34000000,1
808f7e8b3c000000,1
808f7e8b44000000,1
808f7e8b4c000000,1
808f7e8b54000000,1
808f7e8b5c000000,1
808f7e8b64000000,1
808f7e8b6c000000,1
808f7e8b74000000,1
808f7e8b7c000000,1
808f7e8b84000000,1
808f7e8b8c000000,1
808f7e8b94000000,1
808f7e8b9c000000,1
808f7e8ba4000000,1
808f7e8bac000000,1
808f7e8bb4000000,1
808f7e8bbc000000,1
808f7e8bc4000000,2
808f7e8bcc000000,1
808f7e8bd4000000,2
808f7e8bdc000000,2
808f7e8be4000000,2
808f7e8bec000000,2
808f7e8bf4000000,3
808f7e8bfc000000,3
808f7e8c04000000,3
808f7e8c0c000000,3
808f7e8c14000000,3
808f7e8c1c000000,3
808f7e8c24000000,3
808f7e8c2c000000,3
808f7e8c34000000,3
808f7e8c3c000000,3
808f7e8c44000000,2
808f7e8c4c000000,2
808f7e8c54000000,2
808f7e8c5c000000,2
808f7e8c64000000,2
808f7e8c6c000000,2
808f7e8c74000000,2
808f7e8c7c000000,2
808f7e8c84000000,2
808f7e8c8c000000,2
808f7e8c94000000,2
808f7e8c9c000000,2
808f7e8ca4000000,1
808f7e8cac000000,1
808f7e8cb4000000,1
808f7e8cbc000000,2
808f7e8cc4000000,2
808f7e8ccc000000,2
808f7e8cd4000000,2
808f7e8cdc000000,2
808f7e8ce4000000,2
808f7e8cec000000,2
808f7e8cf4000000,2
808f7e8cfc000000,2
808f7e8d04000000,2
808f7e8d0c000000,2
808f7e8d14000000,2
808f7e8d1c000000,2
808f7e8d24000000,2
808f7e8d2c000000,2
808f7e8d34000000,2
808f7e8d3c000000,2
808f7e8d44000000,2
808f7e8d4c000000,2
808f7e8d54000000,2
808f7e8d5c000000,2
808f7e8d64000000,2
808f7e8d6c000000,2
808f7e8d74000000,2
808f7e8d7c000000,2
808f7e8d84000000,2
808f7e8d8c000000,2
808f7e8d94000000,2
808f7e8d9c000000,2
808f7e8da4000000,2
808f7e8dac000000,2
808f7e8db4000000,2
808f7e8dbc000000,2
808f7e8dc4000000,3
808f7e8dcc000000,3
808f7e8dd4000000,3
808f7e8ddc000000,3
808f7e8de4000000,3
808f7e8dec000000,3
808f7e8df4000000,3
808f7e8dfc000000,3
808f7e8e04000000,3
808f7e8e0c000000,3
808f7e8e14000000,3
808f7e8e1c000000,3
808f7e8e24000000,2
808f7e8e2c000000,2
808f7e8e34000000,2
808f7e8e3c000000,3
808f7e8e44000000,3
808f7e8e4c000000,4
808f7e8e54000000,4
808f7e8e5c000000,4
808f7e8e64000000,3
808f7e8e6c000000,3
808f7e8e74000000,3
808f7e8e7c000000,3
808f7e8e84000000,4
808f7e8e8c000000,4
808f7e8e94000000,4
808f7e8e9c000000,4
808f7e8ea4000000,4
808f7e8eac000000,5
808f7e8eb4000000,5
808f7e8ebc000000,4
808f7e8ec4000000,4
808f7e8ecc000000,5
808f7e8ed4000000,5
808f7e8edc000000,4
808f7e8ee4000000,4
808f7e8eec000000,4
808f7e8ef4000000,4
808f7e8efc000000,4
808f7e8f04000000,4
808f7e8f0c000000,4
808f7e8f14000000,4
808f7e8f1c000000,4
808f7e8f24000000,4
808f7e8f2c000000,4
808f7e8f34000000,4
808f7e8f3c000000,4
808f7e8f44000000,4
808f7e8f4c000000,4
808f7e8f54000000,5
808f7e8f5c000000,4
808f7e8f64000000,4
808f7e8f6c000000,4
808f7e8f74000000,4
808f7e8f7c000000,3
808f7e8f84000000,2
808f7e8f8c000000,2
808f7e8f94000000,2
808f7e8f9c000000,3
808f7e8fa4000000,4
808f7e8fac000000,4
808f7e8fb4000000,3
808f7e8fbc000000,2
808f7e8fc4000000,2
808f7e8fcc000000,2
808f7e8fd4000000,2
808f7e8fdc000000,2
808f7e8fe4000000,1
808f7e8fec000000,2
808f7e8ff4000000,2
808f7e8ffc000000,1
808f7e9004000000,1
808f7e900c000000,1
808f7e9014000000,1
808f7e901c000000,1
808f7e9024000000,1
808f7e902c000000,1
808f7e9034000000,1
808f7e903c000000,1
808f7e9044000000,1
808f7e904c000000,1
808f7e9054000000,1
808f7e905c000000,1
808f7e9064000000,1
808f7e906c000000,1
808f7e9074000000,1
808f7e907c000000,1
808f7e9084000000,1
808f7e908c000000,1
808f7e9094000000,1
808f7e909c000000,1
808f7e90a4000000,1
808f7e90bc000000,1
808f7e90c4000000,1
808f7e90dc000000,1
808f7e90e4000000,1
808f7e90ec000000,1
808f7e90f4000000,1
808f7e90fc000000,1
808f7e9104000000,1
808f7e910c000000,1
808f7e9114000000,1
808f7e911c000000,1
808f7e9174000000,1
808f7e917c000000,1
808f7e9184000000,1
808f7e918c000000,2
808f7e9194000000,1
808f7e919c000000,1
808f7e91a4000000,1
808f7e91ac000000,1
808f7e91b4000000,1
808f7e91bc000000,1
808f7e91c4000000,2
808f7e91cc000000,1
808f7e91d4000000,2
808f7e91dc000000,2
808f7e91e4000000,2
808f7e91ec000000,2
808f7e91f4000000,2
808f7e91fc000000,2
808f7e9204000000,3
808f7e920c000000,3
808f7e9214000000,1
808f7e921c000000,2
808f7e9224000000,2
808f7e922c000000,2
808f7e9234000000,1
808f7e923c000000,1
808f7e9244000000,1
808f7e924c000000,1
808f7e9254000000,1
808f7e925c000000,2
808f7e9264000000,2
808f7e926c000000,2
808f7e9274000000,2
808f7e927c000000,2
808f7e9284000000,2
808f7e928c000000,2
808f7e9294000000,2
808f7e929c000000,2
808f7e92a4000000,2
808f7e92ac000000,2
808f7e92b4000000,2
808f7e92bc000000,2
808f7e92c4000000,2
808f7e92cc000000,2
808f7e92d4000000,2
808f7e92dc000000,2
808f7e92e4000000,2
808f7e92ec000000,2
808f7e92f4000000,2
808f7e92fc000000,1
808f7e931c000000,1
808f7e9324000000,2
808f7e932c000000,2
808f7e9334000000,1
808f7e933c000000,1
808f7e9344000000,1
808f7e934c000000,1
808f7e9354000000,1
808f7e935c000000,1
808f7e94ac000000,1
808f7e9a0c000000,1
808f7e9a14000000,1
808f7e9a44000000,1
808f7e9a4c000000,1
808f7e9a54000000,1
808f7e9a5c000000,1
808f7e9a64000000,1
808f7e9a6c000000,1
808f7e9a74000000,1
808f7e9a7c000000,1
808f7e9a84000000,1
808f7e9a8c000000,1
808f7e9a94000000,1
808f7e9a9c000000,1
808f7e9aa4000000,1
808f7e9aac000000,1
808f7e9ab4000000,1
808f7e9abc000000,1
808f7e9ac4000000,1
808f7e9acc000000,1
808f7e9ad4000000,1
808f7e9adc000000,1
808f7e9ae4000000,1
808f7e9aec000000,1
808f7e9af4000000,1
808f7e9afc000000,1
808f7e9b04000000,1
808f7e9b0c000000,1
808f7e9b14000000,1
808f7e9b1c000000,1
808f7e9b24000000,1
808f7e9b2c000000,1
808f7e9b34000000,1
808f7e9b3c000000,1
808f7e9b44000000,1
808f7e9b4c000000,1
808f7e9b54000000,1
808f7e9b5c000000,1
808f7e9b64000000,1
808f7e9b6c000000,1
808f7e9b74000000,1
808f7e9b7c000000,1
808f7e9b84000000,1
808f7e9b9c000000,1
808f7e9ba4000000,1
808f7e9bac000000,1
808f7e9bb4000000,1
808f7e9bbc000000,1
808f7e9c64000000,1
808f7e9c7c000000,1
808f7e9c84000000,1
808f7e9c8c000000,1
808f7e9c94000000,1
808f7e9c9c000000,1
808f7e9ca4000000,1
808f7e9cac000000,1
808f7e9cb4000000,1
808f7e9cbc000000,1
808f7e9cc4000000,1
808f7e9ccc000000,1
808f7e9cd4000000,1
808f7e9cdc000000,1
808f7e9ce4000000,1
808f7e9cec000000,1
808f7e9cf4000000,1
808f7e9cfc000000,1
808f7e9d04000000,1
808f7e9d0c000000,1
808f7e9d14000000,1
808f7e9d1c000000,1
808f7e9d24000000,1
808f7e9d2c000000,1
808f7e9d34000000,1
808f7e9d3c000000,1
808f7e9d44000000,1
808f7e9d4c000000,1
808f7e9d54000000,1
808f7e9d5c000000,1
808f7e9d64000000,1
808f7e9d6c000000,1
808f7e9d74000000,1
808f7e9d7c000000,1
808f7ec1e4000000,1
808f7ec1f4000000,1
808f7ec1fc000000,1
808f7ec204000000,1
808f7ec20c000000,1
808f7ec214000000,1
808f7ec21c000000,1
808f7ec26c000000,1
808f7ec274000000,1
808f7ec27c000000,1
808f7ec284000000,1
808f7ee164000000,1
808f7ee17c000000,1
808f7ee184000000,1
808f7ee18c000000,1
808f7ee1f4000000,1
808f7ee204000000,1
808f7ee20c000000,1
808f7ee214000000,1
808f7ee21c000000,1
808f7ee224000000,1
808f7ee22c000000,1
808f7ee234000000,1
808f7ee23c000000,1
808f7ee244000000,1
808f7ee24c000000,1
808f7ee254000000,1
808f7ee25c000000,1
808f7ee264000000,1
808f7ee26c000000,1
808f7ee274000000,1
808f7ee27c000000,1
808f7ee284000000,1
808f7ee28c000000,1
808f7ee294000000,1
808f7ee29c000000,2
808f7ee2a4000000,2
808f7ee2ac000000,2
808f7ee2b4000000,2
808f7ee2bc000000,2
808f7ee2c4000000,1
808f7ee2cc000000,1
808f7ee2d4000000,1
808f7ee2dc000000,1
808f7ee2e4000000,1
808f7ee2ec000000,1
808f7ee2f4000000,1
808f7ee2fc000000,1
808f7ee304000000,1
808f7ee30c000000,1
808f7ee314000000,1
808f7ee31c000000,1
808f7ee324000000,1
808f7ee32c000000,1
808f7ee334000000,1
808f7ee33c000000,1
808f7ee344000000,1
808f7ee34c000000,2
808f7ee354000000,2
808f7ee35c000000,2
808f7ee364000000,1
808f7ee36c000000,1
808f7ee374000000,1
808f7ee37c000000,1
808f7ee384000000,1
808f7ee38c000000,1
808f7ee394000000,1
808f7ee39c000000,1
808f7ee3a4000000,1
808f7ee3ac000000,1
808f7ee3b4000000,1
808f7ee3bc000000,1
808f7ee3c4000000,1
808f7ee3cc000000,1
808f7ee3d4000000,1
808f7ee3dc000000,1
808f7ee3e4000000,1
808f7ee3ec000000,1
808f7ee3f4000000,1
808f7ee464000000,1
808f7ee474000000,1
808f7ee47c000000,1
808f7ee484000000,1
808f7ee48c000000,1
808f7ee494000000,2
808f7ee49c000000,2
808f7ee4a4000000,2
808f7ee4ac000000,2
808f7ee4b4000000,2
808f7ee4bc000000,2
808f7ee4c4000000,2
808f7ee4cc000000,2
808f7ee4d4000000,2
808f7ee4dc000000,2
808f7ee4e4000000,2
808f7ee4ec000000,2
808f7ee4f4000000,1
808f7ee4fc000000,1
808f7ee51c000000,2
808f7ee524000000,2
808f7ee52c000000,2
808f7ee534000000,2
808f7ee53c000000,2
808f7ee54c000000,2
808f7ee554000000,1
808f7ee82c000000,1
808f7ee834000000,1
808f7ee83c000000,1
808f7ee844000000,1
808f7ee84c000000,1
808f7ee854000000,1
808f7ee85c000000,1
808f7ee8c4000000,1
808f7ee8cc000000,1
808f7ee8d4000000,1
808f7ee8dc000000,1
808f7ee8e4000000,1
808f7ee8ec000000,1
808f7ee8f4000000,1
808f7ee8fc000000,1
808f7ee904000000,1
808f7ee90c000000,1
808f7ee914000000,1
808f7ee91c000000,1
808f7ee924000000,1
808f7ee92c000000,1
808f7ee934000000,1
808f7ee93c000000,1
808f7ee944000000,1
808f7ee94c000000,1
808f7ee954000000,1
808f7ee95c000000,1
808f7ee964000000,1
808f7ee96c000000,1
808f7ee974000000,1
808f7ee97c000000,1
808f7ee984000000,1
808f7ee98c000000,1
808f7ee994000000,1
808f7ee99c000000,1
808f7ee9a4000000,1
808f7ee9ac000000,1
808f7ee9b4000000,1
808f7ee9bc000000,1
808f7ee9c4000000,1
808f7ee9cc000000,1
808f7ee9d4000000,1
808f7ee9dc000000,1
808f7ee9e4000000,1
808f7ee9ec000000,1
808f7ee9f4000000,1
808f7ee9fc000000,1
808f7eea04000000,1
808f7eea0c000000,1
808f7eea14000000,1
808f7eea1c000000,1
808f7eea24000000,1
808f7eea2c000000,1
808f7eea34000000,1
808f7eea3c000000,1
808f7eea44000000,1
808f7eea4c000000,1
808f7eea54000000,1
808f7eea5c000000,1
808f7eea64000000,1
808f7eea6c000000,1
808f7eea74000000,1
808f7eea7c000000,1
808f7eea8c000000,1
808f7eeadc000000,1
808f7eeae4000000,1
808f7eeaec000000,1
808f7eeaf4000000,1
808f7eeafc000000,1
808f7eeb04000000,1
808f7eeb0c000000,1
808f7eeb14000000,1
808f7eeb1c000000,1
808f7eeb24000000,1
808f7eeb34000000,1
808f7eeb3c000000,1
808f7eeb44000000,1
808f7eeb4c000000,1
808f7eeb54000000,1
808f7eeb5c000000,1
808f7eeb64000000,1
808f7eeb6c000000,1
808f7eeb74000000,1
808f7eeb7c000000,1
808f7eeb84000000,1
808f7eeb8c000000,1
808f7eeb94000000,1
808f7eeb9c000000,1
808f7eeba4000000,1
808f7eebac000000,1
808f7eebb4000000,1
808f7eebbc000000,1
808f7eebc4000000,1
808f7eebcc000000,1
808f7eebd4000000,1
808f7eebdc000000,1
808f7eebe4000000,1
808f7eebec000000,1
808f7eebf4000000,1
808f7eebfc000000,1
808f7eec04000000,1
808f7eec0c000000,1
808f7eec14000000,1
808f7eec1c000000,1
808f7eec24000000,1
808f7eec2c000000,1
808f7eec34000000,1
808f7eec3c000000,1
808f7eec44000000,1
808f7eec4c000000,1
808f7eec54000000,1
808f7eec5c000000,1
808f7eec64000000,1
808f7eec6c000000,1
808f7eec74000000,1
808f7eec7c000000,1
808f7eec84000000,1
808f7eec8c000000,1
808f7eec94000000,1
808f7eec9c000000,1
808f7eeca4000000,1
808f7eecac000000,1
808f7eecb4000000,1
808f7eecbc000000,1
808f7eecc4000000,1
808f7eeccc000000,1
808f7eecd4000000,2
808f7eecdc000000,2
808f7eece4000000,1
808f7eecec000000,1
808f7eecf4000000,1
808f7eecfc000000,1
808f7eed04000000,1
808f7eed0c000000,1
808f7eed14000000,2
808f7eed1c000000,2
808f7eed24000000,2
808f7eed2c000000,2
808f7eed34000000,2
808f7eed3c000000,2
808f7eed44000000,2
808f7eed4c000000,2
808f7eed54000000,2
808f7eed5c000000,2
808f7eed64000000,2
808f7eed6c000000,2
808f7eed74000000,1
808f7eed7c000000,1
808f7eed84000000,1
808f7eed8c000000,1
808f7eed94000000,1
808f7eed9c000000,1
808f7eeda4000000,1
808f7eedac000000,1
808f7eedb4000000,1
808f7eedbc000000,1
808f7eedc4000000,1
808f7eedcc000000,1
808f7eedd4000000,1
808f7eeddc000000,1
808f7eede4000000,1
808f7eedec000000,1
808f7eedf4000000,1
808f7eedfc000000,1
808f7eee04000000,1
808f7eee0c000000,1
808f7eee14000000,1
808f7eee1c000000,1
808f7eee24000000,1
808f7eee2c000000,1
808f7eee34000000,1
808f7eee3c000000,1
808f7eee44000000,1
808f7eee4c000000,1
808f7eee54000000,1
808f7eee5c000000,1
808f7eee64000000,1
808f7eee6c000000,1
808f7eee74000000,1
808f7eee7c000000,1
808f7eee84000000,1
808f7eee8c000000,1
808f7eee94000000,1
808f7eee9c000000,1
808f7eeea4000000,1
808f7eeeac000000,1
808f7eeeb4000000,1
808f7eeebc000000,1
808f7eeec4000000,1
808f7eeecc000000,1
808f7eeed4000000,1
808f7eeedc000000,1
808f7eeee4000000,1
808f7eeeec000000,1
808f7eeef4000000,1
808f7eeefc000000,1
808f7eef04000000,1
808f7eef0c000000,1
808f7eef14000000,1
808f7eef1c000000,1
808f7eef24000000,1
808f7eef2c000000,1
808f7eef34000000,1
808f7eef3c000000,1
808f7eef94000000,1
808f7eefa4000000,1
808f7eefac000000,1
808f7eefb4000000,1
808f7eefbc000000,1
808f7eefc4000000,1
808f7eefcc000000,1
808f7eefd4000000,1
808f7eefdc000000,1
808f7eefe4000000,1
808f7eefec000000,1
808f7eeff4000000,1
808f7eeffc000000,1
808f7ef004000000,1
808f7ef00c000000,2
808f7ef014000000,1
808f7ef01c000000,1
808f7ef024000000,1
808f7ef02c000000,1
808f7ef034000000,1
808f7ef03c000000,1
808f7ef044000000,1
808f7ef04c000000,1
808f7ef054000000,1
808f7ef05c000000,1
808f7ef064000000,2
808f7ef06c000000,2
808f7ef074000000,2
808f7ef07c000000,2
808f7ef084000000,2
808f7ef08c000000,2
808f7ef094000000,3
808f7ef09c000000,3
808f7ef0a4000000,3
808f7ef0ac000000,3
808f7ef0b4000000,3
808f7ef0bc000000,3
808f7ef0c4000000,3
808f7ef0cc000000,3
808f7ef0d4000000,3
808f7ef0dc000000,3
808f7ef0e4000000,2
808f7ef0ec000000,3
808f7ef0f4000000,2
808f7ef0fc000000,1
808f7ef104000000,1
808f7ef10c000000,1
808f7ef114000000,2
808f7ef11c000000,2
808f7ef124000000,2
808f7ef12c000000,2
808f7ef134000000,2
808f7ef13c000000,2
808f7ef144000000,2
808f7ef14c000000,2
808f7ef154000000,2
808f7ef15c000000,2
808f7ef164000000,2
808f7ef16c000000,2
808f7ef174000000,1
808f7ef17c000000,1
808f7ef184000000,1
808f7ef18c000000,1
808f7ef194000000,1
808f7ef19c000000,1
808f7ef1a4000000,1
808f7ef1ac000000,1
808f7ef1b4000000,1
808f7ef1bc000000,1
808f7ef1c4000000,1
808f7ef1cc000000,1
808f7ef1d4000000,1
808f7ef1dc000000,1
808f7ef1e4000000,1
808f7ef1ec000000,1
808f7ef1f4000000,1
808f7ef1fc000000,1
808f7ef204000000,1
808f7ef20c000000,1
808f7ef214000000,1
808f7ef21c000000,1
808f7ef224000000,1
808f7ef22c000000,1
808f7ef234000000,1
808f7ef23c000000,1
808f7ef244000000,1
808f7ef24c000000,1
808f7ef254000000,1
808f7ef25c000000,1
808f7ef264000000,1
808f7ef26c000000,1
808f7ef274000000,1
808f7ef27c000000,1
808f7ef284000000,1
808f7ef28c000000,1
808f7ef294000000,1
808f7ef29c000000,2
808f7ef2a4000000,2
808f7ef2ac000000,2
808f7ef2b4000000,2
808f7ef2bc000000,2
808f7ef2c4000000,2
808f7ef2cc000000,2
808f7ef2d4000000,2
808f7ef2dc000000,1
808f7ef2e4000000,1
808f7ef2ec000000,1
808f7ef2f4000000,1
808f7ef2fc000000,1
808f7ef304000000,1
808f7ef30c000000,1
808f7ef314000000,1
808f7ef31c000000,1
808f7ef324000000,1
808f7ef32c000000,2
808f7ef334000000,1
808f7ef33c000000,1
808f7ef344000000,1
808f7ef34c000000,1
808f7ef354000000,1
808f7ef35c000000,1
808f7ef364000000,1
808f7ef36c000000,1
808f7ef374000000,1
808f7ef37c000000,1
808f7ef384000000,2
808f7ef38c000000,2
808f7ef394000000,2
808f7ef39c000000,1
808f7ef3a4000000,1
808f7ef3ac000000,1
808f7ef3b4000000,1
808f7ef3bc000000,1
808f7ef3c4000000,1
808f7ef3cc000000,1
808f7ef3d4000000,1
808f7ef3dc000000,2
808f7ef3e4000000,2
808f7ef3ec000000,2
808f7ef3f4000000,2
808f7ef3fc000000,2
808f7ef404000000,2
808f7ef40c000000,2
808f7ef414000000,2
808f7ef41c000000,2
808f7ef424000000,2
808f7ef42c000000,2
808f7ef434000000,2
808f7ef43c000000,2
808f7ef444000000,2
808f7ef44c000000,2
808f7ef454000000,2
808f7ef45c000000,2
808f7ef464000000,2
808f7ef46c000000,2
808f7ef474000000,2
808f7ef47c000000,2
808f7ef484000000,2
808f7ef48c000000,2
808f7ef494000000,2
808f7ef49c000000,1
808f7ef4a4000000,1
808f7ef4ac000000,1
808f7ef4b4000000,1
808f7ef4bc000000,1
808f7ef4c4000000,2
808f7ef4cc000000,1
808f7ef4d4000000,2
808f7ef4dc000000,2
808f7ef4e4000000,2
808f7ef4ec000000,2
808f7ef4f4000000,2
808f7ef4fc000000,2
808f7ef504000000,3
808f7ef50c000000,4
808f7ef514000000,4
808f7ef51c000000,2
808f7ef524000000,2
808f7ef52c000000,2
808f7ef534000000,2
808f7ef53c000000,3
808f7ef544000000,4
808f7ef54c000000,4
808f7ef554000000,4
808f7ef55c000000,4
808f7ef564000000,4
808f7ef56c000000,4
808f7ef574000000,4
808f7ef57c000000,4
808f7ef584000000,5
808f7ef58c000000,5
808f7ef594000000,5
808f7ef59c000000,5
808f7ef5a4000000,4
808f7ef5ac000000,3
808f7ef5b4000000,4
808f7ef5bc000000,5
808f7ef5c4000000,4
808f7ef5cc000000,4
808f7ef5d4000000,4
808f7ef5dc000000,4
808f7ef5e4000000,4
808f7ef5ec000000,5
808f7ef5f4000000,5
808f7ef5fc000000,4
808f7ef604000000,4
808f7ef60c000000,4
808f7ef614000000,4
808f7ef61c000000,4
808f7ef624000000,4
808f7ef62c000000,3
808f7ef634000000,4
808f7ef63c000000,4
808f7ef644000000,4
808f7ef64c000000,4
808f7ef654000000,4
808f7ef65c000000,4
808f7ef664000000,4
808f7ef66c000000,4
808f7ef674000000,4
808f7ef67c000000,4
808f7ef684000000,2
808f7ef68c000000,3
808f7ef694000000,2
808f7ef69c000000,2
808f7ef6a4000000,2
808f7ef6ac000000,2
808f7ef6b4000000,2
808f7ef6bc000000,2
808f7ef6c4000000,2
808f7ef6cc000000,2
808f7ef6d4000000,2
808f7ef6dc000000,2
808f7ef6e4000000,2
808f7ef6ec000000,2
808f7ef6f4000000,3
808f7ef6fc000000,3
808f7ef704000000,4
808f7ef70c000000,4
808f7ef714000000,2
808f7ef71c000000,3
808f7ef724000000,2
808f7ef72c000000,2
808f7ef734000000,3
808f7ef73c000000,3
808f7ef744000000,3
808f7ef74c000000,3
808f7ef754000000,3
808f7ef75c000000,3
808f7ef764000000,4
808f7ef76c000000,3
808f7ef774000000,4
808f7ef77c000000,4
808f7ef784000000,3
808f7ef78c000000,5
808f7ef794000000,4
808f7ef79c000000,5
808f7ef7a4000000,4
808f7ef7ac000000,4
808f7ef7b4000000,4
808f7ef7bc000000,4
808f7ef7c4000000,4
808f7ef7cc000000,4
808f7ef7d4000000,5
808f7ef7dc000000,4
808f7ef7e4000000,4
808f7ef7ec000000,4
808f7ef7f4000000,4
808f7ef7fc000000,3
808f7ef804000000,3
808f7ef80c000000,3
808f7ef814000000,4
808f7ef81c000000,4
808f7ef824000000,4
808f7ef82c000000,3
808f7ef834000000,3
808f7ef83c000000,4
808f7ef844000000,4
808f7ef84c000000,4
808f7ef854000000,4
808f7ef85c000000,4
808f7ef864000000,4
808f7ef86c000000,4
808f7ef874000000,3
808f7ef87c000000,3
808f7ef884000000,3
808f7ef88c000000,4
808f7ef894000000,4
808f7ef89c000000,3
808f7ef8a4000000,3
808f7ef8ac000000,3
808f7ef8b4000000,3
808f7ef8bc000000,4
808f7ef8c4000000,4
808f7ef8cc000000,4
808f7ef8d4000000,4
808f7ef8dc000000,4
808f7ef8e4000000,4
808f7ef8ec000000,4
808f7ef8f4000000,4
808f7ef8fc000000,4
808f7ef904000000,3
808f7ef90c000000,3
808f7ef914000000,4
808f7ef91c000000,4
808f7ef924000000,4
808f7ef92c000000,4
808f7ef934000000,4
808f7ef93c000000,4
808f7ef944000000,4
808f7ef94c000000,4
808f7ef954000000,4
808f7ef95c000000,4
808f7ef964000000,4
808f7ef96c000000,4
808f7ef974000000,3
808f7ef97c000000,3
808f7ef984000000,3
808f7ef98c000000,3
808f7ef994000000,3
808f7ef99c000000,3
808f7ef9a4000000,3
808f7ef9ac000000,3
808f7ef9b4000000,3
808f7ef9bc000000,3
808f7ef9c4000000,3
808f7ef9cc000000,3
808f7ef9d4000000,3
808f7ef9dc000000,4
808f7ef9e4000000,3
808f7ef9ec000000,3
808f7ef9f4000000,3
808f7ef9fc000000,3
808f7efa04000000,3
808f7efa0c000000,3
808f7efa14000000,3
808f7efa1c000000,3
808f7efa24000000,2
808f7efa2c000000,3
808f7efa34000000,2
808f7efa3c000000,3
808f7efa44000000,3
808f7efa4c000000,2
808f7efa54000000,1
808f7efa5c000000,1
808f7efa64000000,2
808f7efa6c000000,3
808f7efa74000000,3
808f7efa7c000000,2
808f7efa84000000,2
808f7efa8c000000,2
808f7efa94000000,2
808f7efa9c000000,2
808f7efaa4000000,2
808f7efaac000000,2
808f7efab4000000,2
808f7efabc000000,3
808f7efac4000000,2
808f7efacc000000,2
808f7efad4000000,2
808f7efadc000000,2
808f7efae4000000,2
808f7efaec000000,2
808f7efaf4000000,1
808f7efafc000000,2
808f7efb04000000,2
808f7efb0c000000,2
808f7efb14000000,2
808f7efb1c000000,2
808f7efb24000000,2
808f7efb2c000000,2
808f7efb34000000,2
808f7efb3c000000,2
808f7efb44000000,2
808f7efb4c000000,2
808f7efb54000000,2
808f7efb5c000000,2
808f7efb64000000,2
808f7efb6c000000,2
808f7efb74000000,2
808f7efb7c000000,2
808f7efb84000000,2
808f7efb8c000000,3
808f7efb94000000,3
808f7efb9c000000,2
808f7efba4000000,2
808f7efbac000000,1
808f7efbb4000000,2
808f7efbbc000000,3
808f7efbc4000000,3
808f7efbcc000000,2
808f7efbd4000000,3
808f7efbdc000000,4
808f7efbe4000000,4
808f7efbec000000,4
808f7efbf4000000,4
808f7efbfc000000,4
808f7efc04000000,4
808f7efc0c000000,4
808f7efc14000000,4
808f7efc1c000000,4
808f7efc24000000,4
808f7efc2c000000,3
808f7efc34000000,3
808f7efc3c000000,4
808f7efc44000000,4
808f7efc4c000000,3
808f7efc54000000,2
808f7efc5c000000,2
808f7efc64000000,2
808f7efc6c000000,3
808f7efc74000000,3
808f7efc7c000000,2
808f7efc84000000,2
808f7efc8c000000,2
808f7efc94000000,2
808f7efc9c000000,2
808f7efca4000000,2
808f7efcac000000,2
808f7efcb4000000,2
808f7efcbc000000,2
808f7efcc4000000,2
808f7efccc000000,2
808f7efcd4000000,1
808f7efcdc000000,2
808f7efce4000000,2
808f7efcec000000,2
808f7efcf4000000,2
808f7efcfc000000,2
808f7efd04000000,1
808f7efd0c000000,1
808f7efd14000000,1
808f7efd1c000000,1
808f7efd24000000,1
808f7efd2c000000,1
808f7efd34000000,1
808f7efd3c000000,1
808f7efd44000000,1
808f7efd4c000000,1
808f7efd54000000,2
808f7efd5c000000,2
808f7efd64000000,2
808f7efd6c000000,2
808f7efd74000000,2
808f7efd7c000000,3
808f7efd84000000,3
808f7efd8c000000,3
808f7efd94000000,3
808f7efd9c000000,2
808f7efda4000000,1
808f7efdac000000,1
808f7efdb4000000,2
808f7efdbc000000,3
808f7efdc4000000,3
808f7efdcc000000,2
808f7efdd4000000,2
808f7efddc000000,3
808f7efde4000000,4
808f7efdec000000,4
808f7efdf4000000,4
808f7efdfc000000,3
808f7efe04000000,3
808f7efe0c000000,3
808f7efe14000000,3
808f7efe1c000000,3
808f7efe24000000,3
808f7efe2c000000,3
808f7efe34000000,3
808f7efe3c000000,3
808f7efe44000000,2
808f7efe4c000000,2
808f7efe54000000,2
808f7efe5c000000,2
808f7efe64000000,2
808f7efe6c000000,2
808f7efe74000000,2
808f7efe7c000000,2
808f7efe84000000,4
808f7efe8c000000,4
808f7efe94000000,5
808f7efe9c000000,4
808f7efea4000000,4
808f7efeac000000,4
808f7efeb4000000,4
808f7efebc000000,4
808f7efec4000000,4
808f7efecc000000,5
808f7efed4000000,4
808f7efedc000000,4
808f7efee4000000,4
808f7efeec000000,4
808f7efef4000000,3
808f7efefc000000,3
808f7eff04000000,3
808f7eff0c000000,3
808f7eff14000000,3
808f7eff1c000000,3
808f7eff24000000,4
808f7eff2c000000,4
808f7eff34000000,4
808f7eff3c000000,3
808f7eff44000000,3
808f7eff4c000000,3
808f7eff54000000,3
808f7eff5c000000,3
808f7eff64000000,3
808f7eff6c000000,3
808f7eff74000000,3
808f7eff7c000000,3
808f7eff84000000,4
808f7eff8c000000,3
808f7eff94000000,2
808f7eff9c000000,2
808f7effa4000000,2
808f7effac000000,2
808f7effb4000000,2
808f7effbc000000,2
808f7effc4000000,3
808f7effcc000000,3
808f7effd4000000,4
808f7effdc000000,5
808f7effe4000000,5
808f7effec000000,3
808f7efff4000000,3
808f7efffc000000,4
808f7f0004000000,4
808f7f000c000000,5
808f7f0014000000,4
808f7f001c000000,5
808f7f0024000000,5
808f7f002c000000,5
808f7f0034000000,4
808f7f003c000000,4
808f7f0044000000,4
808f7f004c000000,4
808f7f0054000000,3
808f7f005c000000,5
808f7f0064000000,5
808f7f006c000000,5
808f7f0074000000,5
808f7f007c000000,5
808f7f0084000000,4
808f7f008c000000,4
808f7f0094000000,4
808f7f009c000000,4
808f7f00a4000000,4
808f7f00ac000000,3
808f7f00b4000000,4
808f7f00bc000000,4
808f7f00c4000000,4
808f7f00cc000000,4
808f7f00d4000000,4
808f7f00dc000000,4
808f7f00e4000000,4
808f7f00ec000000,4
808f7f00f4000000,4
808f7f00fc000000,4
808f7f0104000000,3
808f7f010c000000,3
808f7f0114000000,3
808f7f011c000000,4
808f7f0124000000,4
808f7f012c000000,4
808f7f0134000000,3
808f7f013c000000,4
808f7f0144000000,2
808f7f014c000000,3
808f7f0154000000,3
808f7f015c000000,2
808f7f0164000000,2
808f7f016c000000,3
808f7f0174000000,3
808f7f017c000000,2
808f7f0184000000,2
808f7f018c000000,1
808f7f0194000000,2
808f7f019c000000,3
808f7f01a4000000,3
808f7f01ac000000,3
808f7f01b4000000,4
808f7f01bc000000,3
808f7f01c4000000,4
808f7f01cc000000,4
808f7f01d4000000,5
808f7f01dc000000,3
808f7f01e4000000,3
808f7f01ec000000,3
808f7f01f4000000,2
808f7f01fc000000,3
808f7f0204000000,3
808f7f020c000000,3
808f7f0214000000,2
808f7f021c000000,1
808f7f0224000000,1
808f7f022c000000,1
808f7f0234000000,1
808f7f023c000000,2
808f7f0244000000,2
808f7f024c000000,2
808f7f0254000000,2
808f7f025c000000,3
808f7f0264000000,3
808f7f026c000000,3
808f7f0274000000,3
808f7f027c000000,3
808f7f0284000000,3
808f7f028c000000,3
808f7f0294000000,3
808f7f029c000000,3
808f7f02a4000000,3
808f7f02ac000000,2
808f7f02b4000000,3
808f7f02bc000000,3
808f7f02c4000000,3
808f7f02cc000000,3
808f7f02d4000000,2
808f7f02dc000000,2
808f7f02e4000000,2
808f7f02ec000000,3
808f7f02f4000000,3
808f7f02fc000000,2
808f7f0304000000,2
808f7f030c000000,2
808f7f0314000000,2
808f7f031c000000,2
808f7f0324000000,2
808f7f032c000000,2
808f7f0334000000,2
808f7f033c000000,2
808f7f0344000000,2
808f7f034c000000,2
808f7f0354000000,2
808f7f035c000000,2
808f7f0364000000,2
808f7f036c000000,2
808f7f0374000000,2
808f7f037c000000,2
808f7f0384000000,2
808f7f038c000000,1
808f7f0394000000,1
808f7f039c000000,2
808f7f03a4000000,2
808f7f03ac000000,2
808f7f03b4000000,2
808f7f03bc000000,1
808f7f03c4000000,2
808f7f03cc000000,1
808f7f03d4000000,2
808f7f03dc000000,2
808f7f03e4000000,2
808f7f03ec000000,2
808f7f03f4000000,2
808f7f03fc000000,2
808f7f0404000000,3
808f7f040c000000,2
808f7f0414000000,3
808f7f041c000000,3
808f7f0424000000,3
808f7f042c000000,3
808f7f0434000000,3
808f7f043c000000,3
808f7f0444000000,1
808f7f044c000000,2
808f7f0454000000,1
808f7f045c000000,1
808f7f0464000000,1
808f7f046c000000,2
808f7f0474000000,1
808f7f047c000000,1
808f7f0484000000,2
808f7f048c000000,1
808f7f0494000000,1
808f7f049c000000,2
808f7f04a4000000,2
808f7f04ac000000,2
808f7f04b4000000,1
808f7f04bc000000,1
808f7f04c4000000,1
808f7f04cc000000,1
808f7f04d4000000,1
808f7f04dc000000,1
808f7f04e4000000,1
808f7f04ec000000,1
808f7f04f4000000,1
808f7f04fc000000,1
808f7f0504000000,1
808f7f050c000000,1
808f7f0514000000,1
808f7f051c000000,1
808f7f0524000000,1
808f7f052c000000,1
808f7f0534000000,1
808f7f053c000000,1
808f7f0544000000,1
808f7f054c000000,1
808f7f056c000000,1
808f7f0584000000,1
808f7f058c000000,1
808f7f0594000000,1
808f7f059c000000,1
808f7f05a4000000,2
808f7f05ac000000,2
808f7f05b4000000,2
808f7f05bc000000,1
808f7f05c4000000,1
808f7f05cc000000,2
808f7f05d4000000,2
808f7f05dc000000,1
808f7f05e4000000,1
808f7f05ec000000,1
808f7f05f4000000,1
808f7f05fc000000,1
808f7f0604000000,1
808f7f060c000000,2
808f7f0614000000,2
808f7f061c000000,2
808f7f0624000000,2
808f7f062c000000,3
808f7f0634000000,3
808f7f063c000000,2
808f7f0644000000,2
808f7f064c000000,2
808f7f0654000000,2
808f7f065c000000,2
808f7f0664000000,2
808f7f066c000000,2
808f7f0674000000,2
808f7f067c000000,2
808f7f0684000000,3
808f7f068c000000,2
808f7f0694000000,3
808f7f069c000000,3
808f7f06a4000000,3
808f7f06ac000000,3
808f7f06b4000000,3
808f7f06bc000000,3
808f7f06c4000000,3
808f7f06cc000000,3
808f7f06d4000000,4
808f7f06dc000000,3
808f7f06e4000000,2
808f7f06ec000000,3
808f7f06f4000000,2
808f7f06fc000000,2
808f7f0704000000,3
808f7f070c000000,3
808f7f0714000000,3
808f7f071c000000,3
808f7f0724000000,4
808f7f072c000000,4
808f7f0734000000,4
808f7f073c000000,3
808f7f0744000000,3
808f7f074c000000,3
808f7f0754000000,4
808f7f075c000000,3
808f7f0764000000,3
808f7f076c000000,3
808f7f0774000000,3
808f7f077c000000,3
808f7f0784000000,4
808f7f078c000000,4
808f7f0794000000,4
808f7f079c000000,4
808f7f07a4000000,3
808f7f07ac000000,3
808f7f07b4000000,4
808f7f07bc000000,4
808f7f07c4000000,4
808f7f07cc000000,4
808f7f07d4000000,4
808f7f07dc000000,4
808f7f07e4000000,4
808f7f07ec000000,4
808f7f07f4000000,4
808f7f07fc000000,4
808f7f0804000000,4
808f7f080c000000,4
808f7f0814000000,4
808f7f081c000000,4
808f7f0824000000,3
808f7f082c000000,3
808f7f0834000000,3
808f7f083c000000,3
808f7f0844000000,3
808f7f084c000000,3
808f7f0854000000,3
808f7f085c000000,3
808f7f0864000000,3
808f7f086c000000,3
808f7f0874000000,4
808f7f087c000000,3
808f7f0884000000,3
808f7f088c000000,3
808f7f0894000000,2
808f7f089c000000,3
808f7f08a4000000,1
808f7f08ac000000,1
808f7f08b4000000,1
808f7f08bc000000,1
808f7f08c4000000,2
808f7f08cc000000,1
808f7f08d4000000,2
808f7f08dc000000,2
808f7f08e4000000,2
808f7f08ec000000,2
808f7f08f4000000,3
808f7f08fc000000,2
808f7f0904000000,2
808f7f090c000000,2
808f7f0914000000,2
808f7f091c000000,2
808f7f0924000000,2
808f7f092c000000,2
808f7f0934000000,2
808f7f093c000000,2
808f7f0944000000,2
808f7f094c000000,2
808f7f0954000000,2
808f7f095c000000,2
808f7f0964000000,2
808f7f096c000000,2
808f7f0974000000,2
808f7f097c000000,2
808f7f0984000000,2
808f7f098c000000,2
808f7f0994000000,2
808f7f099c000000,2
808f7f09a4000000,2
808f7f09ac000000,3
808f7f09b4000000,3
808f7f09bc000000,3
808f7f09c4000000,3
808f7f09cc000000,3
808f7f09d4000000,3
808f7f09dc000000,3
808f7f09e4000000,3
808f7f09ec000000,3
808f7f09f4000000,2
808f7f09fc000000,3
808f7f0a04000000,2
808f7f0a0c000000,2
808f7f0a14000000,2
808f7f0a1c000000,2
808f7f0a24000000,2
808f7f0a2c000000,2
808f7f0a34000000,2
808f7f0a3c000000,2
808f7f0a44000000,2
808f7f0a4c000000,2
808f7f0a54000000,2
808f7f0a5c000000,2
808f7f0a64000000,2
808f7f0a6c000000,2
808f7f0a74000000,1
808f7f0a7c000000,1
808f7f0a84000000,1
808f7f0a8c000000,1
808f7f0a94000000,1
808f7f0a9c000000,1
808f7f0aa4000000,1
808f7f0aac000000,1
808f7f0ab4000000,1
808f7f0abc000000,1
808f7f0ac4000000,1
808f7f0acc000000,1
808f7f0ad4000000,1
808f7f0adc000000,1
808f7f0ae4000000,2
808f7f0aec000000,1
808f7f0af4000000,2
808f7f0afc000000,2
808f7f0b04000000,2
808f7f0b0c000000,2
808f7f0b14000000,2
808f7f0b1c000000,2
808f7f0b24000000,2
808f7f0b2c000000,1
808f7f0b34000000,1
808f7f0b3c000000,2
808f7f0b44000000,2
808f7f0b4c000000,1
808f7f0b54000000,1
808f7f0b5c000000,1
808f7f0b64000000,2
808f7f0b6c000000,2
808f7f0b74000000,2
808f7f0b7c000000,2
808f7f0b84000000,2
808f7f0b8c000000,2
808f7f0b94000000,2
808f7f0b9c000000,2
808f7f0ba4000000,2
808f7f0bac000000,2
808f7f0bb4000000,2
808f7f0bbc000000,2
808f7f0bc4000000,2
808f7f0bcc000000,2
808f7f0bd4000000,2
808f7f0bdc000000,2
808f7f0be4000000,2
808f7f0bec000000,2
808f7f0bf4000000,2
808f7f0bfc000000,2
808f7f0c04000000,2
808f7f0c0c000000,2
808f7f0c14000000,2
808f7f0c1c000000,2
808f7f0c24000000,2
808f7f0c2c000000,1
808f7f0c34000000,1
808f7f0c3c000000,1
808f7f0c44000000,1
808f7f0c4c000000,1
808f7f0c54000000,1
808f7f0c5c000000,1
808f7f0c64000000,1
808f7f0c6c000000,2
808f7f0c74000000,2
808f7f0c7c000000,2
808f7f0c84000000,2
808f7f0c8c000000,1
808f7f0c94000000,1
808f7f0c9c000000,1
808f7f0ca4000000,1
808f7f0cac000000,1
808f7f0cb4000000,1
808f7f0cbc000000,1
808f7f0cc4000000,1
808f7f0ccc000000,1
808f7f0cd4000000,1
808f7f0cdc000000,1
808f7f0ce4000000,1
808f7f0cec000000,1
808f7f0cf4000000,1
808f7f0cfc000000,1
808f7f0d04000000,1
808f7f0d0c000000,1
808f7f0d14000000,1
808f7f0d1c000000,1
808f7f0d24000000,1
808f7f0d2c000000,1
808f7f0d34000000,1
808f7f0d3c000000,1
808f7f0d44000000,1
808f7f0d4c000000,1
808f7f0d54000000,1
808f7f0d5c000000,1
808f7f0d64000000,1
808f7f0d6c000000,1
808f7f0d74000000,1
808f7f0d7c000000,1
808f7f0d94000000,1
808f7f0d9c000000,1
808f7f0da4000000,1
808f7f0dac000000,1
808f7f0db4000000,1
808f7f0dbc000000,1
808f7f0dc4000000,1
808f7f0dcc000000,1
808f7f0dd4000000,1
808f7f0ddc000000,1
808f7f0dec000000,1
808f7f0e64000000,1
808f7f0e7c000000,1
808f7f0e84000000,1
808f7f0e8c000000,1
808f7f0e94000000,2
808f7f0e9c000000,2
808f7f0ea4000000,2
808f7f0eac000000,2
808f7f0eb4000000,2
808f7f0ebc000000,2
808f7f0ec4000000,2
808f7f0ecc000000,2
808f7f0ed4000000,2
808f7f0edc000000,2
808f7f0ee4000000,1
808f7f0eec000000,1
808f7f0ef4000000,1
808f7f0efc000000,1
808f7f0f04000000,1
808f7f0f0c000000,1
808f7f0f14000000,1
808f7f0f1c000000,1
808f7f0f24000000,1
808f7f0f2c000000,2
808f7f0f34000000,1
808f7f0f3c000000,1
808f7f0f44000000,1
808f7f0f4c000000,1
808f7f0f54000000,1
808f7f0f5c000000,1
808f7f0f64000000,1
808f7f0f6c000000,1
808f7f0f74000000,1
808f7f0f7c000000,1
808f7f12a4000000,1
808f7f12ac000000,1
808f7f1934000000,1
808f7f193c000000,1
808f7f1944000000,1
808f7f194c000000,1
808f7f1954000000,2
808f7f195c000000,2
808f7f1964000000,2
808f7f196c000000,1
808f7f197c000000,2
808f7f1984000000,1
808f7f1a24000000,2
808f7f1a2c000000,2
808f7f1a34000000,2
808f7f1a3c000000,2
808f7f1a44000000,2
808f7f1a4c000000,2
808f7f1a54000000,2
808f7f1a5c000000,1
808f7f1a64000000,1
808f7f1a6c000000,1
808f7f1a8c000000,1
808f7f1a94000000,1
808f7f1ab4000000,1
808f7f1abc000000,1
808f7f1ac4000000,1
808f7f1acc000000,1
808f7f1ad4000000,1
808f7f1adc000000,1
808f7f1ae4000000,1
808f7f1aec000000,1
808f7f1af4000000,1
808f7f1afc000000,1
808f7f1b04000000,2
808f7f1b0c000000,2
808f7f1b14000000,2
808f7f1b1c000000,1
808f7f1b24000000,1
808f7f1b2c000000,1
808f7f1b34000000,1
808f7f1b3c000000,1
808f7f1b44000000,2
808f7f1b4c000000,1
808f7f1b54000000,2
808f7f1b5c000000,2
808f7f1b64000000,2
808f7f1b6c000000,2
808f7f1b74000000,2
808f7f1b7c000000,2
808f7f1b84000000,2
808f7f1b8c000000,2
808f7f1b94000000,2
808f7f1b9c000000,2
808f7f1ba4000000,2
808f7f1bac000000,2
808f7f1bb4000000,2
808f7f1bbc000000,2
808f7f1bc4000000,2
808f7f1bcc000000,2
808f7f1bd4000000,2
808f7f1bdc000000,2
808f7f1be4000000,2
808f7f1bec000000,2
808f7f1bf4000000,2
808f7f1bfc000000,2
808f7f1c04000000,3
808f7f1c0c000000,2
808f7f1c14000000,3
808f7f1c1c000000,3
808f7f1c24000000,2
808f7f1c2c000000,2
808f7f1c34000000,2
808f7f1c3c000000,3
808f7f1c44000000,3
808f7f1c4c000000,3
808f7f1c54000000,3
808f7f1c5c000000,3
808f7f1c64000000,2
808f7f1c6c000000,3
808f7f1c74000000,2
808f7f1c7c000000,2
808f7f1c84000000,2
808f7f1c8c000000,2
808f7f1c94000000,2
808f7f1c9c000000,2
808f7f1ca4000000,2
808f7f1cac000000,2
808f7f1cb4000000,2
808f7f1cbc000000,2
808f7f1cc4000000,2
808f7f1ccc000000,2
808f7f1cd4000000,2
808f7f1cdc000000,2
808f7f1ce4000000,3
808f7f1cec000000,2
808f7f1cf4000000,3
808f7f1cfc000000,3
808f7f1d04000000,3
808f7f1d0c000000,2
808f7f1d14000000,3
808f7f1d1c000000,3
808f7f1d24000000,3
808f7f1d2c000000,2
808f7f1d34000000,3
808f7f1d3c000000,3
808f7f1d44000000,2
808f7f1d4c000000,3
808f7f1d54000000,2
808f7f1d5c000000,2
808f7f1d64000000,2
808f7f1d6c000000,2
808f7f1d74000000,2
808f7f1d7c000000,2
808f7f1d84000000,1
808f7f1d8c000000,1
808f7f1d94000000,1
808f7f1d9c000000,1
808f7f1da4000000,2
808f7f1dac000000,3
808f7f1db4000000,2
808f7f1dbc000000,1
808f7f1dc4000000,1
808f7f1dcc000000,2
808f7f1dd4000000,1
808f7f1ddc000000,1
808f7f1de4000000,1
808f7f1dec000000,1
808f7f1df4000000,1
808f7f1dfc000000,1
808f7f1e74000000,1
808f7f1e7c000000,1
808f7f1e84000000,2
808f7f1e94000000,1
808f7f1e9c000000,2
808f7f1ea4000000,2
808f7f1eac000000,1
808f7f1eb4000000,1
808f7f1ebc000000,1
808f7f1ec4000000,1
808f7f1ecc000000,1
808f7f1ed4000000,1
808f7f6d4c000000,1
808f7f6d54000000,1
808f7f6d5c000000,1
808f7f6d64000000,1
808f7f725c000000,1
808f7f7264000000,1
808f7f727c000000,1
808f7f7284000000,1
808f7f728c000000,1
808f7f7294000000,1
808f7f729c000000,1
808f7f72a4000000,1
808f7f72ac000000,1
808f7f72b4000000,1
808f7f72bc000000,1
808f7f72c4000000,1
808f7f72cc000000,1
808f7f72d4000000,1
808f7f72dc000000,1
808f7f72e4000000,1
808f7f72ec000000,1
808f7f72f4000000,1
808f7f72fc000000,1
808f7f7304000000,1
808f7f730c000000,1
808f7f7314000000,1
808f7f731c000000,1
808f7f7324000000,1
808f7f732c000000,1
808f7f7334000000,1
808f7f733c000000,1
808f7f7344000000,1
808f7f734c000000,1
808f7f7354000000,1
808f7f735c000000,1
808f7f7364000000,1
808f7f736c000000,1
808f7f7374000000,1
808f7f749c000000,1
808f7f74a4000000,1
808f7f74ac000000,1
808f7f74b4000000,1
808f7f74bc000000,1
808f7f74c4000000,1
808f7f74cc000000,1
808f7f74d4000000,1
808f7f9544000000,1
808f7f954c000000,2
808f7f9554000000,3
808f7f955c000000,2
808f7f9564000000,2
808f7f956c000000,1
808f7f9574000000,1
808f7f957c000000,2
808f7f9584000000,2
808f7f958c000000,2
808f7f9594000000,1
808f7f959c000000,1
808f7f95dc000000,1
808f7f95e4000000,1
808f7f95ec000000,1
808f7f95f4000000,2
808f7f95fc000000,2
808f7f9604000000,1
808f7f960c000000,1
808f7f9614000000,1
808f7f961c000000,1
808f7f9624000000,1
808f7f962c000000,1
808f7f9634000000,1
808f7f963c000000,1
808f7f9644000000,1
808f7f964c000000,1
808f7f9654000000,1
808f7f965c000000,1
808f7f9664000000,1
808f7f966c000000,1
808f7f9674000000,1
808f7f967c000000,1
808f7f968c000000,1
808f7f96dc000000,1
808f7f96e4000000,1
808f7f96ec000000,1
808f7f96f4000000,1
808f7f96fc000000,1
808f7f9704000000,1
808f7f970c000000,1
808f7f9714000000,1
808f7f971c000000,1
808f7f9724000000,1
808f7f972c000000,1
808f7f9734000000,1
808f7f973c000000,1
808f7f9744000000,1
808f7f974c000000,1
808f7f9754000000,1
808f7f975c000000,1
808f7f9764000000,1
808f7f976c000000,1
808f7f9774000000,1
808f7f977c000000,1
808f7f9784000000,1
808f7f978c000000,1
808f7f9794000000,1
808f7f979c000000,1
808f7f97a4000000,1
808f7f97ac000000,1
808f7f97b4000000,1
808f7f97bc000000,1
808f7f97c4000000,1
808f7f97cc000000,1
808f7f97d4000000,1
808f7f97dc000000,1
808f7f97e4000000,1
808f7f97ec000000,1
808f7f97f4000000,1
808f7f97fc000000,1
808f7f9804000000,2
808f7f980c000000,2
808f7f9814000000,1
808f7f981c000000,1
808f7f9824000000,1
808f7f982c000000,1
808f7f9834000000,1
808f7f983c000000,1
808f7f9874000000,1
808f7f987c000000,1
808f7f9884000000,1
808f7f989c000000,1
808f7f98a4000000,1
808f7f98ac000000,1
808f7f99c4000000,1
808f7f99cc000000,1
808f7f99d4000000,1
808f7f99dc000000,1
808f7f99e4000000,1
808f7f99ec000000,1
808f7f99fc000000,1
808f7f9f44000000,1
808f7f9f54000000,1
808f7f9f5c000000,1
808f7f9f64000000,2
808f7f9f6c000000,1
808f7fa00c000000,1
808f7fa014000000,1
808f7fa024000000,1
808f7fa02c000000,1
808f7fa034000000,1
808f7fa03c000000,1
808f7fa044000000,1
808f7fa04c000000,1
808f7fa054000000,2
808f7fa05c000000,1
808f7fa064000000,1
808f7fa06c000000,1
808f7fa074000000,1
808f7fa07c000000,1
808f7fa084000000,1
808f7fa08c000000,1
808f7fa094000000,1
808f7fa09c000000,1
808f7fa0a4000000,1
808f7fa0ac000000,2
808f7fa0b4000000,1
808f7fa0bc000000,1
808f7fa0c4000000,1
808f7fa0cc000000,1
808f7fa0d4000000,2
808f7fa0dc000000,1
808f7fa0e4000000,1
808f7fa0ec000000,1
808f7fa0f4000000,1
808f7fa0fc000000,2
808f7fa104000000,2
808f7fa10c000000,3
808f7fa114000000,3
808f7fa11c000000,2
808f7fa124000000,3
808f7fa12c000000,2
808f7fa134000000,3
808f7fa13c000000,3
808f7fa144000000,3
808f7fa14c000000,3
808f7fa154000000,3
808f7fa15c000000,3
808f7fa164000000,3
808f7fa16c000000,3
808f7fa174000000,3
808f7fa17c000000,3
808f7fa184000000,3
808f7fa18c000000,3
808f7fa194000000,3
808f7fa19c000000,3
808f7fa1a4000000,3
808f7fa1ac000000,2
808f7fa1b4000000,3
808f7fa1bc000000,3
808f7fa1c4000000,3
808f7fa1cc000000,2
808f7fa1d4000000,1
808f7fa1dc000000,2
808f7fa1e4000000,2
808f7fa1ec000000,3
808f7fa1f4000000,2
808f7fa1fc000000,2
808f7fa204000000,2
808f7fa20c000000,1
808f7fa214000000,2
808f7fa21c000000,2
808f7fa224000000,3
808f7fa22c000000,3
808f7fa234000000,3
808f7fa23c000000,3
808f7fa244000000,3
808f7fa24c000000,3
808f7fa254000000,3
808f7fa25c000000,3
808f7fa264000000,1
808f7fa26c000000,2
808f7fa274000000,1
808f7fa27c000000,1
808f7fa284000000,1
808f7fa28c000000,2
808f7fa294000000,2
808f7fa29c000000,1
808f7fa2a4000000,2
808f7fa2ac000000,2
808f7fa2b4000000,3
808f7fa2bc000000,3
808f7fa2c4000000,3
808f7fa2cc000000,3
808f7fa2d4000000,3
808f7fa2dc000000,3
808f7fa2e4000000,2
808f7fa2ec000000,2
808f7fa2f4000000,2
808f7fa2fc000000,3
808f7fa304000000,3
808f7fa30c000000,3
808f7fa314000000,4
808f7fa31c000000,3
808f7fa324000000,3
808f7fa32c000000,3
808f7fa334000000,3
808f7fa33c000000,3
808f7fa344000000,4
808f7fa34c000000,3
808f7fa354000000,4
808f7fa35c000000,4
808f7fa364000000,4
808f7fa36c000000,4
808f7fa374000000,4
808f7fa37c000000,4
808f7fa384000000,4
808f7fa38c000000,4
808f7fa394000000,4
808f7fa39c000000,4
808f7fa3a4000000,3
808f7fa3ac000000,3
808f7fa3b4000000,3
808f7fa3bc000000,3
808f7fa3c4000000,3
808f7fa3cc000000,3
808f7fa3d4000000,3
808f7fa3dc000000,3
808f7fa3e4000000,4
808f7fa3ec000000,4
808f7fa3f4000000,4
808f7fa3fc000000,4
808f7fa404000000,4
808f7fa40c000000,4
808f7fa414000000,4
808f7fa41c000000,4
808f7fa424000000,4
808f7fa42c000000,4
808f7fa434000000,4
808f7fa43c000000,4
808f7fa444000000,4
808f7fa44c000000,4
808f7fa454000000,4
808f7fa45c000000,4
808f7fa464000000,4
808f7fa46c000000,4
808f7fa474000000,4
808f7fa47c000000,4
808f7fa484000000,4
808f7fa48c000000,4
808f7fa494000000,4
808f7fa49c000000,4
808f7fa4a4000000,4
808f7fa4ac000000,4
808f7fa4b4000000,4
808f7fa4bc000000,4
808f7fa4c4000000,4
808f7fa4cc000000,4
808f7fa4d4000000,4
808f7fa4dc000000,4
808f7fa4e4000000,4
808f7fa4ec000000,4
808f7fa4f4000000,4
808f7fa4fc000000,4
808f7fa504000000,4
808f7fa50c000000,4
808f7fa514000000,5
808f7fa51c000000,4
808f7fa524000000,4
808f7fa52c000000,5
808f7fa534000000,6
808f7fa53c000000,5
808f7fa544000000,5
808f7fa54c000000,6
808f7fa554000000,6
808f7fa55c000000,5
808f7fa564000000,6
808f7fa56c000000,5
808f7fa574000000,5
808f7fa57c000000,6
808f7fa584000000,5
808f7fa58c000000,5
808f7fa594000000,4
808f7fa59c000000,5
808f7fa5a4000000,4
808f7fa5ac000000,4
808f7fa5b4000000,4
808f7fa5bc000000,4
808f7fa5c4000000,4
808f7fa5cc000000,4
808f7fa5d4000000,5
808f7fa5dc000000,4
808f7fa5e4000000,4
808f7fa5ec000000,5
808f7fa5f4000000,5
808f7fa5fc000000,4
808f7fa604000000,3
808f7fa60c000000,3
808f7fa614000000,3
808f7fa61c000000,3
808f7fa624000000,3
808f7fa62c000000,2
808f7fa634000000,2
808f7fa63c000000,3
808f7fa644000000,3
808f7fa64c000000,4
808f7fa654000000,4
808f7fa65c000000,3
808f7fa664000000,3
808f7fa66c000000,3
808f7fa674000000,4
808f7fa67c000000,4
808f7fa684000000,4
808f7fa68c000000,4
808f7fa694000000,3
808f7fa69c000000,4
808f7fa6a4000000,4
808f7fa6ac000000,4
808f7fa6b4000000,3
808f7fa6bc000000,3
808f7fa6c4000000,3
808f7fa6cc000000,3
808f7fa6d4000000,2
808f7fa6dc000000,3
808f7fa6e4000000,3
808f7fa6ec000000,3
808f7fa6f4000000,3
808f7fa6fc000000,4
808f7fa704000000,4
808f7fa70c000000,4
808f7fa714000000,4
808f7fa71c000000,4
808f7fa724000000,3
808f7fa72c000000,3
808f7fa734000000,3
808f7fa73c000000,4
808f7fa744000000,4
808f7fa74c000000,4
808f7fa754000000,3
808f7fa75c000000,3
808f7fa764000000,3
808f7fa76c000000,4
808f7fa774000000,3
808f7fa77c000000,3
808f7fa784000000,3
808f7fa78c000000,3
808f7fa794000000,3
808f7fa79c000000,3
808f7fa7a4000000,3
808f7fa7ac000000,4
808f7fa7b4000000,3
808f7fa7bc000000,3
808f7fa7c4000000,4
808f7fa7cc000000,3
808f7fa7d4000000,4
808f7fa7dc000000,4
808f7fa7e4000000,4
808f7fa7ec000000,4
808f7fa7f4000000,4
808f7fa7fc000000,4
808f7fa804000000,4
808f7fa80c000000,4
808f7fa814000000,4
808f7fa81c000000,4
808f7fa824000000,4
808f7fa82c000000,4
808f7fa834000000,4
808f7fa83c000000,4
808f7fa844000000,3
808f7fa84c000000,3
808f7fa854000000,3
808f7fa85c000000,3
808f7fa864000000,3
808f7fa86c000000,4
808f7fa874000000,4
808f7fa87c000000,3
808f7fa884000000,3
808f7fa88c000000,3
808f7fa894000000,3
808f7fa89c000000,2
808f7fa8a4000000,3
808f7fa8ac000000,4
808f7fa8b4000000,4
808f7fa8bc000000,4
808f7fa8c4000000,4
808f7fa8cc000000,4
808f7fa8d4000000,4
808f7fa8dc000000,4
808f7fa8e4000000,4
808f7fa8ec000000,3
808f7fa8f4000000,3
808f7fa8fc000000,3
808f7fa904000000,4
808f7fa90c000000,4
808f7fa914000000,4
808f7fa91c000000,4
808f7fa924000000,4
808f7fa92c000000,5
808f7fa934000000,5
808f7fa93c000000,4
808f7fa944000000,5
808f7fa94c000000,5
808f7fa954000000,5
808f7fa95c000000,5
808f7fa964000000,4
808f7fa96c000000,4
808f7fa974000000,4
808f7fa97c000000,4
808f7fa984000000,4
808f7fa98c000000,4
808f7fa994000000,4
808f7fa99c000000,4
808f7fa9a4000000,4
808f7fa9ac000000,4
808f7fa9b4000000,3
808f7fa9bc000000,4
808f7fa9c4000000,4
808f7fa9cc000000,3
808f7fa9d4000000,3
808f7fa9dc000000,3
808f7fa9e4000000,4
808f7fa9ec000000,4
808f7fa9f4000000,4
808f7fa9fc000000,4
808f7faa04000000,4
808f7faa0c000000,4
808f7faa14000000,4
808f7faa1c000000,4
808f7faa24000000,4
808f7faa2c000000,4
808f7faa34000000,4
808f7faa3c000000,4
808f7faa44000000,4
808f7faa4c000000,4
808f7faa54000000,5
808f7faa5c000000,4
808f7faa64000000,4
808f7faa6c000000,4
808f7faa74000000,4
808f7faa7c000000,4
808f7faa84000000,5
808f7faa8c000000,4
808f7faa94000000,4
808f7faa9c000000,5
808f7faaa4000000,5
808f7faaac000000,5
808f7faab4000000,4
808f7faabc000000,4
808f7faac4000000,4
808f7faacc000000,4
808f7faad4000000,4
808f7faadc000000,4
808f7faae4000000,5
808f7faaec000000,4
808f7faaf4000000,5
808f7faafc000000,5
808f7fab04000000,5
808f7fab0c000000,5
808f7fab14000000,5
808f7fab1c000000,5
808f7fab24000000,4
808f7fab2c000000,4
808f7fab34000000,4
808f7fab3c000000,5
808f7fab44000000,6
808f7fab4c000000,6
808f7fab54000000,6
808f7fab5c000000,6
808f7fab64000000,6
808f7fab6c000000,6
808f7fab74000000,5
808f7fab7c000000,5
808f7fab84000000,5
808f7fab8c000000,5
808f7fab94000000,5
808f7fab9c000000,5
808f7faba4000000,5
808f7fabac000000,5
808f7fabb4000000,5
808f7fabbc000000,5
808f7fabc4000000,5
808f7fabcc000000,5
808f7fabd4000000,4
808f7fabdc000000,5
808f7fabe4000000,5
808f7fabec000000,5
808f7fabf4000000,5
808f7fabfc000000,5
808f7fac04000000,5
808f7fac0c000000,5
808f7fac14000000,5
808f7fac1c000000,5
808f7fac24000000,4
808f7fac2c000000,5
808f7fac34000000,5
808f7fac3c000000,5
808f7fac44000000,5
808f7fac4c000000,6
808f7fac54000000,6
808f7fac5c000000,5
808f7fac64000000,5
808f7fac6c000000,5
808f7fac74000000,5
808f7fac7c000000,5
808f7fac84000000,6
808f7fac8c000000,7
808f7fac94000000,7
808f7fac9c000000,6
808f7faca4000000,6
808f7facac000000,6
808f7facb4000000,7
808f7facbc000000,7
808f7facc4000000,7
808f7faccc000000,7
808f7facd4000000,7
808f7facdc000000,7
808f7face4000000,7
808f7facec000000,7
808f7facf4000000,7
808f7facfc000000,8
808f7fad04000000,7
808f7fad0c000000,7
808f7fad14000000,8
808f7fad1c000000,8
808f7fad24000000,7
808f7fad2c000000,8
808f7fad34000000,8
808f7fad3c000000,8
808f7fad44000000,7
808f7fad4c000000,8
808f7fad54000000,8
808f7fad5c000000,8
808f7fad64000000,7
808f7fad6c000000,7
808f7fad74000000,6
808f7fad7c000000,6
808f7fad84000000,6
808f7fad8c000000,6
808f7fad94000000,5
808f7fad9c000000,4
808f7fada4000000,7
808f7fadac000000,6
808f7fadb4000000,5
808f7fadbc000000,5
808f7fadc4000000,5
808f7fadcc000000,5
808f7fadd4000000,5
808f7faddc000000,5
808f7fade4000000,6
808f7fadec000000,6
808f7fadf4000000,6
808f7fadfc000000,8
808f7fae04000000,8
808f7fae0c000000,7
808f7fae14000000,7
808f7fae1c000000,8
808f7fae24000000,7
808f7fae2c000000,5
808f7fae34000000,5
808f7fae3c000000,7
808f7fae44000000,7
808f7fae4c000000,7
808f7fae54000000,6
808f7fae5c000000,6
808f7fae64000000,6
808f7fae6c000000,7
808f7fae74000000,7
808f7fae7c000000,5
808f7fae84000000,5
808f7fae8c000000,5
808f7fae94000000,4
808f7fae9c000000,4
808f7faea4000000,5
808f7faeac000000,5
808f7faeb4000000,5
808f7faebc000000,4
808f7faec4000000,4
808f7faecc000000,4
808f7faed4000000,4
808f7faedc000000,5
808f7faee4000000,5
808f7faeec000000,4
808f7faef4000000,5
808f7faefc000000,5
808f7faf04000000,6
808f7faf0c000000,6
808f7faf14000000,4
808f7faf1c000000,4
808f7faf24000000,4
808f7faf2c000000,4
808f7faf34000000,4
808f7faf3c000000,4
808f7faf44000000,4
808f7faf4c000000,4
808f7faf54000000,4
808f7faf5c000000,5
808f7faf64000000,6
808f7faf6c000000,5
808f7faf74000000,6
808f7faf7c000000,5
808f7faf84000000,5
808f7faf8c000000,6
808f7faf94000000,5
808f7faf9c000000,5
808f7fafa4000000,6
808f7fafac000000,6
808f7fafb4000000,6
808f7fafbc000000,5
808f7fafc4000000,7
808f7fafcc000000,6
808f7fafd4000000,7
808f7fafdc000000,7
808f7fafe4000000,7
808f7fafec000000,7
808f7faff4000000,7
808f7faffc000000,6
808f7fb004000000,6
808f7fb00c000000,6
808f7fb014000000,6
808f7fb01c000000,6
808f7fb024000000,6
808f7fb02c000000,7
808f7fb034000000,6
808f7fb03c000000,6
808f7fb044000000,7
808f7fb04c000000,7
808f7fb054000000,8
808f7fb05c000000,6
808f7fb064000000,6
808f7fb06c000000,7
808f7fb074000000,7
808f7fb07c000000,6
808f7fb084000000,6
808f7fb08c000000,6
808f7fb094000000,6
808f7fb09c000000,6
808f7fb0a4000000,6
808f7fb0ac000000,5
808f7fb0b4000000,6
808f7fb0bc000000,6
808f7fb0c4000000,7
808f7fb0cc000000,8
808f7fb0d4000000,7
808f7fb0dc000000,7
808f7fb0e4000000,7
808f7fb0ec000000,7
808f7fb0f4000000,7
808f7fb0fc000000,7
808f7fb104000000,7
808f7fb10c000000,7
808f7fb114000000,8
808f7fb11c000000,7
808f7fb124000000,7
808f7fb12c000000,8
808f7fb134000000,8
808f7fb13c000000,8
808f7fb144000000,10
808f7fb14c000000,8
808f7fb154000000,10
808f7fb15c000000,10
808f7fb164000000,11
808f7fb16c000000,10
808f7fb174000000,9
808f7fb17c000000,10
808f7fb184000000,10
808f7fb18c000000,10
808f7fb194000000,8
808f7fb19c000000,9
808f7fb1a4000000,7
808f7fb1ac000000,7
808f7fb1b4000000,6
808f7fb1bc000000,7
808f7fb1c4000000,7
808f7fb1cc000000,7
808f7fb1d4000000,6
808f7fb1dc000000,7
808f7fb1e4000000,8
808f7fb1ec000000,7
808f7fb1f4000000,9
808f7fb1fc000000,8
808f7fb204000000,8
808f7fb20c000000,7
808f7fb214000000,9
808f7fb21c000000,9
808f7fb224000000,11
808f7fb22c000000,11
808f7fb234000000,10
808f7fb23c000000,10
808f7fb244000000,10
808f7fb24c000000,10
808f7fb254000000,10
808f7fb25c000000,9
808f7fb264000000,8
808f7fb26c000000,9
808f7fb274000000,6
808f7fb27c000000,7
808f7fb284000000,7
808f7fb28c000000,8
808f7fb294000000,8
808f7fb29c000000,8
808f7fb2a4000000,9
808f7fb2ac000000,7
808f7fb2b4000000,10
808f7fb2bc000000,9
808f7fb2c4000000,8
808f7fb2cc000000,9
808f7fb2d4000000,8
808f7fb2dc000000,8
808f7fb2e4000000,9
808f7fb2ec000000,8
808f7fb2f4000000,8
808f7fb2fc000000,10
808f7fb304000000,10
808f7fb30c000000,10
808f7fb314000000,10
808f7fb31c000000,10
808f7fb324000000,9
808f7fb32c000000,10
808f7fb334000000,10
808f7fb33c000000,10
808f7fb344000000,11
808f7fb34c000000,10
808f7fb354000000,12
808f7fb35c000000,11
808f7fb364000000,11
808f7fb36c000000,11
808f7fb374000000,11
808f7fb37c000000,12
808f7fb384000000,12
808f7fb38c000000,12
808f7fb394000000,11
808f7fb39c000000,11
808f7fb3a4000000,10
808f7fb3ac000000,10
808f7fb3b4000000,10
808f7fb3bc000000,11
808f7fb3c4000000,11
808f7fb3cc000000,11
808f7fb3d4000000,10
808f7fb3dc000000,9
808f7fb3e4000000,10
808f7fb3ec000000,11
808f7fb3f4000000,10
808f7fb3fc000000,10
808f7fb404000000,10
808f7fb40c000000,10
808f7fb414000000,10
808f7fb41c000000,10
808f7fb424000000,10
808f7fb42c000000,9
808f7fb434000000,11
808f7fb43c000000,10
808f7fb444000000,11
808f7fb44c000000,11
808f7fb454000000,11
808f7fb45c000000,13
808f7fb464000000,13
808f7fb46c000000,10
808f7fb474000000,12
808f7fb47c000000,12
808f7fb484000000,13
808f7fb48c000000,13
808f7fb494000000,12
808f7fb49c000000,13
808f7fb4a4000000,13
808f7fb4ac000000,11
808f7fb4b4000000,12
808f7fb4bc000000,12
808f7fb4c4000000,12
808f7fb4cc000000,12
808f7fb4d4000000,12
808f7fb4dc000000,12
808f7fb4e4000000,12
808f7fb4ec000000,13
808f7fb4f4000000,13
808f7fb4fc000000,13
808f7fb504000000,10
808f7fb50c000000,11
808f7fb514000000,11
808f7fb51c000000,12
808f7fb524000000,11
808f7fb52c000000,12
808f7fb534000000,10
808f7fb53c000000,10
808f7fb544000000,10
808f7fb54c000000,10
808f7fb554000000,9
808f7fb55c000000,8
808f7fb564000000,10
808f7fb56c000000,10
808f7fb574000000,11
808f7fb57c000000,10
808f7fb584000000,10
808f7fb58c000000,10
808f7fb594000000,10
808f7fb59c000000,10
808f7fb5a4000000,11
808f7fb5ac000000,11
808f7fb5b4000000,11
808f7fb5bc000000,10
808f7fb5c4000000,10
808f7fb5cc000000,10
808f7fb5d4000000,9
808f7fb5dc000000,9
808f7fb5e4000000,9
808f7fb5ec000000,9
808f7fb5f4000000,9
808f7fb5fc000000,9
808f7fb604000000,9
808f7fb60c000000,9
808f7fb614000000,8
808f7fb61c000000,9
808f7fb624000000,8
808f7fb62c000000,6
808f7fb634000000,6
808f7fb63c000000,7
808f7fb644000000,7
808f7fb64c000000,6
808f7fb654000000,7
808f7fb65c000000,7
808f7fb664000000,8
808f7fb66c000000,7
808f7fb674000000,8
808f7fb67c000000,8
808f7fb684000000,8
808f7fb68c000000,8
808f7fb694000000,8
808f7fb69c000000,8
808f7fb6a4000000,9
808f7fb6ac000000,10
808f7fb6b4000000,8
808f7fb6bc000000,8
808f7fb6c4000000,8
808f7fb6cc000000,8
808f7fb6d4000000,8
808f7fb6dc000000,7
808f7fb6e4000000,7
808f7fb6ec000000,8
808f7fb6f4000000,7
808f7fb6fc000000,7
808f7fb704000000,7
808f7fb70c000000,6
808f7fb714000000,6
808f7fb71c000000,7
808f7fb724000000,6
808f7fb72c000000,7
808f7fb734000000,6
808f7fb73c000000,5
808f7fb744000000,5
808f7fb74c000000,5
808f7fb754000000,5
808f7fb75c000000,5
808f7fb764000000,6
808f7fb76c000000,5
808f7fb774000000,7
808f7fb77c000000,5
808f7fb784000000,5
808f7fb78c000000,5
808f7fb794000000,6
808f7fb79c000000,7
808f7fb7a4000000,6
808f7fb7ac000000,6
808f7fb7b4000000,6
808f7fb7bc000000,7
808f7fb7c4000000,7
808f7fb7cc000000,6
808f7fb7d4000000,5
808f7fb7dc000000,6
808f7fb7e4000000,6
808f7fb7ec000000,6
808f7fb7f4000000,5
808f7fb7fc000000,5
808f7fb804000000,5
808f7fb80c000000,6
808f7fb814000000,5
808f7fb81c000000,5
808f7fb824000000,5
808f7fb82c000000,5
808f7fb834000000,5
808f7fb83c000000,5
808f7fb844000000,4
808f7fb84c000000,4
808f7fb854000000,4
808f7fb85c000000,4
808f7fb864000000,4
808f7fb86c000000,4
808f7fb874000000,5
808f7fb87c000000,5
808f7fb884000000,5
808f7fb88c000000,3
808f7fb894000000,3
808f7fb89c000000,5
808f7fb8a4000000,5
808f7fb8ac000000,5
808f7fb8b4000000,4
808f7fb8bc000000,5
808f7fb8c4000000,3
808f7fb8cc000000,4
808f7fb8d4000000,3
808f7fb8dc000000,3
808f7fb8e4000000,3
808f7fb8ec000000,3
808f7fb8f4000000,4
808f7fb8fc000000,4
808f7fb904000000,4
808f7fb90c000000,4
808f7fb914000000,4
808f7fb91c000000,4
808f7fb924000000,3
808f7fb92c000000,3
808f7fb934000000,3
808f7fb93c000000,4
808f7fb944000000,4
808f7fb94c000000,3
808f7fb954000000,4
808f7fb95c000000,3
808f7fb964000000,3
808f7fb96c000000,4
808f7fb974000000,4
808f7fb97c000000,4
808f7fb984000000,4
808f7fb98c000000,5
808f7fb994000000,4
808f7fb99c000000,4
808f7fb9a4000000,4
808f7fb9ac000000,4
808f7fb9b4000000,4
808f7fb9bc000000,4
808f7fb9c4000000,5
808f7fb9cc000000,5
808f7fb9d4000000,5
808f7fb9dc000000,5
808f7fb9e4000000,5
808f7fb9ec000000,5
808f7fb9f4000000,4
808f7fb9fc000000,4
808f7fba04000000,4
808f7fba0c000000,6
808f7fba14000000,4
808f7fba1c000000,4
808f7fba24000000,4
808f7fba2c000000,3
808f7fba34000000,4
808f7fba3c000000,4
808f7fba44000000,4
808f7fba4c000000,4
808f7fba54000000,4
808f7fba5c000000,6
808f7fba64000000,6
808f7fba6c000000,6
808f7fba74000000,6
808f7fba7c000000,6
808f7fba84000000,5
808f7fba8c000000,6
808f7fba94000000,6
808f7fba9c000000,6
808f7fbaa4000000,6
808f7fbaac000000,6
808f7fbab4000000,6
808f7fbabc000000,6
808f7fbac4000000,6
808f7fbacc000000,6
808f7fbad4000000,6
808f7fbadc000000,6
808f7fbae4000000,6
808f7fbaec000000,6
808f7fbaf4000000,6
808f7fbafc000000,6
808f7fbb04000000,4
808f7fbb0c000000,4
808f7fbb14000000,4
808f7fbb1c000000,5
808f7fbb24000000,5
808f7fbb2c000000,4
808f7fbb34000000,4
808f7fbb3c000000,4
808f7fbb44000000,3
808f7fbb4c000000,4
808f7fbb54000000,4
808f7fbb5c000000,3
808f7fbb64000000,3
808f7fbb6c000000,3
808f7fbb74000000,4
808f7fbb7c000000,3
808f7fbb84000000,3
808f7fbb8c000000,3
808f7fbb94000000,3
808f7fbb9c000000,4
808f7fbba4000000,4
808f7fbbac000000,4
808f7fbbb4000000,4
808f7fbbbc000000,4
808f7fbbc4000000,3
808f7fbbcc000000,4
808f7fbbd4000000,3
808f7fbbdc000000,3
808f7fbbe4000000,3
808f7fbbec000000,3
808f7fbbf4000000,3
808f7fbbfc000000,3
808f7fbc04000000,2
808f7fbc0c000000,2
808f7fbc14000000,2
808f7fbc1c000000,3
808f7fbc24000000,3
808f7fbc2c000000,3
808f7fbc34000000,3
808f7fbc3c000000,3
808f7fbc44000000,2
808f7fbc4c000000,2
808f7fbc54000000,2
808f7fbc5c000000,2
808f7fbc64000000,2
808f7fbc6c000000,2
808f7fbc74000000,2
808f7fbc7c000000,2
808f7fbc84000000,2
808f7fbc8c000000,2
808f7fbc94000000,3
808f7fbc9c000000,3
808f7fbca4000000,3
808f7fbcac000000,3
808f7fbcb4000000,3
808f7fbcbc000000,3
808f7fbcc4000000,3
808f7fbccc000000,3
808f7fbcd4000000,3
808f7fbcdc000000,3
808f7fbce4000000,2
808f7fbcec000000,2
808f7fbcf4000000,2
808f7fbcfc000000,2
808f7fbd04000000,2
808f7fbd0c000000,2
808f7fbd14000000,2
808f7fbd1c000000,2
808f7fbd24000000,3
808f7fbd2c000000,3
808f7fbd34000000,3
808f7fbd3c000000,2
808f7fbd44000000,2
808f7fbd4c000000,2
808f7fbd54000000,2
808f7fbd5c000000,2
808f7fbd64000000,2
808f7fbd6c000000,2
808f7fbd74000000,2
808f7fbd7c000000,1
808f7fbd84000000,1
808f7fbd8c000000,2
808f7fbd94000000,2
808f7fbd9c000000,2
808f7fbda4000000,2
808f7fbdac000000,2
808f7fbdb4000000,2
808f7fbdbc000000,2
808f7fbdc4000000,3
808f7fbdcc000000,3
808f7fbdd4000000,3
808f7fbddc000000,3
808f7fbde4000000,2
808f7fbdec000000,2
808f7fbdf4000000,2
808f7fbdfc000000,2
808f7fbe04000000,3
808f7fbe0c000000,2
808f7fbe14000000,3
808f7fbe1c000000,3
808f7fbe24000000,2
808f7fbe2c000000,2
808f7fbe34000000,3
808f7fbe3c000000,3
808f7fbe44000000,3
808f7fbe4c000000,3
808f7fbe54000000,3
808f7fbe5c000000,4
808f7fbe64000000,4
808f7fbe6c000000,4
808f7fbe74000000,3
808f7fbe7c000000,3
808f7fbe84000000,3
808f7fbe8c000000,3
808f7fbe94000000,3
808f7fbe9c000000,3
808f7fbea4000000,3
808f7fbeac000000,3
808f7fbeb4000000,3
808f7fbebc000000,3
808f7fbec4000000,3
808f7fbecc000000,3
808f7fbed4000000,3
808f7fbedc000000,4
808f7fbee4000000,4
808f7fbeec000000,4
808f7fbef4000000,4
808f7fbefc000000,4
808f7fbf04000000,4
808f7fbf0c000000,3
808f7fbf14000000,4
808f7fbf1c000000,4
808f7fbf24000000,4
808f7fbf2c000000,4
808f7fbf34000000,4
808f7fbf3c000000,4
808f7fbf44000000,4
808f7fbf4c000000,4
808f7fbf54000000,5
808f7fbf5c000000,5
808f7fbf64000000,4
808f7fbf6c000000,4
808f7fbf74000000,3
808f7fbf7c000000,4
808f7fbf84000000,4
808f7fbf8c000000,4
808f7fbf94000000,3
808f7fbf9c000000,3
808f7fbfa4000000,3
808f7fbfac000000,3
808f7fbfb4000000,3
808f7fbfbc000000,3
808f7fbfc4000000,3
808f7fbfcc000000,3
808f7fbfd4000000,2
808f7fbfdc000000,2
808f7fbfe4000000,3
808f7fbfec000000,4
808f7fbff4000000,3
808f7fbffc000000,3
808f7fc004000000,3
808f7fc00c000000,3
808f7fc014000000,4
808f7fc01c000000,3
808f7fc024000000,3
808f7fc02c000000,3
808f7fc034000000,4
808f7fc03c000000,4
808f7fc044000000,4
808f7fc04c000000,4
808f7fc054000000,4
808f7fc05c000000,4
808f7fc064000000,4
808f7fc06c000000,4
808f7fc074000000,3
808f7fc07c000000,4
808f7fc084000000,4
808f7fc08c000000,5
808f7fc094000000,5
808f7fc09c000000,5
808f7fc0a4000000,6
808f7fc0ac000000,6
808f7fc0b4000000,6
808f7fc0bc000000,5
808f7fc0c4000000,5
808f7fc0cc000000,5
808f7fc0d4000000,5
808f7fc0dc000000,4
808f7fc0e4000000,4
808f7fc0ec000000,5
808f7fc0f4000000,4
808f7fc0fc000000,4
808f7fc104000000,4
808f7fc10c000000,4
808f7fc114000000,4
808f7fc11c000000,4
808f7fc124000000,4
808f7fc12c000000,4
808f7fc134000000,4
808f7fc13c000000,4
808f7fc144000000,4
808f7fc14c000000,4
808f7fc154000000,4
808f7fc15c000000,4
808f7fc164000000,4
808f7fc16c000000,4
808f7fc174000000,4
808f7fc17c000000,4
808f7fc184000000,5
808f7fc18c000000,5
808f7fc194000000,5
808f7fc19c000000,4
808f7fc1a4000000,4
808f7fc1ac000000,4
808f7fc1b4000000,4
808f7fc1bc000000,4
808f7fc1c4000000,5
808f7fc1cc000000,4
808f7fc1d4000000,4
808f7fc1dc000000,5
808f7fc1e4000000,5
808f7fc1ec000000,5
808f7fc1f4000000,5
808f7fc1fc000000,5
808f7fc204000000,5
808f7fc20c000000,5
808f7fc214000000,5
808f7fc21c000000,5
808f7fc224000000,5
808f7fc22c000000,5
808f7fc234000000,5
808f7fc23c000000,5
808f7fc244000000,5
808f7fc24c000000,5
808f7fc254000000,5
808f7fc25c000000,5
808f7fc264000000,5
808f7fc26c000000,5
808f7fc274000000,5
808f7fc27c000000,5
808f7fc284000000,5
808f7fc28c000000,5
808f7fc294000000,5
808f7fc29c000000,5
808f7fc2a4000000,5
808f7fc2ac000000,5
808f7fc2b4000000,5
808f7fc2bc000000,5
808f7fc2c4000000,5
808f7fc2cc000000,5
808f7fc2d4000000,5
808f7fc2dc000000,5
808f7fc2e4000000,5
808f7fc2ec000000,5
808f7fc2f4000000,5
808f7fc2fc000000,5
808f7fc304000000,5
808f7fc30c000000,5
808f7fc314000000,5
808f7fc31c000000,5
808f7fc324000000,5
808f7fc32c000000,5
808f7fc334000000,5
808f7fc33c000000,5
808f7fc344000000,5
808f7fc34c000000,5
808f7fc354000000,5
808f7fc35c000000,5
808f7fc364000000,5
808f7fc36c000000,5
808f7fc374000000,5
808f7fc37c000000,5
808f7fc384000000,5
808f7fc38c000000,4
808f7fc394000000,5
808f7fc39c000000,5
808f7fc3a4000000,5
808f7fc3ac000000,5
808f7fc3b4000000,5
808f7fc3bc000000,5
808f7fc3c4000000,6
808f7fc3cc000000,6
808f7fc3d4000000,5
808f7fc3dc000000,4
808f7fc3e4000000,4
808f7fc3ec000000,5
808f7fc3f4000000,5
808f7fc3fc000000,5
808f7fc404000000,5
808f7fc40c000000,5
808f7fc414000000,5
808f7fc41c000000,4
808f7fc424000000,5
808f7fc42c000000,5
808f7fc434000000,4
808f7fc43c000000,5
808f7fc444000000,4
808f7fc44c000000,3
808f7fc454000000,4
808f7fc45c000000,4
808f7fc464000000,4
808f7fc46c000000,4
808f7fc474000000,4
808f7fc47c000000,4
808f7fc484000000,4
808f7fc48c000000,4
808f7fc494000000,4
808f7fc49c000000,5
808f7fc4a4000000,5
808f7fc4ac000000,5
808f7fc4b4000000,5
808f7fc4bc000000,5
808f7fc4c4000000,4
808f7fc4cc000000,5
808f7fc4d4000000,4
808f7fc4dc000000,4
808f7fc4e4000000,4
808f7fc4ec000000,4
808f7fc4f4000000,4
808f7fc4fc000000,4
808f7fc504000000,3
808f7fc50c000000,4
808f7fc514000000,4
808f7fc51c000000,4
808f7fc524000000,4
808f7fc52c000000,4
808f7fc534000000,5
808f7fc53c000000,5
808f7fc544000000,5
808f7fc54c000000,6
808f7fc554000000,5
808f7fc55c000000,5
808f7fc564000000,6
808f7fc56c000000,4
808f7fc574000000,5
808f7fc57c000000,6
808f7fc584000000,4
808f7fc58c000000,5
808f7fc594000000,4
808f7fc59c000000,4
808f7fc5a4000000,4
808f7fc5ac000000,3
808f7fc5b4000000,4
808f7fc5bc000000,4
808f7fc5c4000000,5
808f7fc5cc000000,4
808f7fc5d4000000,5
808f7fc5dc000000,5
808f7fc5e4000000,5
808f7fc5ec000000,5
808f7fc5f4000000,5
808f7fc5fc000000,5
808f7fc604000000,5
808f7fc60c000000,5
808f7fc614000000,6
808f7fc61c000000,6
808f7fc624000000,7
808f7fc62c000000,7
808f7fc634000000,7
808f7fc63c000000,7
808f7fc644000000,7
808f7fc64c000000,7
808f7fc654000000,7
808f7fc65c000000,7
808f7fc664000000,6
808f7fc66c000000,6
808f7fc674000000,6
808f7fc67c000000,6
808f7fc684000000,5
808f7fc68c000000,6
808f7fc694000000,5
808f7fc69c000000,5
808f7fc6a4000000,4
808f7fc6ac000000,4
808f7fc6b4000000,4
808f7fc6bc000000,4
808f7fc6c4000000,4
808f7fc6cc000000,4
808f7fc6d4000000,5
808f7fc6dc000000,6
808f7fc6e4000000,7
808f7fc6ec000000,6
808f7fc6f4000000,6
808f7fc6fc000000,7
808f7fc704000000,7
808f7fc70c000000,7
808f7fc714000000,6
808f7fc71c000000,7
808f7fc724000000,6
808f7fc72c000000,6
808f7fc734000000,6
808f7fc73c000000,6
808f7fc744000000,6
808f7fc74c000000,6
808f7fc754000000,5
808f7fc75c000000,5
808f7fc764000000,5
808f7fc76c000000,6
808f7fc774000000,5
808f7fc77c000000,5
808f7fc784000000,6
808f7fc78c000000,6
808f7fc794000000,6
808f7fc79c000000,6
808f7fc7a4000000,7
808f7fc7ac000000,7
808f7fc7b4000000,7
808f7fc7bc000000,7
808f7fc7c4000000,6
808f7fc7cc000000,7
808f7fc7d4000000,6
808f7fc7dc000000,4
808f7fc7e4000000,6
808f7fc7ec000000,5
808f7fc7f4000000,5
808f7fc7fc000000,6
808f7fc804000000,6
808f7fc80c000000,5
808f7fc814000000,5
808f7fc81c000000,6
808f7fc824000000,7
808f7fc82c000000,7
808f7fc834000000,7
808f7fc83c000000,6
808f7fc844000000,6
808f7fc84c000000,7
808f7fc854000000,7
808f7fc85c000000,7
808f7fc864000000,6
808f7fc86c000000,6
808f7fc874000000,5
808f7fc87c000000,6
808f7fc884000000,8
808f7fc88c000000,8
808f7fc894000000,8
808f7fc89c000000,7
808f7fc8a4000000,8
808f7fc8ac000000,7
808f7fc8b4000000,8
808f7fc8bc000000,9
808f7fc8c4000000,8
808f7fc8cc000000,9
808f7fc8d4000000,8
808f7fc8dc000000,8
808f7fc8e4000000,8
808f7fc8ec000000,8
808f7fc8f4000000,8
808f7fc8fc000000,7
808f7fc904000000,7
808f7fc90c000000,7
808f7fc914000000,7
808f7fc91c000000,8
808f7fc924000000,8
808f7fc92c000000,8
808f7fc934000000,8
808f7fc93c000000,8
808f7fc944000000,8
808f7fc94c000000,8
808f7fc954000000,7
808f7fc95c000000,6
808f7fc964000000,6
808f7fc96c000000,6
808f7fc974000000,6
808f7fc97c000000,6
808f7fc984000000,6
808f7fc98c000000,7
808f7fc994000000,7
808f7fc99c000000,6
808f7fc9a4000000,7
808f7fc9ac000000,7
808f7fc9b4000000,7
808f7fc9bc000000,7
808f7fc9c4000000,7
808f7fc9cc000000,8
808f7fc9d4000000,7
808f7fc9dc000000,7
808f7fc9e4000000,7
808f7fc9ec000000,7
808f7fc9f4000000,9
808f7fc9fc000000,9
808f7fca04000000,9
808f7fca0c000000,9
808f7fca14000000,9
808f7fca1c000000,9
808f7fca24000000,9
808f7fca2c000000,7
808f7fca34000000,9
808f7fca3c000000,9
808f7fca44000000,10
808f7fca4c000000,10
808f7fca54000000,10
808f7fca5c000000,10
808f7fca64000000,10
808f7fca6c000000,11
808f7fca74000000,10
808f7fca7c000000,10
808f7fca84000000,10
808f7fca8c000000,10
808f7fca94000000,10
808f7fca9c000000,10
808f7fcaa4000000,8
808f7fcaac000000,8
808f7fcab4000000,9
808f7fcabc000000,8
808f7fcac4000000,8
808f7fcacc000000,9
808f7fcad4000000,9
808f7fcadc000000,9
808f7fcae4000000,8
808f7fcaec000000,8
808f7fcaf4000000,9
808f7fcafc000000,9
808f7fcb04000000,9
808f7fcb0c000000,9
808f7fcb14000000,9
808f7fcb1c000000,9
808f7fcb24000000,10
808f7fcb2c000000,10
808f7fcb34000000,10
808f7fcb3c000000,10
808f7fcb44000000,10
808f7fcb4c000000,10
808f7fcb54000000,9
808f7fcb5c000000,8
808f7fcb64000000,8
808f7fcb6c000000,9
808f7fcb74000000,8
808f7fcb7c000000,7
808f7fcb84000000,7
808f7fcb8c000000,6
808f7fcb94000000,7
808f7fcb9c000000,7
808f7fcba4000000,9
808f7fcbac000000,9
808f7fcbb4000000,9
808f7fcbbc000000,7
808f7fcbc4000000,6
808f7fcbcc000000,7
808f7fcbd4000000,6
808f7fcbdc000000,6
808f7fcbe4000000,6
808f7fcbec000000,6
808f7fcbf4000000,6
808f7fcbfc000000,6
808f7fcc04000000,7
808f7fcc0c000000,6
808f7fcc14000000,7
808f7fcc1c000000,7
808f7fcc24000000,8
808f7fcc2c000000,8
808f7fcc34000000,8
808f7fcc3c000000,7
808f7fcc44000000,6
808f7fcc4c000000,8
808f7fcc54000000,6
808f7fcc5c000000,6
808f7fcc64000000,6
808f7fcc6c000000,6
808f7fcc74000000,6
808f7fcc7c000000,6
808f7fcc84000000,7
808f7fcc8c000000,6
808f7fcc94000000,7
808f7fcc9c000000,7
808f7fcca4000000,8
808f7fccac000000,8
808f7fccb4000000,8
808f7fccbc000000,7
808f7fccc4000000,7
808f7fcccc000000,6
808f7fccd4000000,5
808f7fccdc000000,5
808f7fcce4000000,5
808f7fccec000000,6
808f7fccf4000000,6
808f7fccfc000000,5
808f7fcd04000000,5
808f7fcd0c000000,6
808f7fcd14000000,5
808f7fcd1c000000,5
808f7fcd24000000,5
808f7fcd2c000000,5
808f7fcd34000000,5
808f7fcd3c000000,5
808f7fcd44000000,5
808f7fcd4c000000,5
808f7fcd54000000,5
808f7fcd5c000000,5
808f7fcd64000000,6
808f7fcd6c000000,6
808f7fcd74000000,7
808f7fcd7c000000,7
808f7fcd84000000,8
808f7fcd8c000000,9
808f7fcd94000000,9
808f7fcd9c000000,8
808f7fcda4000000,8
808f7fcdac000000,8
808f7fcdb4000000,8
808f7fcdbc000000,8
808f7fcdc4000000,8
808f7fcdcc000000,8
808f7fcdd4000000,8
808f7fcddc000000,9
808f7fcde4000000,9
808f7fcdec000000,9
808f7fcdf4000000,9
808f7fcdfc000000,9
808f7fce04000000,9
808f7fce0c000000,9
808f7fce14000000,9
808f7fce1c000000,8
808f7fce24000000,7
808f7fce2c000000,7
808f7fce34000000,7
808f7fce3c000000,8
808f7fce44000000,9
808f7fce4c000000,8
808f7fce54000000,9
808f7fce5c000000,8
808f7fce64000000,8
808f7fce6c000000,9
808f7fce74000000,9
808f7fce7c000000,8
808f7fce84000000,8
808f7fce8c000000,8
808f7fce94000000,8
808f7fce9c000000,8
808f7fcea4000000,7
808f7fceac000000,7
808f7fceb4000000,8
808f7fcebc000000,7
808f7fcec4000000,9
808f7fcecc000000,8
808f7fced4000000,8
808f7fcedc000000,9
808f7fcee4000000,9
808f7fceec000000,9
808f7fcef4000000,8
808f7fcefc000000,9
808f7fcf04000000,9
808f7fcf0c000000,8
808f7fcf14000000,9
808f7fcf1c000000,9
808f7fcf24000000,8
808f7fcf2c000000,7
808f7fcf34000000,8
808f7fcf3c000000,8
808f7fcf44000000,8
808f7fcf4c000000,8
808f7fcf54000000,6
808f7fcf5c000000,6
808f7fcf64000000,6
808f7fcf6c000000,7
808f7fcf74000000,7
808f7fcf7c000000,7
808f7fcf84000000,6
808f7fcf8c000000,6
808f7fcf94000000,6
808f7fcf9c000000,7
808f7fcfa4000000,8
808f7fcfac000000,8
808f7fcfb4000000,8
808f7fcfbc000000,8
808f7fcfc4000000,7
808f7fcfcc000000,8
808f7fcfd4000000,6
808f7fcfdc000000,7
808f7fcfe4000000,7
808f7fcfec000000,6
808f7fcff4000000,6
808f7fcffc000000,6
808f7fd004000000,6
808f7fd00c000000,6
808f7fd014000000,5
808f7fd01c000000,6
808f7fd024000000,6
808f7fd02c000000,6
808f7fd034000000,6
808f7fd03c000000,6
808f7fd044000000,5
808f7fd04c000000,6
808f7fd054000000,5
808f7fd05c000000,5
808f7fd064000000,6
808f7fd06c000000,5
808f7fd074000000,6
808f7fd07c000000,6
808f7fd084000000,6
808f7fd08c000000,6
808f7fd094000000,6
808f7fd09c000000,6
808f7fd0a4000000,7
808f7fd0ac000000,5
808f7fd0b4000000,5
808f7fd0bc000000,6
808f7fd0c4000000,5
808f7fd0cc000000,5
808f7fd0d4000000,6
808f7fd0dc000000,5
808f7fd0e4000000,5
808f7fd0ec000000,5
808f7fd0f4000000,6
808f7fd0fc000000,5
808f7fd104000000,6
808f7fd10c000000,7
808f7fd114000000,7
808f7fd11c000000,6
808f7fd124000000,7
808f7fd12c000000,6
808f7fd134000000,7
808f7fd13c000000,7
808f7fd144000000,8
808f7fd14c000000,7
808f7fd154000000,9
808f7fd15c000000,9
808f7fd164000000,9
808f7fd16c000000,8
808f7fd174000000,7
808f7fd17c000000,8
808f7fd184000000,8
808f7fd18c000000,8
808f7fd194000000,7
808f7fd19c000000,7
808f7fd1a4000000,7
808f7fd1ac000000,7
808f7fd1b4000000,6
808f7fd1bc000000,7
808f7fd1c4000000,6
808f7fd1cc000000,6
808f7fd1d4000000,6
808f7fd1dc000000,7
808f7fd1e4000000,8
808f7fd1ec000000,9
808f7fd1f4000000,9
808f7fd1fc000000,8
808f7fd204000000,9
808f7fd20c000000,9
808f7fd214000000,8
808f7fd21c000000,9
808f7fd224000000,8
808f7fd22c000000,8
808f7fd234000000,8
808f7fd23c000000,8
808f7fd244000000,8
808f7fd24c000000,9
808f7fd254000000,9
808f7fd25c000000,7
808f7fd264000000,8
808f7fd26c000000,8
808f7fd274000000,9
808f7fd27c000000,8
808f7fd284000000,8
808f7fd28c000000,8
808f7fd294000000,8
808f7fd29c000000,6
808f7fd2a4000000,6
808f7fd2ac000000,6
808f7fd2b4000000,5
808f7fd2bc000000,8
808f7fd2c4000000,8
808f7fd2cc000000,7
808f7fd2d4000000,7
808f7fd2dc000000,9
808f7fd2e4000000,9
808f7fd2ec000000,9
808f7fd2f4000000,8
808f7fd2fc000000,9
808f7fd304000000,10
808f7fd30c000000,10
808f7fd314000000,11
808f7fd31c000000,9
808f7fd324000000,9
808f7fd32c000000,9
808f7fd334000000,10
808f7fd33c000000,10
808f7fd344000000,10
808f7fd34c000000,9
808f7fd354000000,10
808f7fd35c000000,10
808f7fd364000000,10
808f7fd36c000000,10
808f7fd374000000,11
808f7fd37c000000,9
808f7fd384000000,11
808f7fd38c000000,11
808f7fd394000000,11
808f7fd39c000000,10
808f7fd3a4000000,9
808f7fd3ac000000,9
808f7fd3b4000000,9
808f7fd3bc000000,9
808f7fd3c4000000,10
808f7fd3cc000000,9
808f7fd3d4000000,8
808f7fd3dc000000,10
808f7fd3e4000000,10
808f7fd3ec000000,10
808f7fd3f4000000,11
808f7fd3fc000000,9
808f7fd404000000,9
808f7fd40c000000,9
808f7fd414000000,9
808f7fd41c000000,10
808f7fd424000000,9
808f7fd42c000000,8
808f7fd434000000,9
808f7fd43c000000,9
808f7fd444000000,9
808f7fd44c000000,9
808f7fd454000000,9
808f7fd45c000000,9
808f7fd464000000,9
808f7fd46c000000,9
808f7fd474000000,10
808f7fd47c000000,10
808f7fd484000000,11
808f7fd48c000000,9
808f7fd494000000,8
808f7fd49c000000,10
808f7fd4a4000000,10
808f7fd4ac000000,10
808f7fd4b4000000,9
808f7fd4bc000000,9
808f7fd4c4000000,9
808f7fd4cc000000,9
808f7fd4d4000000,9
808f7fd4dc000000,9
808f7fd4e4000000,9
808f7fd4ec000000,9
808f7fd4f4000000,9
808f7fd4fc000000,9
808f7fd504000000,9
808f7fd50c000000,9
808f7fd514000000,9
808f7fd51c000000,9
808f7fd524000000,9
808f7fd52c000000,8
808f7fd534000000,8
808f7fd53c000000,9
808f7fd544000000,8
808f7fd54c000000,8
808f7fd554000000,8
808f7fd55c000000,8
808f7fd564000000,8
808f7fd56c000000,9
808f7fd574000000,9
808f7fd57c000000,8
808f7fd584000000,8
808f7fd58c000000,7
808f7fd594000000,9
808f7fd59c000000,9
808f7fd5a4000000,8
808f7fd5ac000000,9
808f7fd5b4000000,8
808f7fd5bc000000,8
808f7fd5c4000000,8
808f7fd5cc000000,8
808f7fd5d4000000,8
808f7fd5dc000000,7
808f7fd5e4000000,5
808f7fd5ec000000,7
808f7fd5f4000000,5
808f7fd5fc000000,5
808f7fd604000000,6
808f7fd60c000000,6
808f7fd614000000,6
808f7fd61c000000,6
808f7fd624000000,5
808f7fd62c000000,5
808f7fd634000000,5
808f7fd63c000000,6
808f7fd644000000,6
808f7fd64c000000,6
808f7fd654000000,7
808f7fd65c000000,7
808f7fd664000000,7
808f7fd66c000000,6
808f7fd674000000,6
808f7fd67c000000,8
808f7fd684000000,8
808f7fd68c000000,8
808f7fd694000000,8
808f7fd69c000000,9
808f7fd6a4000000,10
808f7fd6ac000000,9
808f7fd6b4000000,8
808f7fd6bc000000,9
808f7fd6c4000000,8
808f7fd6cc000000,7
808f7fd6d4000000,6
808f7fd6dc000000,8
808f7fd6e4000000,7
808f7fd6ec000000,8
808f7fd6f4000000,7
808f7fd6fc000000,7
808f7fd704000000,7
808f7fd70c000000,5
808f7fd714000000,6
808f7fd71c000000,6
808f7fd724000000,7
808f7fd72c000000,6
808f7fd734000000,6
808f7fd73c000000,5
808f7fd744000000,6
808f7fd74c000000,5
808f7fd754000000,5
808f7fd75c000000,5
808f7fd764000000,5
808f7fd76c000000,5
808f7fd774000000,5
808f7fd77c000000,5
808f7fd784000000,5
808f7fd78c000000,4
808f7fd794000000,4
808f7fd79c000000,4
808f7fd7a4000000,4
808f7fd7ac000000,6
808f7fd7b4000000,5
808f7fd7bc000000,4
808f7fd7c4000000,4
808f7fd7cc000000,5
808f7fd7d4000000,5
808f7fd7dc000000,4
808f7fd7e4000000,4
808f7fd7ec000000,4
808f7fd7f4000000,4
808f7fd7fc000000,3
808f7fd804000000,3
808f7fd80c000000,3
808f7fd814000000,3
808f7fd81c000000,3
808f7fd824000000,3
808f7fd82c000000,3
808f7fd834000000,3
808f7fd83c000000,3
808f7fd844000000,3
808f7fd84c000000,3
808f7fd854000000,3
808f7fd85c000000,3
808f7fd864000000,3
808f7fd86c000000,3
808f7fd874000000,3
808f7fd87c000000,3
808f7fd884000000,2
808f7fd88c000000,3
808f7fd894000000,2
808f7fd89c000000,2
808f7fd8a4000000,2
808f7fd8ac000000,1
808f7fd8b4000000,1
808f7fd8bc000000,2
808f7fd8c4000000,3
808f7fd8cc000000,3
808f7fd8d4000000,3
808f7fd8dc000000,3
808f7fd8e4000000,3
808f7fd8ec000000,3
808f7fd8f4000000,3
808f7fd8fc000000,3
808f7fd904000000,3
808f7fd90c000000,3
808f7fd914000000,3
808f7fd91c000000,3
808f7fd924000000,3
808f7fd92c000000,3
808f7fd934000000,3
808f7fd93c000000,3
808f7fd944000000,4
808f7fd94c000000,4
808f7fd954000000,4
808f7fd95c000000,4
808f7fd964000000,4
808f7fd96c000000,4
808f7fd974000000,3
808f7fd97c000000,4
808f7fd984000000,3
808f7fd98c000000,3
808f7fd994000000,3
808f7fd99c000000,3
808f7fd9a4000000,3
808f7fd9ac000000,3
808f7fd9b4000000,3
808f7fd9bc000000,3
808f7fd9c4000000,3
808f7fd9cc000000,3
808f7fd9d4000000,3
808f7fd9dc000000,3
808f7fd9e4000000,4
808f7fd9ec000000,3
808f7fd9f4000000,3
808f7fd9fc000000,4
808f7fda04000000,6
808f7fda0c000000,6
808f7fda14000000,5
808f7fda1c000000,5
808f7fda24000000,4
808f7fda2c000000,4
808f7fda34000000,4
808f7fda3c000000,4
808f7fda44000000,5
808f7fda4c000000,4
808f7fda54000000,4
808f7fda5c000000,5
808f7fda64000000,6
808f7fda6c000000,6
808f7fda74000000,6
808f7fda7c000000,7
808f7fda84000000,6
808f7fda8c000000,7
808f7fda94000000,7
808f7fda9c000000,6
808f7fdaa4000000,7
808f7fdaac000000,7
808f7fdab4000000,7
808f7fdabc000000,7
808f7fdac4000000,6
808f7fdacc000000,5
808f7fdad4000000,4
808f7fdadc000000,5
808f7fdae4000000,5
808f7fdaec000000,6
808f7fdaf4000000,6
808f7fdafc000000,5
808f7fdb04000000,5
808f7fdb0c000000,5
808f7fdb14000000,5
808f7fdb1c000000,5
808f7fdb24000000,5
808f7fdb2c000000,5
808f7fdb34000000,5
808f7fdb3c000000,5
808f7fdb44000000,5
808f7fdb4c000000,5
808f7fdb54000000,5
808f7fdb5c000000,5
808f7fdb64000000,5
808f7fdb6c000000,5
808f7fdb74000000,5
808f7fdb7c000000,5
808f7fdb84000000,4
808f7fdb8c000000,4
808f7fdb94000000,4
808f7fdb9c000000,4
808f7fdba4000000,4
808f7fdbac000000,4
808f7fdbb4000000,4
808f7fdbbc000000,4
808f7fdbc4000000,4
808f7fdbcc000000,4
808f7fdbd4000000,4
808f7fdbdc000000,4
808f7fdbe4000000,4
808f7fdbec000000,4
808f7fdbf4000000,4
808f7fdbfc000000,4
808f7fdc04000000,4
808f7fdc0c000000,4
808f7fdc14000000,4
808f7fdc1c000000,4
808f7fdc24000000,4
808f7fdc2c000000,3
808f7fdc34000000,4
808f7fdc3c000000,4
808f7fdc44000000,4
808f7fdc4c000000,4
808f7fdc54000000,4
808f7fdc5c000000,4
808f7fdc64000000,4
808f7fdc6c000000,4
808f7fdc74000000,4
808f7fdc7c000000,4
808f7fdc84000000,5
808f7fdc8c000000,5
808f7fdc94000000,5
808f7fdc9c000000,5
808f7fdca4000000,5
808f7fdcac000000,5
808f7fdcb4000000,5
808f7fdcbc000000,5
808f7fdcc4000000,5
808f7fdccc000000,5
808f7fdcd4000000,5
808f7fdcdc000000,5
808f7fdce4000000,5
808f7fdcec000000,5
808f7fdcf4000000,5
808f7fdcfc000000,5
808f7fdd04000000,5
808f7fdd0c000000,5
808f7fdd14000000,5
808f7fdd1c000000,5
808f7fdd24000000,5
808f7fdd2c000000,5
808f7fdd34000000,5
808f7fdd3c000000,5
808f7fdd44000000,5
808f7fdd4c000000,5
808f7fdd54000000,5
808f7fdd5c000000,5
808f7fdd64000000,5
808f7fdd6c000000,5
808f7fdd74000000,5
808f7fdd7c000000,3
808f7fdd84000000,4
808f7fdd8c000000,3
808f7fdd94000000,4
808f7fdd9c000000,5
808f7fdda4000000,4
808f7fddac000000,4
808f7fddb4000000,4
808f7fddbc000000,5
808f7fddc4000000,4
808f7fddcc000000,4
808f7fddd4000000,4
808f7fdddc000000,4
808f7fdde4000000,3
808f7fddec000000,3
808f7fddf4000000,3
808f7fddfc000000,3
808f7fde04000000,3
808f7fde0c000000,3
808f7fde14000000,3
808f7fde1c000000,3
808f7fde24000000,3
808f7fde2c000000,3
808f7fde34000000,3
808f7fde3c000000,3
808f7fde44000000,3
808f7fde4c000000,3
808f7fde54000000,3
808f7fde5c000000,3
808f7fde64000000,3
808f7fde6c000000,3
808f7fde74000000,3
808f7fde7c000000,4
808f7fde84000000,3
808f7fde8c000000,3
808f7fde94000000,3
808f7fde9c000000,3
808f7fdea4000000,4
808f7fdeac000000,4
808f7fdeb4000000,4
808f7fdebc000000,3
808f7fdec4000000,3
808f7fdecc000000,3
808f7fded4000000,3
808f7fdedc000000,3
808f7fdee4000000,2
808f7fdeec000000,3
808f7fdef4000000,2
808f7fdefc000000,2
808f7fdf04000000,2
808f7fdf0c000000,2
808f7fdf14000000,1
808f7fdf1c000000,2
808f7fdf24000000,2
808f7fdf2c000000,3
808f7fdf34000000,2
808f7fdf3c000000,2
808f7fdf44000000,1
808f7fdf4c000000,1
808f7fdf54000000,1
808f7fdf5c000000,1
808f7fdf64000000,1
808f7fdf6c000000,1
808f7fdf74000000,2
808f7fdf7c000000,2
808f7fdf84000000,2
808f7fdf8c000000,2
808f7fdf94000000,2
808f7fdf9c000000,2
808f7fdfa4000000,2
808f7fdfac000000,3
808f7fdfb4000000,2
808f7fdfbc000000,2
808f7fdfc4000000,2
808f7fdfcc000000,2
808f7fdfd4000000,2
808f7fdfdc000000,2
808f7fdfe4000000,2
808f7fdfec000000,2
808f7fdff4000000,2
808f7fdffc000000,2
808f7fe004000000,2
808f7fe00c000000,2
808f7fe014000000,2
808f7fe01c000000,2
808f7fe024000000,2
808f7fe02c000000,2
808f7fe034000000,2
808f7fe03c000000,2
808f7fe044000000,2
808f7fe04c000000,2
808f7fe054000000,2
808f7fe05c000000,2
808f7fe064000000,2
808f7fe06c000000,2
808f7fe074000000,2
808f7fe07c000000,2
808f7fe084000000,2
808f7fe08c000000,2
808f7fe094000000,2
808f7fe09c000000,2
808f7fe0a4000000,2
808f7fe0ac000000,3
808f7fe0b4000000,2
808f7fe0bc000000,2
808f7fe0c4000000,2
808f7fe0cc000000,2
808f7fe0d4000000,2
808f7fe0dc000000,2
808f7fe0e4000000,2
808f7fe0ec000000,2
808f7fe0f4000000,2
808f7fe0fc000000,2
808f7fe104000000,2
808f7fe10c000000,2
808f7fe114000000,2
808f7fe11c000000,2
808f7fe124000000,2
808f7fe12c000000,2
808f7fe134000000,2
808f7fe13c000000,2
808f7fe144000000,2
808f7fe14c000000,2
808f7fe154000000,2
808f7fe15c000000,2
808f7fe164000000,2
808f7fe16c000000,2
808f7fe174000000,2
808f7fe17c000000,2
808f7fe184000000,2
808f7fe18c000000,2
808f7fe194000000,2
808f7fe19c000000,2
808f7fe1a4000000,2
808f7fe1ac000000,2
808f7fe1b4000000,2
808f7fe1bc000000,2
808f7fe1c4000000,2
808f7fe1cc000000,2
808f7fe1d4000000,2
808f7fe1dc000000,2
808f7fe1e4000000,2
808f7fe1ec000000,2
808f7fe1f4000000,2
808f7fe1fc000000,2
808f7fe204000000,1
808f7fe20c000000,1
808f7fe214000000,1
808f7fe21c000000,2
808f7fe224000000,2
808f7fe22c000000,2
808f7fe234000000,2
808f7fe23c000000,2
808f7fe244000000,1
808f7fe24c000000,1
808f7fe254000000,1
808f7fe25c000000,1
808f7fe264000000,1
808f7fe26c000000,1
808f7fe274000000,1
808f7fe27c000000,1
808f7fe284000000,1
808f7fe28c000000,1
808f7fe294000000,1
808f7fe29c000000,1
808f7fe2a4000000,1
808f7fe2ac000000,1
808f7fe2b4000000,1
808f7fe2bc000000,1
808f7fe2c4000000,1
808f7fe2cc000000,1
808f7fe2d4000000,1
808f7fe2dc000000,1
808f7fe2e4000000,1
808f7fe2ec000000,1
808f7fe2f4000000,1
808f7fe2fc000000,1
808f7fe304000000,1
808f7fe30c000000,1
808f7fe314000000,1
808f7fe31c000000,1
808f7fe324000000,1
808f7fe32c000000,1
808f7fe334000000,1
808f7fe33c000000,1
808f7fe344000000,1
808f7fe34c000000,1
808f7fe354000000,1
808f7fe35c000000,1
808f7fe364000000,1
808f7fe36c000000,1
808f7fe374000000,1
808f7fe37c000000,1
808f7fe384000000,2
808f7fe38c000000,2
808f7fe394000000,2
808f7fe39c000000,1
808f7fe3a4000000,1
808f7fe3ac000000,1
808f7fe3b4000000,1
808f7fe3bc000000,2
808f7fe3c4000000,2
808f7fe3cc000000,2
808f7fe3d4000000,2
808f7fe3dc000000,2
808f7fe3e4000000,2
808f7fe3ec000000,2
808f7fe3f4000000,2
808f7fe3fc000000,2
808f7fe404000000,2
808f7fe40c000000,2
808f7fe414000000,2
808f7fe41c000000,2
808f7fe424000000,2
808f7fe42c000000,2
808f7fe434000000,2
808f7fe43c000000,2
808f7fe444000000,2
808f7fe44c000000,2
808f7fe454000000,2
808f7fe45c000000,2
808f7fe464000000,2
808f7fe46c000000,2
808f7fe474000000,2
808f7fe47c000000,2
808f7fe484000000,2
808f7fe48c000000,2
808f7fe494000000,2
808f7fe49c000000,1
808f7fe4a4000000,1
808f7fe4ac000000,1
808f7fe4b4000000,1
808f7fe4bc000000,1
808f7fe4c4000000,2
808f7fe4cc000000,1
808f7fe4d4000000,1
808f7fe4dc000000,2
808f7fe4e4000000,2
808f7fe4ec000000,2
808f7fe4f4000000,2
808f7fe4fc000000,2
808f7fe504000000,2
808f7fe50c000000,2
808f7fe514000000,2
808f7fe51c000000,2
808f7fe524000000,2
808f7fe52c000000,2
808f7fe534000000,1
808f7fe53c000000,2
808f7fe544000000,2
808f7fe54c000000,1
808f7fe554000000,1
808f7fe55c000000,1
808f7fe564000000,2
808f7fe56c000000,2
808f7fe574000000,2
808f7fe57c000000,2
808f7fe584000000,2
808f7fe58c000000,2
808f7fe594000000,2
808f7fe59c000000,2
808f7fe5a4000000,2
808f7fe5ac000000,2
808f7fe5b4000000,2
808f7fe5bc000000,2
808f7fe5c4000000,2
808f7fe5cc000000,2
808f7fe5d4000000,2
808f7fe5dc000000,2
808f7fe5e4000000,2
808f7fe5ec000000,2
808f7fe5f4000000,2
808f7fe5fc000000,2
808f7fe604000000,2
808f7fe60c000000,2
808f7fe614000000,2
808f7fe61c000000,2
808f7fe624000000,2
808f7fe62c000000,3
808f7fe634000000,3
808f7fe63c000000,2
808f7fe644000000,2
808f7fe64c000000,2
808f7fe654000000,2
808f7fe65c000000,2
808f7fe664000000,2
808f7fe66c000000,2
808f7fe674000000,2
808f7fe67c000000,2
808f7fe684000000,2
808f7fe68c000000,2
808f7fe694000000,2
808f7fe69c000000,2
808f7fe6a4000000,2
808f7fe6ac000000,2
808f7fe6b4000000,2
808f7fe6bc000000,2
808f7fe6c4000000,2
808f7fe6cc000000,2
808f7fe6d4000000,2
808f7fe6dc000000,2
808f7fe6e4000000,2
808f7fe6ec000000,2
808f7fe6f4000000,2
808f7fe6fc000000,2
808f7fe704000000,2
808f7fe70c000000,2
808f7fe714000000,2
808f7fe71c000000,2
808f7fe724000000,2
808f7fe72c000000,2
808f7fe734000000,2
808f7fe73c000000,2
808f7fe744000000,2
808f7fe74c000000,2
808f7fe754000000,3
808f7fe75c000000,3
808f7fe764000000,3
808f7fe76c000000,3
808f7fe774000000,3
808f7fe77c000000,4
808f7fe784000000,4
808f7fe78c000000,4
808f7fe794000000,2
808f7fe79c000000,3
808f7fe7a4000000,3
808f7fe7ac000000,2
808f7fe7b4000000,3
808f7fe7bc000000,3
808f7fe7c4000000,2
808f7fe7cc000000,3
808f7fe7d4000000,3
808f7fe7dc000000,2
808f7fe7e4000000,3
808f7fe7ec000000,3
808f7fe7f4000000,4
808f7fe7fc000000,4
808f7fe804000000,4
808f7fe80c000000,4
808f7fe814000000,4
808f7fe81c000000,4
808f7fe824000000,4
808f7fe82c000000,4
808f7fe834000000,4
808f7fe83c000000,4
808f7fe844000000,4
808f7fe84c000000,4
808f7fe854000000,4
808f7fe85c000000,4
808f7fe864000000,3
808f7fe86c000000,4
808f7fe874000000,3
808f7fe87c000000,2
808f7fe884000000,3
808f7fe88c000000,2
808f7fe894000000,2
808f7fe89c000000,2
808f7fe8a4000000,2
808f7fe8ac000000,2
808f7fe8b4000000,2
808f7fe8bc000000,2
808f7fe8c4000000,2
808f7fe8cc000000,2
808f7fe8d4000000,1
808f7fe8dc000000,1
808f7fe8e4000000,1
808f7fe8ec000000,1
808f7fe8f4000000,2
808f7fe8fc000000,2
808f7fe904000000,3
808f7fe90c000000,3
808f7fe914000000,3
808f7fe91c000000,2
808f7fe924000000,1
808f7fe92c000000,1
808f7fe934000000,1
808f7fe93c000000,2
808f7fe944000000,3
808f7fe94c000000,1
808f7fe954000000,3
808f7fe95c000000,3
808f7fe964000000,3
808f7fe96c000000,3
808f7fe974000000,3
808f7fe97c000000,3
808f7fe984000000,4
808f7fe98c000000,4
808f7fe994000000,4
808f7fe99c000000,4
808f7fe9a4000000,4
808f7fe9ac000000,4
808f7fe9b4000000,4
808f7fe9bc000000,4
808f7fe9c4000000,4
808f7fe9cc000000,4
808f7fe9d4000000,4
808f7fe9dc000000,4
808f7fe9e4000000,4
808f7fe9ec000000,4
808f7fe9f4000000,4
808f7fe9fc000000,4
808f7fea04000000,4
808f7fea0c000000,4
808f7fea14000000,4
808f7fea1c000000,4
808f7fea24000000,4
808f7fea2c000000,4
808f7fea34000000,3
808f7fea3c000000,4
808f7fea44000000,3
808f7fea4c000000,3
808f7fea54000000,3
808f7fea5c000000,3
808f7fea64000000,3
808f7fea6c000000,3
808f7fea74000000,4
808f7fea7c000000,4
808f7fea84000000,4
808f7fea8c000000,3
808f7fea94000000,2
808f7fea9c000000,3
808f7feaa4000000,3
808f7feaac000000,3
808f7feab4000000,2
808f7feabc000000,2
808f7feac4000000,1
808f7feacc000000,1
808f7feadc000000,1
808f7feae4000000,1
808f7feaec000000,1
808f7feaf4000000,3
808f7feafc000000,3
808f7feb04000000,2
808f7feb0c000000,2
808f7feb1c000000,1
808f7feb74000000,2
808f7feb7c000000,1
808f7feb84000000,2
808f7feb8c000000,2
808f7feb94000000,3
808f7feb9c000000,2
808f7feba4000000,3
808f7febac000000,3
808f7febb4000000,3
808f7febbc000000,3
808f7febc4000000,3
808f7febcc000000,3
808f7febd4000000,3
808f7febdc000000,3
808f7febe4000000,3
808f7febec000000,3
808f7febf4000000,3
808f7febfc000000,3
808f7fec04000000,1
808f7fec0c000000,1
808f7fec14000000,1
808f7fec1c000000,1
808f7fec24000000,1
808f7fec2c000000,1
808f7fec3c000000,1
808f7fec6c000000,1
808f7fec74000000,1
808f7fec7c000000,1
808f7fee14000000,1
808f7fee24000000,1
808f7fee2c000000,1
808f7fee34000000,1
808f7fee3c000000,1
808f7fee44000000,1
808f7fee4c000000,1
808f7fee54000000,1
808f7fee5c000000,1
808f7fee64000000,1
808f7fee6c000000,1
808f7fee74000000,1
808f7fee7c000000,1
808f7fee84000000,1
808f7fee8c000000,1
808f7fee94000000,1
808f7fee9c000000,1
808f7feea4000000,1
808f7feeac000000,1
808f7feeb4000000,1
808f7feebc000000,1
808f7feec4000000,1
808f7feecc000000,1
808f7feed4000000,1
808f7feedc000000,1
808f7feee4000000,1
808f7feeec000000,1
808f7feef4000000,1
808f7feefc000000,1
808f7fef04000000,1
808f7fef0c000000,1
808f7fef14000000,2
808f7fef1c000000,1
808f7fef24000000,1
808f7fef2c000000,1
808f7fef34000000,2
808f7fef3c000000,2
808f7fef44000000,2
808f7fef4c000000,2
808f7fef54000000,2
808f7fef5c000000,2
808f7fef64000000,2
808f7fef6c000000,2
808f7fef74000000,2
808f7fef7c000000,2
808f7fef84000000,2
808f7fef8c000000,1
808f7fef94000000,1
808f7fef9c000000,1
808f7fefa4000000,1
808f7fefac000000,1
808f7fefb4000000,1
808f7fefbc000000,1
808f7fefc4000000,1
808f7fefcc000000,1
808f7fefd4000000,1
808f7fefdc000000,1
808f7fefe4000000,1
808f7fefec000000,1
808f7feff4000000,1
808f7feffc000000,1
808f7ff004000000,1
808f7ff00c000000,1
808f7ff014000000,1
808f7ff01c000000,1
808f7ff024000000,1
808f7ff02c000000,1
808f7ff034000000,1
808f7ff03c000000,1
808f7ff044000000,1
808f7ff04c000000,1
808f7ff06c000000,1
808f7ff074000000,1
808f7ff1b4000000,1
808f7ff1cc000000,1
808f7ff1d4000000,1
808f7ff1dc000000,1
808f7ffa94000000,1
808f7ffa9c000000,1
808f7ffaa4000000,1
808f7ffaac000000,1
808f7ffab4000000,1
808f7ffabc000000,1
808f7ffac4000000,1
808f7ffacc000000,1
808f7ffad4000000,1
808f7ffadc000000,1
808f7ffaec000000,1
808f7ffb24000000,1
808f7ffb2c000000,1
808f7ffb34000000,1
808f7ffb4c000000,1
808f7ffb54000000,1
808f7ffcac000000,1
808f7ffcb4000000,1
808f7ffcbc000000,1
808f7ffcc4000000,1
808f7ffccc000000,1
808f7ffcd4000000,1
808f7ffcdc000000,1
808f7ffd14000000,1
808f7ffd1c000000,1
808f7ffd24000000,1
808f7ffd2c000000,1
808f7ffd34000000,1
808f7ffd3c000000,1
808f7ffd44000000,1
808f7ffd4c000000,1
808f7ffd54000000,1
808f7ffd5c000000,1
808f7ffd64000000,1
808f7ffd6c000000,1
808f7ffd7c000000,1
